[INFO] 2026-07-04 11:05:11,495 autoreload 71293 137423250108544 Watching for file changes with StatReloader
[INFO] 2026-07-04 11:46:29,695 autoreload 92088 129701377335424 Watching for file changes with StatReloader
[INFO] 2026-07-04 11:48:24,760 autoreload 93594 137992206213248 Watching for file changes with StatReloader
[INFO] 2026-07-04 12:07:04,198 autoreload 104320 135468196393088 Watching for file changes with StatReloader
[INFO] 2026-07-04 12:16:08,087 autoreload 104320 135468196393088 /home/nimamakhmali/Documents/Rayan Pajouhan/Nazer-Bazaar/apps/cms/admin/cms_admin.py changed, reloading.
[INFO] 2026-07-04 12:16:09,519 autoreload 109392 130244261392512 Watching for file changes with StatReloader
[INFO] 2026-07-04 12:17:41,249 autoreload 109392 130244261392512 /home/nimamakhmali/Documents/Rayan Pajouhan/Nazer-Bazaar/apps/complaints/admin/complaint_admin.py changed, reloading.
[INFO] 2026-07-04 12:17:42,162 autoreload 110304 132366856962176 Watching for file changes with StatReloader
[INFO] 2026-07-04 12:18:50,244 autoreload 110304 132366856962176 /home/nimamakhmali/Documents/Rayan Pajouhan/Nazer-Bazaar/apps/pricing/models/official_price.py changed, reloading.
[INFO] 2026-07-04 12:18:51,143 autoreload 111008 133367560372352 Watching for file changes with StatReloader
[INFO] 2026-07-04 12:18:52,887 autoreload 111008 133367560372352 /home/nimamakhmali/Documents/Rayan Pajouhan/Nazer-Bazaar/apps/pricing/models/official_price.py changed, reloading.
[INFO] 2026-07-04 12:18:53,793 autoreload 111057 136116844777600 Watching for file changes with StatReloader
[INFO] 2026-07-04 12:19:06,946 autoreload 111057 136116844777600 /home/nimamakhmali/Documents/Rayan Pajouhan/Nazer-Bazaar/apps/pricing/models/official_price.py changed, reloading.
[INFO] 2026-07-04 12:19:08,068 autoreload 111323 133621187956864 Watching for file changes with StatReloader
[INFO] 2026-07-04 12:19:11,987 autoreload 111323 133621187956864 /home/nimamakhmali/Documents/Rayan Pajouhan/Nazer-Bazaar/apps/pricing/models/official_price.py changed, reloading.
[INFO] 2026-07-04 12:19:12,866 autoreload 111403 134964495405184 Watching for file changes with StatReloader
[INFO] 2026-07-04 12:19:32,975 autoreload 111403 134964495405184 /home/nimamakhmali/Documents/Rayan Pajouhan/Nazer-Bazaar/apps/pricing/models/official_price.py changed, reloading.
[INFO] 2026-07-04 12:19:33,989 autoreload 111607 125930883330176 Watching for file changes with StatReloader
[INFO] 2026-07-04 12:20:10,433 autoreload 111607 125930883330176 /home/nimamakhmali/Documents/Rayan Pajouhan/Nazer-Bazaar/apps/pricing/models/official_price.py changed, reloading.
[INFO] 2026-07-04 12:20:11,212 autoreload 112113 132862362038400 Watching for file changes with StatReloader
[INFO] 2026-07-04 12:20:13,594 autoreload 112113 132862362038400 /home/nimamakhmali/Documents/Rayan Pajouhan/Nazer-Bazaar/apps/pricing/models/official_price.py changed, reloading.
[INFO] 2026-07-04 12:20:14,488 autoreload 112180 133116777791616 Watching for file changes with StatReloader
[INFO] 2026-07-04 12:20:19,418 autoreload 112180 133116777791616 /home/nimamakhmali/Documents/Rayan Pajouhan/Nazer-Bazaar/apps/pricing/models/official_price.py changed, reloading.
[INFO] 2026-07-04 12:20:20,305 autoreload 112263 129733385265280 Watching for file changes with StatReloader
[INFO] 2026-07-04 12:20:26,037 autoreload 112263 129733385265280 /home/nimamakhmali/Documents/Rayan Pajouhan/Nazer-Bazaar/apps/pricing/models/official_price.py changed, reloading.
[INFO] 2026-07-04 12:20:27,050 autoreload 112359 140708709818496 Watching for file changes with StatReloader
[INFO] 2026-07-04 12:24:55,478 autoreload 116651 131249941753984 Watching for file changes with StatReloader
[INFO] 2026-07-04 12:25:21,127 autoreload 117835 135698414706816 Watching for file changes with StatReloader
[INFO] 2026-07-04 12:32:27,424 autoreload 125650 125645689446528 Watching for file changes with StatReloader
[INFO] 2026-07-04 15:06:39,139 signals 195119 135269817053312 New user created: 09944574949 with role: admin
[INFO] 2026-07-04 15:06:40,650 autoreload 195906 139592837640320 Watching for file changes with StatReloader
[INFO] 2026-07-04 15:08:09,652 autoreload 195906 139592837640320 /home/nimamakhmali/Documents/Rayan Pajouhan/Nazer-Bazaar/config/settings/base.py changed, reloading.
[INFO] 2026-07-04 15:08:10,574 autoreload 196879 138857505779840 Watching for file changes with StatReloader
[INFO] 2026-07-04 15:09:11,305 autoreload 198374 135696564744320 Watching for file changes with StatReloader
[INFO] 2026-07-04 15:09:36,762 autoreload 199692 125785815842944 Watching for file changes with StatReloader
[ERROR] 2026-07-04 15:09:39,690 exception 199692 125785087145664 Invalid HTTP_HOST header: '127.0.0.1:8000'. You may need to add '127.0.0.1' to ALLOWED_HOSTS.
Traceback (most recent call last):
  File "/home/nimamakhmali/Documents/Rayan Pajouhan/Nazer-Bazaar/venv/lib/python3.12/site-packages/django/core/handlers/exception.py", line 55, in inner
    response = get_response(request)
               ^^^^^^^^^^^^^^^^^^^^^
  File "/home/nimamakhmali/Documents/Rayan Pajouhan/Nazer-Bazaar/venv/lib/python3.12/site-packages/django/utils/deprecation.py", line 133, in __call__
    response = self.process_request(request)
               ^^^^^^^^^^^^^^^^^^^^^^^^^^^^^
  File "/home/nimamakhmali/Documents/Rayan Pajouhan/Nazer-Bazaar/venv/lib/python3.12/site-packages/django/middleware/common.py", line 48, in process_request
    host = request.get_host()
           ^^^^^^^^^^^^^^^^^^
  File "/home/nimamakhmali/Documents/Rayan Pajouhan/Nazer-Bazaar/venv/lib/python3.12/site-packages/django/http/request.py", line 150, in get_host
    raise DisallowedHost(msg)
django.core.exceptions.DisallowedHost: Invalid HTTP_HOST header: '127.0.0.1:8000'. You may need to add '127.0.0.1' to ALLOWED_HOSTS.
[WARNING] 2026-07-04 15:09:39,734 log 199692 125785087145664 Bad Request: /
[WARNING] 2026-07-04 15:09:39,734 basehttp 199692 125785087145664 "GET / HTTP/1.1" 400 83451
[ERROR] 2026-07-04 15:09:49,905 exception 199692 125785087145664 Invalid HTTP_HOST header: '127.0.0.1:8000'. You may need to add '127.0.0.1' to ALLOWED_HOSTS.
Traceback (most recent call last):
  File "/home/nimamakhmali/Documents/Rayan Pajouhan/Nazer-Bazaar/venv/lib/python3.12/site-packages/django/core/handlers/exception.py", line 55, in inner
    response = get_response(request)
               ^^^^^^^^^^^^^^^^^^^^^
  File "/home/nimamakhmali/Documents/Rayan Pajouhan/Nazer-Bazaar/venv/lib/python3.12/site-packages/django/utils/deprecation.py", line 133, in __call__
    response = self.process_request(request)
               ^^^^^^^^^^^^^^^^^^^^^^^^^^^^^
  File "/home/nimamakhmali/Documents/Rayan Pajouhan/Nazer-Bazaar/venv/lib/python3.12/site-packages/django/middleware/common.py", line 48, in process_request
    host = request.get_host()
           ^^^^^^^^^^^^^^^^^^
  File "/home/nimamakhmali/Documents/Rayan Pajouhan/Nazer-Bazaar/venv/lib/python3.12/site-packages/django/http/request.py", line 150, in get_host
    raise DisallowedHost(msg)
django.core.exceptions.DisallowedHost: Invalid HTTP_HOST header: '127.0.0.1:8000'. You may need to add '127.0.0.1' to ALLOWED_HOSTS.
[WARNING] 2026-07-04 15:09:49,939 log 199692 125785087145664 Bad Request: /docs
[WARNING] 2026-07-04 15:09:49,940 basehttp 199692 125785087145664 "GET /docs HTTP/1.1" 400 83495
[ERROR] 2026-07-04 15:09:55,160 exception 199692 125785087145664 Invalid HTTP_HOST header: '127.0.0.1:8000'. You may need to add '127.0.0.1' to ALLOWED_HOSTS.
Traceback (most recent call last):
  File "/home/nimamakhmali/Documents/Rayan Pajouhan/Nazer-Bazaar/venv/lib/python3.12/site-packages/django/core/handlers/exception.py", line 55, in inner
    response = get_response(request)
               ^^^^^^^^^^^^^^^^^^^^^
  File "/home/nimamakhmali/Documents/Rayan Pajouhan/Nazer-Bazaar/venv/lib/python3.12/site-packages/django/utils/deprecation.py", line 133, in __call__
    response = self.process_request(request)
               ^^^^^^^^^^^^^^^^^^^^^^^^^^^^^
  File "/home/nimamakhmali/Documents/Rayan Pajouhan/Nazer-Bazaar/venv/lib/python3.12/site-packages/django/middleware/common.py", line 48, in process_request
    host = request.get_host()
           ^^^^^^^^^^^^^^^^^^
  File "/home/nimamakhmali/Documents/Rayan Pajouhan/Nazer-Bazaar/venv/lib/python3.12/site-packages/django/http/request.py", line 150, in get_host
    raise DisallowedHost(msg)
django.core.exceptions.DisallowedHost: Invalid HTTP_HOST header: '127.0.0.1:8000'. You may need to add '127.0.0.1' to ALLOWED_HOSTS.
[WARNING] 2026-07-04 15:09:55,206 log 199692 125785087145664 Bad Request: /api/docs
[WARNING] 2026-07-04 15:09:55,207 basehttp 199692 125785087145664 "GET /api/docs HTTP/1.1" 400 83539
[ERROR] 2026-07-04 15:09:59,199 exception 199692 125785087145664 Invalid HTTP_HOST header: '127.0.0.1:8000'. You may need to add '127.0.0.1' to ALLOWED_HOSTS.
Traceback (most recent call last):
  File "/home/nimamakhmali/Documents/Rayan Pajouhan/Nazer-Bazaar/venv/lib/python3.12/site-packages/django/core/handlers/exception.py", line 55, in inner
    response = get_response(request)
               ^^^^^^^^^^^^^^^^^^^^^
  File "/home/nimamakhmali/Documents/Rayan Pajouhan/Nazer-Bazaar/venv/lib/python3.12/site-packages/django/utils/deprecation.py", line 133, in __call__
    response = self.process_request(request)
               ^^^^^^^^^^^^^^^^^^^^^^^^^^^^^
  File "/home/nimamakhmali/Documents/Rayan Pajouhan/Nazer-Bazaar/venv/lib/python3.12/site-packages/django/middleware/common.py", line 48, in process_request
    host = request.get_host()
           ^^^^^^^^^^^^^^^^^^
  File "/home/nimamakhmali/Documents/Rayan Pajouhan/Nazer-Bazaar/venv/lib/python3.12/site-packages/django/http/request.py", line 150, in get_host
    raise DisallowedHost(msg)
django.core.exceptions.DisallowedHost: Invalid HTTP_HOST header: '127.0.0.1:8000'. You may need to add '127.0.0.1' to ALLOWED_HOSTS.
[WARNING] 2026-07-04 15:09:59,239 log 199692 125785087145664 Bad Request: /
[WARNING] 2026-07-04 15:09:59,240 basehttp 199692 125785087145664 "GET / HTTP/1.1" 400 83451
[INFO] 2026-07-04 15:11:15,215 autoreload 199692 125785815842944 /home/nimamakhmali/Documents/Rayan Pajouhan/Nazer-Bazaar/config/settings/development.py changed, reloading.
[INFO] 2026-07-04 15:11:16,162 autoreload 200697 125283293212800 Watching for file changes with StatReloader
[WARNING] 2026-07-04 15:11:22,052 log 200697 125282564437696 Not Found: /
[WARNING] 2026-07-04 15:11:22,053 basehttp 200697 125282564437696 "GET / HTTP/1.1" 404 16957
[INFO] 2026-07-04 15:11:22,077 basehttp 200697 125282564437696 "GET /static/debug_toolbar/css/toolbar.css HTTP/1.1" 200 16675
[INFO] 2026-07-04 15:11:22,079 basehttp 200697 125282552899264 "GET /static/debug_toolbar/js/toolbar.js HTTP/1.1" 200 14601
[INFO] 2026-07-04 15:11:22,085 basehttp 200697 125282544506560 "GET /static/debug_toolbar/css/print.css HTTP/1.1" 200 43
[INFO] 2026-07-04 15:11:22,129 basehttp 200697 125282564437696 "GET /static/debug_toolbar/js/utils.js HTTP/1.1" 200 4742
[INFO] 2026-07-04 15:11:32,057 basehttp 200697 125282564437696 "GET /api/docs HTTP/1.1" 301 0
[INFO] 2026-07-04 15:11:32,252 basehttp 200697 125282544506560 "GET /api/docs/ HTTP/1.1" 200 18244
[INFO] 2026-07-04 15:11:34,505 basehttp 200697 125282544506560 "GET /api/schema/ HTTP/1.1" 200 315061
[ERROR] 2026-07-04 15:48:43,076 basehttp 200697 125282552899264 "GET /__debug__/render_panel/?store_id=7fbceeb83ee145d5b35267e10b108e4f&panel_id=StaticFilesPanel HTTP/1.1" 500 59
[ERROR] 2026-07-04 15:48:44,816 basehttp 200697 125282552899264 "GET /__debug__/render_panel/?store_id=7fbceeb83ee145d5b35267e10b108e4f&panel_id=HistoryPanel HTTP/1.1" 500 59
[ERROR] 2026-07-04 15:48:50,505 basehttp 200697 125282552899264 "GET / HTTP/1.1" 500 59
[INFO] 2026-07-04 15:52:00,768 autoreload 257531 133190160150656 Watching for file changes with StatReloader
[WARNING] 2026-07-04 15:52:03,834 log 257531 133189432460992 Not Found: /
[WARNING] 2026-07-04 15:52:03,834 basehttp 257531 133189432460992 "GET / HTTP/1.1" 404 16956
[WARNING] 2026-07-04 15:52:18,639 log 257531 133189432460992 Not Found: /redoc
[WARNING] 2026-07-04 15:52:18,640 basehttp 257531 133189432460992 "GET /redoc HTTP/1.1" 404 16993
[WARNING] 2026-07-04 15:52:29,991 log 257531 133189432460992 Not Found: /dashboard
[WARNING] 2026-07-04 15:52:29,991 basehttp 257531 133189432460992 "GET /dashboard HTTP/1.1" 404 17008
[INFO] 2026-07-04 15:52:47,144 basehttp 257531 133189432460992 "GET /admin HTTP/1.1" 301 0
[INFO] 2026-07-04 15:52:47,272 basehttp 257531 133189432460992 "GET /admin/ HTTP/1.1" 302 0
[INFO] 2026-07-04 15:52:47,349 basehttp 257531 133189432460992 "GET /admin/login/?next=/admin/ HTTP/1.1" 200 17751
[INFO] 2026-07-04 15:52:47,420 basehttp 257531 133189432460992 "GET /static/admin/css/base.css HTTP/1.1" 200 21310
[INFO] 2026-07-04 15:52:47,427 basehttp 257531 133189349668544 "GET /static/admin/css/dark_mode.css HTTP/1.1" 200 2929
[INFO] 2026-07-04 15:52:47,429 basehttp 257531 133189341275840 "GET /static/admin/css/nav_sidebar.css HTTP/1.1" 200 2694
[INFO] 2026-07-04 15:52:47,432 basehttp 257531 133189324490432 "GET /static/admin/css/responsive.css HTTP/1.1" 200 18559
[INFO] 2026-07-04 15:52:47,435 basehttp 257531 133189332883136 "GET /static/admin/css/login.css HTTP/1.1" 200 958
[INFO] 2026-07-04 15:52:47,440 basehttp 257531 133189332883136 "GET /static/admin/js/theme.js HTTP/1.1" 200 1943
[INFO] 2026-07-04 15:52:47,441 basehttp 257531 133189349668544 "GET /static/admin/js/nav_sidebar.js HTTP/1.1" 200 3063
[INFO] 2026-07-04 15:52:59,136 basehttp 257531 133189349668544 "POST /admin/login/?next=/admin/ HTTP/1.1" 302 0
[INFO] 2026-07-04 15:52:59,337 basehttp 257531 133189349668544 "GET /admin/ HTTP/1.1" 200 38582
[INFO] 2026-07-04 15:52:59,399 basehttp 257531 133189349668544 "GET /static/admin/css/dashboard.css HTTP/1.1" 200 441
[INFO] 2026-07-04 15:52:59,447 basehttp 257531 133189349668544 "GET /static/admin/img/icon-addlink.svg HTTP/1.1" 200 331
[INFO] 2026-07-04 15:52:59,447 basehttp 257531 133189432460992 "GET /static/admin/img/icon-viewlink.svg HTTP/1.1" 200 581
[INFO] 2026-07-04 15:52:59,448 basehttp 257531 133189332883136 "GET /static/admin/img/icon-changelink.svg HTTP/1.1" 200 380
[WARNING] 2026-07-04 16:05:18,234 log 257531 133189349668544 Not Found: /
[WARNING] 2026-07-04 16:05:18,234 basehttp 257531 133189349668544 "GET / HTTP/1.1" 404 16954
[WARNING] 2026-07-04 16:11:25,376 log 257531 133189349668544 Not Found: /api
[WARNING] 2026-07-04 16:11:25,377 basehttp 257531 133189349668544 "GET /api HTTP/1.1" 404 16984
[WARNING] 2026-07-04 16:11:30,084 log 257531 133189349668544 Not Found: /api/v1
[WARNING] 2026-07-04 16:11:30,084 basehttp 257531 133189349668544 "GET /api/v1 HTTP/1.1" 404 16997
[INFO] 2026-07-04 16:11:37,763 basehttp 257531 133189349668544 "GET /silk HTTP/1.1" 301 0
[INFO] 2026-07-04 16:11:38,087 basehttp 257531 133189349668544 "GET /silk/ HTTP/1.1" 200 31178
[INFO] 2026-07-04 16:11:38,100 basehttp 257531 133189349668544 "GET /static/silk/css/components/fonts.css HTTP/1.1" 200 1622
[INFO] 2026-07-04 16:11:38,108 basehttp 257531 133189314000576 "GET /static/silk/css/components/cell.css HTTP/1.1" 200 557
[INFO] 2026-07-04 16:11:38,108 basehttp 257531 133189324490432 "GET /static/silk/css/components/colors.css HTTP/1.1" 200 205
[INFO] 2026-07-04 16:11:38,109 basehttp 257531 133189305607872 "GET /static/silk/css/components/row.css HTTP/1.1" 200 1135
[INFO] 2026-07-04 16:11:38,109 basehttp 257531 133189341275840 "GET /static/silk/css/pages/base.css HTTP/1.1" 200 1693
[INFO] 2026-07-04 16:11:38,109 basehttp 257531 133189432460992 "GET /static/silk/lib/jquery-ui-1.13.1.min.css HTTP/1.1" 200 29615
[INFO] 2026-07-04 16:11:38,115 basehttp 257531 133189305607872 "GET /static/silk/css/pages/root_base.css HTTP/1.1" 200 3749
[INFO] 2026-07-04 16:11:38,116 basehttp 257531 133189314000576 "GET /static/silk/lib/jquery.datetimepicker.css HTTP/1.1" 200 17870
[INFO] 2026-07-04 16:11:38,116 basehttp 257531 133189324490432 "GET /static/silk/css/components/numeric.css HTTP/1.1" 200 142
[INFO] 2026-07-04 16:11:38,116 basehttp 257531 133189341275840 "GET /static/silk/css/pages/summary.css HTTP/1.1" 200 596
[INFO] 2026-07-04 16:11:38,117 basehttp 257531 133189432460992 "GET /static/silk/lib/jquery-3.6.0.min.js HTTP/1.1" 200 89501
[INFO] 2026-07-04 16:11:38,143 basehttp 257531 133189349668544 "GET /static/silk/lib/jquery-ui-1.13.1.min.js HTTP/1.1" 200 255083
[INFO] 2026-07-04 16:11:38,147 basehttp 257531 133189349668544 "GET /static/silk/js/components/cell.js HTTP/1.1" 200 731
[INFO] 2026-07-04 16:11:38,169 basehttp 257531 133189341275840 "GET /static/silk/js/pages/base.js HTTP/1.1" 200 265
[INFO] 2026-07-04 16:11:38,170 basehttp 257531 133189305607872 "GET /static/silk/js/components/filters.js HTTP/1.1" 200 1309
[INFO] 2026-07-04 16:11:38,171 basehttp 257531 133189314000576 "GET /static/silk/js/pages/root_base.js HTTP/1.1" 200 439
[INFO] 2026-07-04 16:11:38,172 basehttp 257531 133189432460992 "GET /static/silk/js/pages/summary.js HTTP/1.1" 200 174
[INFO] 2026-07-04 16:11:38,173 basehttp 257531 133189324490432 "GET /static/silk/lib/jquery.datetimepicker.js HTTP/1.1" 200 78385
[INFO] 2026-07-04 16:11:38,216 basehttp 257531 133189324490432 "GET /static/silk/filter2.png HTTP/1.1" 200 3006
[INFO] 2026-07-04 16:11:38,236 basehttp 257531 133189314000576 "GET /static/silk/fonts/fira/FiraSans-Light.woff HTTP/1.1" 200 95406
[INFO] 2026-07-04 16:11:38,237 basehttp 257531 133189432460992 "GET /static/silk/fonts/fira/FiraSans-Medium.woff HTTP/1.1" 200 89883
[INFO] 2026-07-04 16:11:38,335 basehttp 257531 133189314000576 "GET /static/silk/favicon-16x16.png HTTP/1.1" 200 825
[INFO] 2026-07-04 16:11:42,663 basehttp 257531 133189314000576 "GET /silk/request/fae4310e-01de-4c0c-9ec2-3d07e0c689fc/ HTTP/1.1" 200 24956
[INFO] 2026-07-04 16:11:42,678 basehttp 257531 133189314000576 "GET /static/silk/css/components/heading.css HTTP/1.1" 200 247
[INFO] 2026-07-04 16:11:42,678 basehttp 257531 133189305607872 "GET /static/silk/js/pages/request.js HTTP/1.1" 200 31
[INFO] 2026-07-04 16:11:42,678 basehttp 257531 133189324490432 "GET /static/silk/css/pages/request.css HTTP/1.1" 200 913
[INFO] 2026-07-04 16:11:42,679 basehttp 257531 133189341275840 "GET /static/silk/lib/highlight/highlight.pack.js HTTP/1.1" 200 10481
[INFO] 2026-07-04 16:11:42,679 basehttp 257531 133189432460992 "GET /static/silk/lib/highlight/foundation.css HTTP/1.1" 200 1582
[INFO] 2026-07-04 16:11:42,806 basehttp 257531 133189314000576 "GET /static/silk/fonts/fantasque/FantasqueSansMono-Bold.woff HTTP/1.1" 200 51496
[INFO] 2026-07-04 16:11:42,808 basehttp 257531 133189432460992 "GET /static/silk/fonts/fantasque/FantasqueSansMono-Regular.woff HTTP/1.1" 200 52092
[INFO] 2026-07-04 16:11:42,809 basehttp 257531 133189341275840 "GET /static/silk/fonts/fira/FiraSans-LightItalic.woff HTTP/1.1" 200 98125
[INFO] 2026-07-04 16:11:42,829 basehttp 257531 133189341275840 "GET /static/silk/fonts/fantasque/FantasqueSansMono-RegItalic.woff HTTP/1.1" 200 56336
[INFO] 2026-07-04 16:11:48,000 basehttp 257531 133189341275840 "GET /silk/request/c303ff09-ddce-4366-8a58-1ec263b579c8/ HTTP/1.1" 200 24044
[INFO] 2026-07-04 16:12:00,685 basehttp 257531 133189341275840 "GET /api/schema HTTP/1.1" 301 0
[INFO] 2026-07-04 16:12:01,806 basehttp 257531 133189432460992 "GET /api/schema/ HTTP/1.1" 200 158441
[INFO] 2026-07-04 16:12:45,383 basehttp 257531 133189432460992 "GET /api/redoc HTTP/1.1" 301 0
[INFO] 2026-07-04 16:12:45,494 basehttp 257531 133189314000576 "GET /api/redoc/ HTTP/1.1" 200 14320
[INFO] 2026-07-04 16:12:47,719 basehttp 257531 133189314000576 "GET /api/schema/ HTTP/1.1" 200 158441
[INFO] 2026-07-08 18:51:08,347 autoreload 716081 139754798850176 Watching for file changes with StatReloader
[WARNING] 2026-07-08 18:51:24,812 log 716081 139754070865600 Not Found: /
[WARNING] 2026-07-08 18:51:24,813 basehttp 716081 139754070865600 "GET / HTTP/1.1" 404 16957
[INFO] 2026-07-08 18:51:24,906 basehttp 716081 139754070865600 "GET /static/debug_toolbar/css/toolbar.css HTTP/1.1" 200 16675
[INFO] 2026-07-08 18:51:24,907 basehttp 716081 139754059327168 "GET /static/debug_toolbar/js/toolbar.js HTTP/1.1" 200 14601
[INFO] 2026-07-08 18:51:24,961 basehttp 716081 139754059327168 "GET /static/debug_toolbar/css/print.css HTTP/1.1" 200 43
[INFO] 2026-07-08 18:51:25,023 basehttp 716081 139754059327168 "GET /static/debug_toolbar/js/utils.js HTTP/1.1" 200 4742
[WARNING] 2026-07-08 18:52:15,316 log 716081 139754059327168 Not Found: /swagger/
[WARNING] 2026-07-08 18:52:15,316 basehttp 716081 139754059327168 "GET /swagger/ HTTP/1.1" 404 17007
[WARNING] 2026-07-08 18:52:34,856 log 716081 139754059327168 Not Found: /swagger/api/docs
[WARNING] 2026-07-08 18:52:34,857 basehttp 716081 139754059327168 "GET /swagger/api/docs HTTP/1.1" 404 17039
[WARNING] 2026-07-08 18:52:45,555 log 716081 139754059327168 Not Found: /swagger/api/docs/
[WARNING] 2026-07-08 18:52:45,556 basehttp 716081 139754059327168 "GET /swagger/api/docs/ HTTP/1.1" 404 17043
[WARNING] 2026-07-08 18:53:00,859 log 716081 139754059327168 Not Found: /swagger/api/redoc
[WARNING] 2026-07-08 18:53:00,860 basehttp 716081 139754059327168 "GET /swagger/api/redoc HTTP/1.1" 404 17043
[INFO] 2026-07-08 18:53:16,867 basehttp 716081 139754049885888 "GET /admin HTTP/1.1" 301 0
[INFO] 2026-07-08 18:53:17,106 basehttp 716081 139754041493184 "GET /admin/ HTTP/1.1" 302 0
[INFO] 2026-07-08 18:53:17,293 basehttp 716081 139754041493184 "GET /admin/login/?next=/admin/ HTTP/1.1" 200 17753
[INFO] 2026-07-08 18:53:17,370 basehttp 716081 139754041493184 "GET /static/admin/css/base.css HTTP/1.1" 200 21310
[INFO] 2026-07-08 18:53:17,390 basehttp 716081 139754029954752 "GET /static/debug_toolbar/css/toolbar.css HTTP/1.1" 200 16675
[INFO] 2026-07-08 18:53:17,394 basehttp 716081 139753672406720 "GET /static/admin/css/dark_mode.css HTTP/1.1" 200 2929
[INFO] 2026-07-08 18:53:17,395 basehttp 716081 139754021562048 "GET /static/debug_toolbar/js/toolbar.js HTTP/1.1" 200 14601
[INFO] 2026-07-08 18:53:17,397 basehttp 716081 139753664014016 "GET /static/admin/css/nav_sidebar.css HTTP/1.1" 200 2694
[INFO] 2026-07-08 18:53:17,399 basehttp 716081 139754049885888 "GET /static/admin/css/responsive.css HTTP/1.1" 200 18559
[INFO] 2026-07-08 18:53:17,401 basehttp 716081 139753672406720 "GET /static/admin/css/login.css HTTP/1.1" 200 958
[INFO] 2026-07-08 18:53:17,408 basehttp 716081 139754021562048 "GET /static/admin/js/nav_sidebar.js HTTP/1.1" 200 3063
[INFO] 2026-07-08 18:53:17,410 basehttp 716081 139754049885888 "GET /static/debug_toolbar/css/print.css HTTP/1.1" 200 43
[INFO] 2026-07-08 18:53:17,410 basehttp 716081 139753664014016 "GET /static/admin/js/theme.js HTTP/1.1" 200 1943
[INFO] 2026-07-08 18:53:17,544 basehttp 716081 139754021562048 "GET /static/debug_toolbar/js/utils.js HTTP/1.1" 200 4742
[WARNING] 2026-07-08 18:53:17,766 log 716081 139754021562048 Not Found: /favicon.ico
[WARNING] 2026-07-08 18:53:17,766 basehttp 716081 139754021562048 "GET /favicon.ico HTTP/1.1" 404 17018
[INFO] 2026-07-08 18:53:20,646 basehttp 716081 139754021562048 "POST /admin/login/?next=/admin/ HTTP/1.1" 200 17938
[WARNING] 2026-07-08 18:53:29,287 log 716081 139754021562048 Not Found: /docs
[WARNING] 2026-07-08 18:53:29,288 basehttp 716081 139754021562048 "GET /docs HTTP/1.1" 404 16991
[WARNING] 2026-07-08 18:53:35,889 log 716081 139754021562048 Not Found: /api
[WARNING] 2026-07-08 18:53:35,890 basehttp 716081 139754021562048 "GET /api HTTP/1.1" 404 16986
[INFO] 2026-07-08 18:53:46,150 basehttp 716081 139754021562048 "GET /api/schema HTTP/1.1" 301 0
[INFO] 2026-07-08 18:53:47,826 basehttp 716081 139753664014016 "GET /api/schema/ HTTP/1.1" 200 158441
[INFO] 2026-07-08 18:53:58,650 basehttp 716081 139753664014016 "GET /api/docs HTTP/1.1" 301 0
[INFO] 2026-07-08 18:53:58,774 basehttp 716081 139754049885888 "GET /api/docs/ HTTP/1.1" 200 18242
[INFO] 2026-07-08 18:54:00,952 basehttp 716081 139754049885888 "GET /api/schema/ HTTP/1.1" 200 315061
[WARNING] 2026-07-08 18:54:10,006 log 716081 139754049885888 Not Found: /
[WARNING] 2026-07-08 18:54:10,007 basehttp 716081 139754049885888 "GET / HTTP/1.1" 404 16957
[INFO] 2026-07-08 18:56:20,698 signals 719968 135747512873088 New user created: 09308986947 with role: admin
[INFO] 2026-07-08 18:56:32,409 autoreload 720849 130982692544640 Watching for file changes with StatReloader
[INFO] 2026-07-08 18:56:53,616 autoreload 721841 138896732225664 Watching for file changes with StatReloader
[WARNING] 2026-07-08 18:57:35,848 log 721841 138896004347584 Not Found: /
[WARNING] 2026-07-08 18:57:35,851 basehttp 721841 138896004347584 "GET / HTTP/1.1" 404 16957
[WARNING] 2026-07-08 18:57:36,903 log 721841 138896004347584 Not Found: /
[WARNING] 2026-07-08 18:57:36,904 basehttp 721841 138896004347584 "GET / HTTP/1.1" 404 16956
[INFO] 2026-07-08 18:57:44,266 basehttp 721841 138896004347584 "GET /admin/ HTTP/1.1" 302 0
[INFO] 2026-07-08 18:57:44,469 basehttp 721841 138896004347584 "GET /admin/login/?next=/admin/ HTTP/1.1" 200 17753
[INFO] 2026-07-08 18:57:53,347 basehttp 721841 138896004347584 "POST /admin/login/?next=/admin/ HTTP/1.1" 302 0
[INFO] 2026-07-08 18:57:53,722 basehttp 721841 138896004347584 "GET /admin/ HTTP/1.1" 200 38583
[INFO] 2026-07-08 18:57:53,803 basehttp 721841 138896004347584 "GET /static/admin/css/dashboard.css HTTP/1.1" 200 441
[INFO] 2026-07-08 18:57:53,860 basehttp 721841 138896004347584 "GET /static/admin/img/icon-addlink.svg HTTP/1.1" 200 331
[INFO] 2026-07-08 18:57:53,861 basehttp 721841 138895979173568 "GET /static/admin/img/icon-viewlink.svg HTTP/1.1" 200 581
[INFO] 2026-07-08 18:57:53,861 basehttp 721841 138895995954880 "GET /static/admin/img/icon-changelink.svg HTTP/1.1" 200 380
[INFO] 2026-07-08 18:58:30,839 basehttp 721841 138896004347584 "GET /admin/geography/province/ HTTP/1.1" 200 36232
[INFO] 2026-07-08 18:58:30,881 basehttp 721841 138896004347584 "GET /static/admin/css/changelists.css HTTP/1.1" 200 6566
[INFO] 2026-07-08 18:58:30,885 basehttp 721841 138895995954880 "GET /static/admin/css/forms.css HTTP/1.1" 200 9090
[INFO] 2026-07-08 18:58:30,905 basehttp 721841 138895995954880 "GET /static/admin/js/admin/RelatedObjectLookups.js HTTP/1.1" 200 8943
[INFO] 2026-07-08 18:58:30,908 basehttp 721841 138895744296640 "GET /static/admin/js/core.js HTTP/1.1" 200 5682
[INFO] 2026-07-08 18:58:30,909 basehttp 721841 138895752689344 "GET /static/admin/js/jquery.init.js HTTP/1.1" 200 347
[INFO] 2026-07-08 18:58:30,912 basehttp 721841 138895969732288 "GET /static/admin/js/vendor/jquery/jquery.js HTTP/1.1" 200 292458
[INFO] 2026-07-08 18:58:30,922 basehttp 721841 138895744296640 "GET /static/admin/css/widgets.css HTTP/1.1" 200 11921
[INFO] 2026-07-08 18:58:30,927 basehttp 721841 138895752689344 "GET /static/admin/js/actions.js HTTP/1.1" 200 7872
[INFO] 2026-07-08 18:58:30,928 basehttp 721841 138895969732288 "GET /static/admin/js/urlify.js HTTP/1.1" 200 7887
[INFO] 2026-07-08 18:58:30,951 basehttp 721841 138896004347584 "GET /static/admin/js/prepopulate.js HTTP/1.1" 200 1531
[INFO] 2026-07-08 18:58:30,956 basehttp 721841 138895995954880 "GET /static/admin/js/vendor/xregexp/xregexp.js HTTP/1.1" 200 232381
[INFO] 2026-07-08 18:58:30,978 basehttp 721841 138895995954880 "GET /static/admin/img/search.svg HTTP/1.1" 200 458
[INFO] 2026-07-08 18:58:31,030 basehttp 721841 138895995954880 "GET /static/admin/js/filters.js HTTP/1.1" 200 978
[INFO] 2026-07-08 18:58:31,155 basehttp 721841 138895979173568 "GET /admin/jsi18n/ HTTP/1.1" 200 3343
[INFO] 2026-07-08 18:58:31,217 basehttp 721841 138895979173568 "GET /static/admin/img/tooltag-add.svg HTTP/1.1" 200 331
[INFO] 2026-07-08 18:58:38,876 basehttp 721841 138895979173568 "GET /admin/geography/province/add/ HTTP/1.1" 200 38516
[INFO] 2026-07-08 18:58:38,921 basehttp 721841 138895995954880 "GET /static/admin/js/collapse.js HTTP/1.1" 200 1803
[INFO] 2026-07-08 18:58:38,926 basehttp 721841 138896004347584 "GET /static/admin/js/prepopulate_init.js HTTP/1.1" 200 586
[INFO] 2026-07-08 18:58:38,990 basehttp 721841 138896004347584 "GET /static/admin/js/change_form.js HTTP/1.1" 200 606
[INFO] 2026-07-08 18:58:39,089 basehttp 721841 138895979173568 "GET /admin/jsi18n/ HTTP/1.1" 200 3343
[INFO] 2026-07-08 18:59:05,589 basehttp 721841 138895979173568 "POST /admin/geography/province/add/ HTTP/1.1" 302 0
[INFO] 2026-07-08 18:59:06,041 basehttp 721841 138895979173568 "GET /admin/geography/province/ HTTP/1.1" 200 38868
[INFO] 2026-07-08 18:59:06,262 basehttp 721841 138895979173568 "GET /admin/jsi18n/ HTTP/1.1" 200 3343
[INFO] 2026-07-08 18:59:06,342 basehttp 721841 138896004347584 "GET /static/admin/img/sorting-icons.svg HTTP/1.1" 200 1097
[INFO] 2026-07-08 18:59:06,344 basehttp 721841 138895979173568 "GET /static/admin/img/icon-yes.svg HTTP/1.1" 200 436
[INFO] 2026-07-08 18:59:43,492 basehttp 721841 138895979173568 "POST /admin/geography/province/ HTTP/1.1" 302 0
[INFO] 2026-07-08 18:59:43,882 basehttp 721841 138895979173568 "GET /admin/geography/province/ HTTP/1.1" 200 38657
[INFO] 2026-07-08 18:59:44,154 basehttp 721841 138895979173568 "GET /admin/jsi18n/ HTTP/1.1" 200 3343
[INFO] 2026-07-08 18:59:51,041 basehttp 721841 138895979173568 "GET /admin/geography/province/1/change/ HTTP/1.1" 200 38821
[INFO] 2026-07-08 18:59:51,187 basehttp 721841 138895979173568 "GET /admin/jsi18n/ HTTP/1.1" 200 3343
[INFO] 2026-07-08 18:59:54,691 basehttp 721841 138895979173568 "GET /admin/geography/province/ HTTP/1.1" 200 38657
[INFO] 2026-07-08 18:59:56,244 basehttp 721841 138895979173568 "GET /admin/geography/province/1/change/ HTTP/1.1" 200 38821
[INFO] 2026-07-08 18:59:56,442 basehttp 721841 138895979173568 "GET /admin/jsi18n/ HTTP/1.1" 200 3343
[INFO] 2026-07-08 19:00:06,914 basehttp 721841 138895979173568 "POST /admin/geography/province/1/change/ HTTP/1.1" 302 0
[INFO] 2026-07-08 19:00:07,126 basehttp 721841 138895979173568 "GET /admin/geography/province/add/ HTTP/1.1" 200 38767
[INFO] 2026-07-08 19:00:07,305 basehttp 721841 138895979173568 "GET /admin/jsi18n/ HTTP/1.1" 200 3343
[INFO] 2026-07-08 19:00:09,450 basehttp 721841 138895979173568 "POST /admin/geography/province/add/ HTTP/1.1" 200 38726
[INFO] 2026-07-08 19:00:09,659 basehttp 721841 138895979173568 "GET /admin/jsi18n/ HTTP/1.1" 200 3343
[INFO] 2026-07-08 19:00:13,292 basehttp 721841 138895979173568 "GET /admin/geography/province/ HTTP/1.1" 200 38657
[INFO] 2026-07-08 19:00:13,427 basehttp 721841 138895979173568 "GET /admin/jsi18n/ HTTP/1.1" 200 3343
[INFO] 2026-07-08 19:00:25,394 basehttp 721841 138895979173568 "GET /admin/geography/city/ HTTP/1.1" 200 36194
[INFO] 2026-07-08 19:00:25,615 basehttp 721841 138895979173568 "GET /admin/jsi18n/ HTTP/1.1" 200 3343
[INFO] 2026-07-08 19:00:28,045 basehttp 721841 138895979173568 "GET /admin/geography/city/add/ HTTP/1.1" 200 40178
[INFO] 2026-07-08 19:00:28,087 basehttp 721841 138895752689344 "GET /static/admin/js/vendor/select2/i18n/en.js HTTP/1.1" 200 844
[INFO] 2026-07-08 19:00:28,090 basehttp 721841 138896004347584 "GET /static/admin/css/vendor/select2/select2.css HTTP/1.1" 200 17358
[INFO] 2026-07-08 19:00:28,090 basehttp 721841 138895995954880 "GET /static/admin/css/autocomplete.css HTTP/1.1" 200 9114
[INFO] 2026-07-08 19:00:28,101 basehttp 721841 138895744296640 "GET /static/admin/js/autocomplete.js HTTP/1.1" 200 1060
[INFO] 2026-07-08 19:00:28,119 basehttp 721841 138895995954880 "GET /static/admin/img/icon-deletelink.svg HTTP/1.1" 200 392
[INFO] 2026-07-08 19:00:28,127 basehttp 721841 138895969732288 "GET /static/admin/js/vendor/select2/select2.full.js HTTP/1.1" 200 173566
[INFO] 2026-07-08 19:00:28,291 basehttp 721841 138895979173568 "GET /admin/jsi18n/ HTTP/1.1" 200 3343
[INFO] 2026-07-08 19:00:29,780 basehttp 721841 138895979173568 "GET /admin/autocomplete/?app_label=geography&model_name=city&field_name=province HTTP/1.1" 200 99
[INFO] 2026-07-08 19:00:30,026 basehttp 721841 138895979173568 "GET /__debug__/history_sidebar/?store_id=3cca86585a5d46cd932dc8ae296f3b0c HTTP/1.1" 200 10295
[INFO] 2026-07-08 19:00:32,045 basehttp 721841 138895979173568 "GET /admin/autocomplete/?app_label=geography&model_name=city&field_name=province HTTP/1.1" 200 99
[INFO] 2026-07-08 19:00:32,291 basehttp 721841 138895979173568 "GET /__debug__/history_sidebar/?store_id=0b2f10f458354bde9737043394db39a7 HTTP/1.1" 200 10295
[INFO] 2026-07-08 19:00:49,650 basehttp 721841 138895979173568 "POST /admin/geography/city/add/ HTTP/1.1" 302 0
[INFO] 2026-07-08 19:00:50,067 basehttp 721841 138895979173568 "GET /admin/geography/city/ HTTP/1.1" 200 38653
[INFO] 2026-07-08 19:00:50,288 basehttp 721841 138895979173568 "GET /admin/jsi18n/ HTTP/1.1" 200 3343
[INFO] 2026-07-08 19:01:02,370 basehttp 721841 138895979173568 "GET /admin/geography/city/1/change/ HTTP/1.1" 200 40553
[INFO] 2026-07-08 19:01:02,546 basehttp 721841 138895979173568 "GET /admin/jsi18n/ HTTP/1.1" 200 3343
[INFO] 2026-07-08 19:01:08,236 basehttp 721841 138895979173568 "GET /admin/geography/province/1/change/?_to_field=id HTTP/1.1" 200 38880
[INFO] 2026-07-08 19:01:08,461 basehttp 721841 138895979173568 "GET /admin/jsi18n/ HTTP/1.1" 200 3343
[INFO] 2026-07-08 19:01:13,915 basehttp 721841 138895979173568 "GET /admin/geography/city/1/change/ HTTP/1.1" 200 40553
[INFO] 2026-07-08 19:02:20,711 basehttp 721841 138895979173568 "GET /admin/ HTTP/1.1" 200 39515
[INFO] 2026-07-08 19:02:45,254 basehttp 721841 138895979173568 "GET /admin/accounts/user/ HTTP/1.1" 200 40502
[INFO] 2026-07-08 19:02:45,346 basehttp 721841 138895995954880 "GET /static/admin/img/icon-no.svg HTTP/1.1" 200 560
[INFO] 2026-07-08 19:02:45,440 basehttp 721841 138895979173568 "GET /admin/jsi18n/ HTTP/1.1" 200 3343
[INFO] 2026-07-08 19:04:31,910 basehttp 721841 138895979173568 "GET /admin/stores/store/ HTTP/1.1" 200 36787
[INFO] 2026-07-08 19:04:32,078 basehttp 721841 138895979173568 "GET /admin/jsi18n/ HTTP/1.1" 200 3343
[WARNING] 2026-07-08 19:04:37,702 log 721841 138895979173568 Not Found: /
[WARNING] 2026-07-08 19:04:37,703 basehttp 721841 138895979173568 "GET / HTTP/1.1" 404 16956
[INFO] 2026-07-08 19:04:49,233 basehttp 721841 138895979173568 "GET /api/docs HTTP/1.1" 301 0
[INFO] 2026-07-08 19:04:49,470 basehttp 721841 138895995954880 "GET /api/docs/ HTTP/1.1" 200 18245
[INFO] 2026-07-08 19:04:50,817 basehttp 721841 138895995954880 "GET /api/schema/ HTTP/1.1" 200 315061
[WARNING] 2026-07-08 19:08:09,262 log 721841 138895995954880 Bad Request: /api/v1/auth/login/
[WARNING] 2026-07-08 19:08:09,262 basehttp 721841 138895995954880 "POST /api/v1/auth/login/ HTTP/1.1" 400 175
[INFO] 2026-07-08 19:08:09,507 basehttp 721841 138895995954880 "GET /__debug__/history_sidebar/?store_id=2744ed3f5be64edd894c84e968e29975 HTTP/1.1" 200 10231
[WARNING] 2026-07-08 19:08:30,721 log 721841 138895995954880 Bad Request: /api/v1/auth/login/
[WARNING] 2026-07-08 19:08:30,722 basehttp 721841 138895995954880 "POST /api/v1/auth/login/ HTTP/1.1" 400 175
[INFO] 2026-07-08 19:08:30,980 basehttp 721841 138895995954880 "GET /__debug__/history_sidebar/?store_id=828547856c314fea8ba4a294598fb66a HTTP/1.1" 200 10231
[WARNING] 2026-07-08 19:09:28,705 log 721841 138895995954880 Bad Request: /api/v1/auth/login/
[WARNING] 2026-07-08 19:09:28,706 basehttp 721841 138895995954880 "POST /api/v1/auth/login/ HTTP/1.1" 400 175
[INFO] 2026-07-08 19:09:28,956 basehttp 721841 138895995954880 "GET /__debug__/history_sidebar/?store_id=e520f00d3fae45fc9cc3c39da628e0d7 HTTP/1.1" 200 10231
[WARNING] 2026-07-08 19:10:13,116 log 721841 138895995954880 Unauthorized: /api/v1/auth/login/
[WARNING] 2026-07-08 19:10:13,116 basehttp 721841 138895995954880 "POST /api/v1/auth/login/ HTTP/1.1" 401 134
[INFO] 2026-07-08 19:10:13,378 basehttp 721841 138895995954880 "GET /__debug__/history_sidebar/?store_id=8200cc12f6f04556a7debcf637cffd77 HTTP/1.1" 200 10231
[WARNING] 2026-07-08 19:10:38,994 log 721841 138895995954880 Unauthorized: /api/v1/auth/login/
[WARNING] 2026-07-08 19:10:38,995 basehttp 721841 138895995954880 "POST /api/v1/auth/login/ HTTP/1.1" 401 134
[INFO] 2026-07-08 19:10:39,264 basehttp 721841 138895995954880 "GET /__debug__/history_sidebar/?store_id=3fb09656727a4a1d815b9555ef68ac65 HTTP/1.1" 200 10231
[INFO] 2026-07-08 19:10:57,258 base_service 721841 138895995954880 User logged in with password: 09944574949
[INFO] 2026-07-08 19:10:57,508 basehttp 721841 138895995954880 "POST /api/v1/auth/login/ HTTP/1.1" 200 1083
[INFO] 2026-07-08 19:10:57,753 basehttp 721841 138895995954880 "GET /__debug__/history_sidebar/?store_id=bb942e08d86747328fce81f7d9af3b38 HTTP/1.1" 200 10231
[INFO] 2026-07-08 19:11:05,203 base_service 721841 138895995954880 User logged in with password: 09944574949
[INFO] 2026-07-08 19:11:05,398 basehttp 721841 138895995954880 "POST /api/v1/auth/login/ HTTP/1.1" 200 1083
[INFO] 2026-07-08 19:11:05,657 basehttp 721841 138895995954880 "GET /__debug__/history_sidebar/?store_id=f11de2dfd8ae447093f71f8fa1616b23 HTTP/1.1" 200 10231
[INFO] 2026-07-08 19:16:05,755 autoreload 721841 138896732225664 /home/nimamakhmali/Documents/Rayan Pajouhan/Nazer-Bazaar/apps/accounts/views/user_views.py changed, reloading.
[INFO] 2026-07-08 19:16:06,888 autoreload 733410 131709837332608 Watching for file changes with StatReloader
[INFO] 2026-07-08 19:16:53,988 autoreload 733410 131709837332608 /home/nimamakhmali/Documents/Rayan Pajouhan/Nazer-Bazaar/apps/accounts/views/user_views.py changed, reloading.
[INFO] 2026-07-08 19:16:55,091 autoreload 733757 129475910267008 Watching for file changes with StatReloader
[INFO] 2026-07-08 19:20:38,419 basehttp 733757 129475182327488 "GET /admin HTTP/1.1" 301 0
[INFO] 2026-07-08 19:20:39,063 basehttp 733757 129475173934784 "GET /admin/ HTTP/1.1" 200 39515
[INFO] 2026-07-08 19:20:49,231 basehttp 733757 129475173934784 "GET /admin/products/product/ HTTP/1.1" 200 36515
[INFO] 2026-07-08 19:20:49,405 basehttp 733757 129475173934784 "GET /admin/jsi18n/ HTTP/1.1" 200 3343
[INFO] 2026-07-08 19:20:54,889 basehttp 733757 129475173934784 "GET /admin/products/product/add/ HTTP/1.1" 200 50356
[INFO] 2026-07-08 19:20:55,048 basehttp 733757 129475173934784 "GET /admin/jsi18n/ HTTP/1.1" 200 3343
[INFO] 2026-07-08 19:20:56,835 basehttp 733757 129475173934784 "GET /admin/autocomplete/?app_label=products&model_name=product&field_name=category HTTP/1.1" 200 46
[INFO] 2026-07-08 19:20:57,076 basehttp 733757 129475173934784 "GET /__debug__/history_sidebar/?store_id=f204d4df4eb14871804d97449879b539 HTTP/1.1" 200 10297
[INFO] 2026-07-08 19:23:33,925 basehttp 733757 129475173934784 "GET /api/redoc HTTP/1.1" 301 0
[INFO] 2026-07-08 19:23:34,122 basehttp 733757 129475182327488 "GET /api/redoc/ HTTP/1.1" 200 14322
[INFO] 2026-07-08 19:23:37,231 basehttp 733757 129475182327488 "GET /api/schema/ HTTP/1.1" 200 158441
[INFO] 2026-07-16 19:14:12,770 signals 46788 134163123953792 New user created: 09189082172 with role: admin
[INFO] 2026-07-16 19:14:39,582 autoreload 47752 128854040633472 Watching for file changes with StatReloader
[WARNING] 2026-07-16 19:14:41,659 log 47752 128853312796352 Not Found: /
[WARNING] 2026-07-16 19:14:41,659 basehttp 47752 128853312796352 "GET / HTTP/1.1" 404 16957
[INFO] 2026-07-16 19:14:41,727 basehttp 47752 128853312796352 "GET /static/debug_toolbar/css/toolbar.css HTTP/1.1" 304 0
[INFO] 2026-07-16 19:14:41,728 basehttp 47752 128853301257920 "GET /static/debug_toolbar/js/toolbar.js HTTP/1.1" 304 0
[INFO] 2026-07-16 19:14:41,777 basehttp 47752 128853301257920 "GET /static/debug_toolbar/css/print.css HTTP/1.1" 304 0
[INFO] 2026-07-16 19:14:41,860 basehttp 47752 128853301257920 "GET /static/debug_toolbar/js/utils.js HTTP/1.1" 304 0
[INFO] 2026-07-16 19:14:51,450 basehttp 47752 128853301257920 "GET /admin/ HTTP/1.1" 302 0
[INFO] 2026-07-16 19:14:51,728 basehttp 47752 128853301257920 "GET /admin/login/?next=/admin/ HTTP/1.1" 200 17754
[INFO] 2026-07-16 19:14:51,800 basehttp 47752 128853301257920 "GET /static/admin/css/dark_mode.css HTTP/1.1" 304 0
[INFO] 2026-07-16 19:14:51,800 basehttp 47752 128853312796352 "GET /static/admin/css/login.css HTTP/1.1" 304 0
[INFO] 2026-07-16 19:14:51,801 basehttp 47752 128853289719488 "GET /static/admin/css/base.css HTTP/1.1" 304 0
[INFO] 2026-07-16 19:14:51,807 basehttp 47752 128853281326784 "GET /static/admin/css/nav_sidebar.css HTTP/1.1" 304 0
[INFO] 2026-07-16 19:14:51,807 basehttp 47752 128853272934080 "GET /static/admin/css/responsive.css HTTP/1.1" 304 0
[INFO] 2026-07-16 19:14:51,818 basehttp 47752 128853272934080 "GET /static/admin/js/nav_sidebar.js HTTP/1.1" 304 0
[INFO] 2026-07-16 19:14:51,819 basehttp 47752 128853281326784 "GET /static/admin/js/theme.js HTTP/1.1" 304 0
[INFO] 2026-07-16 19:15:00,086 basehttp 47752 128853281326784 "POST /admin/login/?next=/admin/ HTTP/1.1" 302 0
[INFO] 2026-07-16 19:15:00,388 basehttp 47752 128853281326784 "GET /admin/ HTTP/1.1" 200 38583
[INFO] 2026-07-16 19:15:00,405 basehttp 47752 128853281326784 "GET /static/admin/css/dashboard.css HTTP/1.1" 304 0
[INFO] 2026-07-16 19:15:00,461 basehttp 47752 128853281326784 "GET /static/admin/img/icon-addlink.svg HTTP/1.1" 304 0
[INFO] 2026-07-16 19:15:00,461 basehttp 47752 128853272934080 "GET /static/admin/img/icon-changelink.svg HTTP/1.1" 304 0
[INFO] 2026-07-16 19:15:00,462 basehttp 47752 128853301257920 "GET /static/admin/img/icon-viewlink.svg HTTP/1.1" 304 0
[WARNING] 2026-07-17 10:20:22,425 log 47752 128853301257920 Not Found: /api
[WARNING] 2026-07-17 10:20:22,425 basehttp 47752 128853301257920 "GET /api HTTP/1.1" 404 16986
[WARNING] 2026-07-17 10:20:26,129 log 47752 128853301257920 Not Found: /apidocs
[WARNING] 2026-07-17 10:20:26,130 basehttp 47752 128853301257920 "GET /apidocs HTTP/1.1" 404 17003
[INFO] 2026-07-17 10:20:30,618 basehttp 47752 128853301257920 "GET /api/docs/ HTTP/1.1" 200 18245
[INFO] 2026-07-17 10:20:31,863 basehttp 47752 128853301257920 "GET /api/schema/ HTTP/1.1" 200 315061
[INFO] 2026-07-17 22:31:55,756 autoreload 841609 134091902369920 Watching for file changes with StatReloader
[INFO] 2026-07-17 22:33:33,972 basehttp 841609 134091173263040 "GET /api/docs/ HTTP/1.1" 200 18245
[INFO] 2026-07-17 22:33:34,797 basehttp 841609 134091092522688 "GET /api/docs/ HTTP/1.1" 200 18245
[INFO] 2026-07-17 22:33:36,323 basehttp 841609 134091092522688 "GET /api/schema/ HTTP/1.1" 200 315061
[INFO] 2026-07-18 10:09:19,515 autoreload 158391 127643443515520 Watching for file changes with StatReloader
[WARNING] 2026-07-18 10:09:21,474 log 158391 127642715027136 Not Found: /
[WARNING] 2026-07-18 10:09:21,475 basehttp 158391 127642715027136 "GET / HTTP/1.1" 404 16957
[INFO] 2026-07-18 10:09:21,509 basehttp 158391 127642715027136 "GET /static/debug_toolbar/css/toolbar.css HTTP/1.1" 304 0
[INFO] 2026-07-18 10:09:21,509 basehttp 158391 127642703488704 "GET /static/debug_toolbar/js/toolbar.js HTTP/1.1" 304 0
[INFO] 2026-07-18 10:09:21,525 basehttp 158391 127642703488704 "GET /static/debug_toolbar/css/print.css HTTP/1.1" 304 0
[INFO] 2026-07-18 10:09:21,555 basehttp 158391 127642715027136 "GET /static/debug_toolbar/js/utils.js HTTP/1.1" 304 0
[WARNING] 2026-07-18 10:09:26,494 log 158391 127642715027136 Not Found: /api
[WARNING] 2026-07-18 10:09:26,494 basehttp 158391 127642715027136 "GET /api HTTP/1.1" 404 16984
[INFO] 2026-07-18 10:09:32,732 basehttp 158391 127642715027136 "GET /api/docs/ HTTP/1.1" 200 18241
[INFO] 2026-07-18 10:09:33,361 basehttp 158391 127642715027136 "GET /api/schema/ HTTP/1.1" 200 315061
[INFO] 2026-07-18 12:17:05,708 autoreload 337649 139525369172096 Watching for file changes with StatReloader
[WARNING] 2026-07-18 12:17:11,199 log 337649 139524641388224 Not Found: /
[WARNING] 2026-07-18 12:17:11,199 basehttp 337649 139524641388224 "GET / HTTP/1.1" 404 16956
[INFO] 2026-07-18 12:17:14,617 basehttp 337649 139524641388224 "GET /admin/ HTTP/1.1" 302 0
[INFO] 2026-07-18 12:17:14,792 basehttp 337649 139524641388224 "GET /admin/login/?next=/admin/ HTTP/1.1" 200 17753
[INFO] 2026-07-18 12:17:22,938 basehttp 337649 139524641388224 "POST /admin/login/?next=/admin/ HTTP/1.1" 200 17937
[INFO] 2026-07-18 12:17:47,445 signals 339156 138724887310464 New user created: 09056419609 with role: admin
[INFO] 2026-07-18 12:17:53,480 autoreload 340100 133420680663168 Watching for file changes with StatReloader
[WARNING] 2026-07-18 12:17:59,522 log 340100 133419954599616 Not Found: /
[WARNING] 2026-07-18 12:17:59,523 basehttp 340100 133419954599616 "GET / HTTP/1.1" 404 16956
[INFO] 2026-07-18 12:18:05,047 basehttp 340100 133419954599616 "GET /admin/ HTTP/1.1" 302 0
[INFO] 2026-07-18 12:18:05,261 basehttp 340100 133419954599616 "GET /admin/login/?next=/admin/ HTTP/1.1" 200 17753
[INFO] 2026-07-18 12:18:13,195 basehttp 340100 133419954599616 "POST /admin/login/?next=/admin/ HTTP/1.1" 302 0
[INFO] 2026-07-18 12:18:13,402 basehttp 340100 133419954599616 "GET /admin/ HTTP/1.1" 200 38583
[INFO] 2026-07-18 12:18:34,695 basehttp 340100 133419870713536 "OPTIONS /api/v1/auth/login/ HTTP/1.1" 200 0
[INFO] 2026-07-18 12:18:34,956 base_service 340100 133419870713536 User logged in with password: 09056419609
[INFO] 2026-07-18 12:18:35,050 basehttp 340100 133419870713536 "POST /api/v1/auth/login/ HTTP/1.1" 200 1083
[INFO] 2026-07-18 12:18:40,877 basehttp 340100 133419870713536 "OPTIONS /api/v1/auth/me/ HTTP/1.1" 200 0
[INFO] 2026-07-18 12:18:40,877 basehttp 340100 133419862320832 "OPTIONS /api/v1/auth/me/ HTTP/1.1" 200 0
[WARNING] 2026-07-18 12:18:40,934 log 340100 133419870713536 Unauthorized: /api/v1/auth/me/
[WARNING] 2026-07-18 12:18:40,935 basehttp 340100 133419870713536 "GET /api/v1/auth/me/ HTTP/1.1" 401 293
[INFO] 2026-07-18 12:18:40,980 basehttp 340100 133419870713536 "OPTIONS /api/v1/auth/token/refresh/ HTTP/1.1" 200 0
[WARNING] 2026-07-18 12:18:41,037 log 340100 133419862320832 Unauthorized: /api/v1/auth/me/
[WARNING] 2026-07-18 12:18:41,041 basehttp 340100 133419862320832 "GET /api/v1/auth/me/ HTTP/1.1" 401 293
[WARNING] 2026-07-18 12:18:41,095 log 340100 133419870713536 Unauthorized: /api/v1/auth/token/refresh/
[WARNING] 2026-07-18 12:18:41,096 basehttp 340100 133419870713536 "POST /api/v1/auth/token/refresh/ HTTP/1.1" 401 123
[INFO] 2026-07-18 12:25:48,801 base_service 340100 133419870713536 User logged in with password: 09056419609
[INFO] 2026-07-18 12:25:48,940 basehttp 340100 133419870713536 "POST /api/v1/auth/login/ HTTP/1.1" 200 1083
[WARNING] 2026-07-18 12:26:25,651 log 340100 133419870713536 Unauthorized: /api/v1/auth/login/
[WARNING] 2026-07-18 12:26:25,651 basehttp 340100 133419870713536 "POST /api/v1/auth/login/ HTTP/1.1" 401 293
[WARNING] 2026-07-18 12:26:25,727 log 340100 133419870713536 Unauthorized: /api/v1/auth/token/refresh/
[WARNING] 2026-07-18 12:26:25,727 basehttp 340100 133419870713536 "POST /api/v1/auth/token/refresh/ HTTP/1.1" 401 123
[WARNING] 2026-07-18 12:26:44,188 log 340100 133419870713536 Unauthorized: /api/v1/auth/login/
[WARNING] 2026-07-18 12:26:44,188 basehttp 340100 133419870713536 "POST /api/v1/auth/login/ HTTP/1.1" 401 134
[INFO] 2026-07-18 12:26:49,016 base_service 340100 133419870713536 User logged in with password: 09056419609
[INFO] 2026-07-18 12:26:49,094 basehttp 340100 133419870713536 "POST /api/v1/auth/login/ HTTP/1.1" 200 1083
[WARNING] 2026-07-18 12:26:52,134 log 340100 133419870713536 Unauthorized: /api/v1/auth/login/
[WARNING] 2026-07-18 12:26:52,135 basehttp 340100 133419870713536 "POST /api/v1/auth/login/ HTTP/1.1" 401 293
[WARNING] 2026-07-18 12:26:52,202 log 340100 133419870713536 Unauthorized: /api/v1/auth/token/refresh/
[WARNING] 2026-07-18 12:26:52,202 basehttp 340100 133419870713536 "POST /api/v1/auth/token/refresh/ HTTP/1.1" 401 123
[INFO] 2026-07-18 12:27:32,912 basehttp 340100 133419954599616 "GET /admin/ HTTP/1.1" 200 38583
[INFO] 2026-07-18 12:28:47,285 autoreload 340100 133420680663168 /home/nimamakhmali/Documents/Rayan Pajouhan/Nazer-Bazaar/backend/config/settings/base.py changed, reloading.
[INFO] 2026-07-18 12:28:47,794 autoreload 365696 139424496210048 Watching for file changes with StatReloader
[INFO] 2026-07-18 12:29:05,159 autoreload 365696 139424496210048 /home/nimamakhmali/Documents/Rayan Pajouhan/Nazer-Bazaar/backend/config/settings/base.py changed, reloading.
[INFO] 2026-07-18 12:29:05,691 autoreload 366353 125368178094208 Watching for file changes with StatReloader
[INFO] 2026-07-18 12:29:34,133 autoreload 366353 125368178094208 /home/nimamakhmali/Documents/Rayan Pajouhan/Nazer-Bazaar/backend/config/settings/base.py changed, reloading.
[INFO] 2026-07-18 12:30:02,817 autoreload 369339 131330258317440 Watching for file changes with StatReloader
[INFO] 2026-07-18 12:30:52,151 autoreload 371626 133617760882816 Watching for file changes with StatReloader
[INFO] 2026-07-18 16:14:31,799 autoreload 557476 124363109720192 Watching for file changes with StatReloader
[INFO] 2026-07-18 16:16:02,393 autoreload 562019 139591372759168 Watching for file changes with StatReloader
[INFO] 2026-07-18 16:16:40,877 autoreload 563817 136465958748288 Watching for file changes with StatReloader
[INFO] 2026-07-18 16:18:05,601 autoreload 568940 131654768459904 Watching for file changes with StatReloader
[INFO] 2026-07-18 21:24:41,818 autoreload 15149 136948396527744 Watching for file changes with StatReloader
[INFO] 2026-07-18 21:25:42,559 autoreload 15895 126825453363328 Watching for file changes with StatReloader
[INFO] 2026-07-18 21:26:32,574 autoreload 16843 130725501079680 Watching for file changes with StatReloader
[WARNING] 2026-07-18 21:26:37,849 log 16843 130724773492416 Not Found: /
[WARNING] 2026-07-18 21:26:37,850 basehttp 16843 130724773492416 "GET / HTTP/1.1" 404 16957
[WARNING] 2026-07-18 21:26:45,968 log 16843 130724773492416 Not Found: /dashboard
[WARNING] 2026-07-18 21:26:45,968 basehttp 16843 130724773492416 "GET /dashboard HTTP/1.1" 404 17011
[INFO] 2026-07-18 21:26:54,550 basehttp 16843 130724773492416 "GET /admin/ HTTP/1.1" 200 38583
[INFO] 2026-07-18 21:26:54,574 basehttp 16843 130724773492416 "GET /static/admin/css/base.css HTTP/1.1" 304 0
[INFO] 2026-07-18 21:26:54,577 basehttp 16843 130724758808256 "GET /static/admin/css/responsive.css HTTP/1.1" 304 0
[INFO] 2026-07-18 21:26:54,579 basehttp 16843 130724750415552 "GET /static/admin/css/dark_mode.css HTTP/1.1" 304 0
[INFO] 2026-07-18 21:26:54,580 basehttp 16843 130724742022848 "GET /static/admin/css/nav_sidebar.css HTTP/1.1" 304 0
[INFO] 2026-07-18 21:26:54,588 basehttp 16843 130724742022848 "GET /static/admin/js/theme.js HTTP/1.1" 304 0
[INFO] 2026-07-18 21:26:54,591 basehttp 16843 130724750415552 "GET /static/admin/js/nav_sidebar.js HTTP/1.1" 304 0
[INFO] 2026-07-18 21:27:07,127 basehttp 16843 130724750415552 "GET /admin/accounts/user/ HTTP/1.1" 200 41815
[INFO] 2026-07-18 21:27:07,266 basehttp 16843 130724750415552 "GET /admin/jsi18n/ HTTP/1.1" 200 3343
[INFO] 2026-07-18 21:27:19,510 basehttp 16843 130724750415552 "GET /admin/accounts/user/4/change/ HTTP/1.1" 200 66345
[INFO] 2026-07-18 21:27:19,619 basehttp 16843 130724750415552 "GET /admin/jsi18n/ HTTP/1.1" 200 3343
[INFO] 2026-07-18 21:27:19,800 basehttp 16843 130724750415552 "GET /static/admin/img/icon-unknown.svg HTTP/1.1" 200 655
[INFO] 2026-07-18 21:27:19,801 basehttp 16843 130724773492416 "GET /static/admin/img/icon-unknown-alt.svg HTTP/1.1" 200 655
[INFO] 2026-07-18 21:27:19,801 basehttp 16843 130724742022848 "GET /static/admin/img/selector-icons.svg HTTP/1.1" 200 3291
[INFO] 2026-07-18 21:27:47,212 basehttp 16843 130724742022848 "POST /admin/accounts/user/4/change/ HTTP/1.1" 302 0
[INFO] 2026-07-18 21:27:47,624 basehttp 16843 130724742022848 "GET /admin/accounts/user/ HTTP/1.1" 200 42042
[INFO] 2026-07-18 21:27:47,821 basehttp 16843 130724742022848 "GET /admin/jsi18n/ HTTP/1.1" 200 3343
[INFO] 2026-07-18 21:28:21,190 basehttp 16843 130724728387264 "OPTIONS /api/v1/auth/login/ HTTP/1.1" 200 0
[INFO] 2026-07-18 21:28:21,549 base_service 16843 130724728387264 User logged in with password: 09056419609
[INFO] 2026-07-18 21:28:21,732 basehttp 16843 130724728387264 "POST /api/v1/auth/login/ HTTP/1.1" 200 1128
[WARNING] 2026-07-18 21:28:26,768 log 16843 130724728387264 Unauthorized: /api/v1/auth/login/
[WARNING] 2026-07-18 21:28:26,769 basehttp 16843 130724728387264 "POST /api/v1/auth/login/ HTTP/1.1" 401 293
[INFO] 2026-07-18 21:28:26,778 basehttp 16843 130724728387264 "OPTIONS /api/v1/auth/token/refresh/ HTTP/1.1" 200 0
[WARNING] 2026-07-18 21:28:26,948 log 16843 130724728387264 Unauthorized: /api/v1/auth/token/refresh/
[WARNING] 2026-07-18 21:28:26,948 basehttp 16843 130724728387264 "POST /api/v1/auth/token/refresh/ HTTP/1.1" 401 123
[INFO] 2026-07-18 21:28:33,004 basehttp 16843 130724728387264 "OPTIONS /api/v1/auth/otp/request/ HTTP/1.1" 200 0
[INFO] 2026-07-18 21:28:33,076 otp_service 16843 130724728387264 [DEV] SMS to 09056419609: کد تایید سامانه پایش قیمت: 024173
[INFO] 2026-07-18 21:28:33,076 base_service 16843 130724728387264 OTP sent to 09056419609
[INFO] 2026-07-18 21:28:33,235 basehttp 16843 130724728387264 "POST /api/v1/auth/otp/request/ HTTP/1.1" 200 142
[INFO] 2026-07-18 21:28:59,323 basehttp 16843 130724728387264 "OPTIONS /api/v1/auth/otp/verify/ HTTP/1.1" 200 0
[WARNING] 2026-07-18 21:28:59,555 log 16843 130724728387264 Unauthorized: /api/v1/auth/otp/verify/
[WARNING] 2026-07-18 21:28:59,555 basehttp 16843 130724728387264 "POST /api/v1/auth/otp/verify/ HTTP/1.1" 401 96
[INFO] 2026-07-18 21:36:27,404 base_service 16843 130724728387264 User logged in with password: 09056419609
[INFO] 2026-07-18 21:36:27,509 basehttp 16843 130724728387264 "POST /api/v1/auth/login/ HTTP/1.1" 200 1128
[WARNING] 2026-07-18 21:36:31,627 log 16843 130724728387264 Unauthorized: /api/v1/auth/login/
[WARNING] 2026-07-18 21:36:31,627 basehttp 16843 130724728387264 "POST /api/v1/auth/login/ HTTP/1.1" 401 293
[WARNING] 2026-07-18 21:36:31,713 log 16843 130724728387264 Unauthorized: /api/v1/auth/token/refresh/
[WARNING] 2026-07-18 21:36:31,713 basehttp 16843 130724728387264 "POST /api/v1/auth/token/refresh/ HTTP/1.1" 401 123
[INFO] 2026-07-18 21:36:36,977 base_service 16843 130724728387264 User logged in with password: 09056419609
[INFO] 2026-07-18 21:36:37,079 basehttp 16843 130724728387264 "POST /api/v1/auth/login/ HTTP/1.1" 200 1128
[INFO] 2026-07-18 21:45:04,000 basehttp 16843 130724728387264 "OPTIONS /api/v1/geography/provinces/ HTTP/1.1" 200 0
[INFO] 2026-07-18 21:45:04,003 basehttp 16843 130724773492416 "OPTIONS /api/v1/geography/provinces/ HTTP/1.1" 200 0
[INFO] 2026-07-18 21:45:04,003 basehttp 16843 130724750415552 "OPTIONS /api/v1/pricing/official-prices/?page=1&search=&is_today=true HTTP/1.1" 200 0
[INFO] 2026-07-18 21:45:04,007 basehttp 16843 130724742022848 "OPTIONS /api/v1/pricing/official-prices/?page=1&search=&is_today=true HTTP/1.1" 200 0
[WARNING] 2026-07-18 21:45:04,115 log 16843 130724728387264 Unauthorized: /api/v1/geography/provinces/
[WARNING] 2026-07-18 21:45:04,115 basehttp 16843 130724728387264 "GET /api/v1/geography/provinces/ HTTP/1.1" 401 293
[WARNING] 2026-07-18 21:45:04,151 log 16843 130724750415552 Unauthorized: /api/v1/pricing/official-prices/
[WARNING] 2026-07-18 21:45:04,151 basehttp 16843 130724750415552 "GET /api/v1/pricing/official-prices/?page=1&search=&is_today=true HTTP/1.1" 401 293
[WARNING] 2026-07-18 21:45:04,278 log 16843 130724728387264 Unauthorized: /api/v1/auth/token/refresh/
[WARNING] 2026-07-18 21:45:04,279 basehttp 16843 130724728387264 "POST /api/v1/auth/token/refresh/ HTTP/1.1" 401 123
[WARNING] 2026-07-18 21:45:04,318 log 16843 130724742022848 Unauthorized: /api/v1/geography/provinces/
[WARNING] 2026-07-18 21:45:04,319 basehttp 16843 130724742022848 "GET /api/v1/geography/provinces/ HTTP/1.1" 401 293
[WARNING] 2026-07-18 21:45:04,378 log 16843 130724773492416 Unauthorized: /api/v1/pricing/official-prices/
[WARNING] 2026-07-18 21:45:04,379 basehttp 16843 130724773492416 "GET /api/v1/pricing/official-prices/?page=1&search=&is_today=true HTTP/1.1" 401 293
[INFO] 2026-07-18 21:45:09,191 basehttp 16843 130724728387264 "GET /api/v1/pricing/official-prices/?page=1&search=&is_today=true HTTP/1.1" 200 109
[INFO] 2026-07-18 21:45:09,192 basehttp 16843 130724773492416 "GET /api/v1/geography/provinces/ HTTP/1.1" 200 68
[INFO] 2026-07-18 21:45:19,027 basehttp 16843 130724773492416 "GET /api/v1/geography/provinces/ HTTP/1.1" 200 68
[INFO] 2026-07-18 21:45:19,079 basehttp 16843 130724728387264 "GET /api/v1/pricing/official-prices/?page=1&search=&is_today=true HTTP/1.1" 200 109
[INFO] 2026-07-18 21:45:20,577 basehttp 16843 130724773492416 "GET /api/v1/pricing/official-prices/?page=1&search=&is_today=true HTTP/1.1" 200 109
[INFO] 2026-07-18 21:45:20,593 basehttp 16843 130724728387264 "GET /api/v1/geography/provinces/ HTTP/1.1" 200 68
[INFO] 2026-07-18 21:45:20,765 basehttp 16843 130724773492416 "GET /api/v1/pricing/official-prices/?page=1&search=&is_today=true HTTP/1.1" 200 109
[INFO] 2026-07-18 21:45:20,805 basehttp 16843 130724742022848 "GET /api/v1/geography/provinces/ HTTP/1.1" 200 68
[INFO] 2026-07-18 21:50:25,098 basehttp 16843 130724773492416 "GET /api/v1/geography/provinces/ HTTP/1.1" 200 68
[INFO] 2026-07-18 21:50:25,222 basehttp 16843 130724742022848 "GET /api/v1/pricing/official-prices/?page=1&is_today=true HTTP/1.1" 200 109
[INFO] 2026-07-18 21:50:25,340 basehttp 16843 130724773492416 "GET /api/v1/geography/provinces/ HTTP/1.1" 200 68
[INFO] 2026-07-18 21:50:25,387 basehttp 16843 130724742022848 "GET /api/v1/pricing/official-prices/?page=1&is_today=true HTTP/1.1" 200 109
[INFO] 2026-07-18 21:52:37,887 basehttp 16843 130724742022848 "GET /api/v1/geography/provinces/ HTTP/1.1" 200 68
[INFO] 2026-07-18 21:52:38,030 basehttp 16843 130724773492416 "GET /api/v1/pricing/official-prices/?page=1&is_today=true HTTP/1.1" 200 109
[INFO] 2026-07-18 21:52:38,156 basehttp 16843 130724742022848 "GET /api/v1/geography/provinces/ HTTP/1.1" 200 68
[INFO] 2026-07-18 21:52:38,208 basehttp 16843 130724773492416 "GET /api/v1/pricing/official-prices/?page=1&is_today=true HTTP/1.1" 200 109
[INFO] 2026-07-18 21:52:39,824 basehttp 16843 130724742022848 "GET /api/v1/pricing/official-prices/?page=1&is_today=true HTTP/1.1" 200 109
[INFO] 2026-07-18 21:52:39,833 basehttp 16843 130724773492416 "GET /api/v1/geography/provinces/ HTTP/1.1" 200 68
[INFO] 2026-07-18 21:52:39,960 basehttp 16843 130724773492416 "GET /api/v1/geography/provinces/ HTTP/1.1" 200 68
[INFO] 2026-07-18 21:52:40,003 basehttp 16843 130724742022848 "GET /api/v1/pricing/official-prices/?page=1&is_today=true HTTP/1.1" 200 109
[INFO] 2026-07-18 21:52:56,373 basehttp 16843 130724742022848 "GET /api/v1/geography/provinces/ HTTP/1.1" 200 68
[INFO] 2026-07-18 21:52:56,479 basehttp 16843 130724773492416 "GET /api/v1/pricing/official-prices/?page=1&is_today=true HTTP/1.1" 200 109
[INFO] 2026-07-18 21:52:56,586 basehttp 16843 130724742022848 "GET /api/v1/geography/provinces/ HTTP/1.1" 200 68
[INFO] 2026-07-18 21:52:56,649 basehttp 16843 130724773492416 "GET /api/v1/pricing/official-prices/?page=1&is_today=true HTTP/1.1" 200 109
[INFO] 2026-07-18 21:53:14,449 base_service 16843 130724773492416 User logged in with password: 09056419609
[INFO] 2026-07-18 21:53:14,555 basehttp 16843 130724773492416 "POST /api/v1/auth/login/ HTTP/1.1" 200 1128
[WARNING] 2026-07-18 21:53:21,894 log 16843 130724773492416 Unauthorized: /api/v1/auth/login/
[WARNING] 2026-07-18 21:53:21,895 basehttp 16843 130724773492416 "POST /api/v1/auth/login/ HTTP/1.1" 401 293
[WARNING] 2026-07-18 21:53:21,974 log 16843 130724773492416 Unauthorized: /api/v1/auth/token/refresh/
[WARNING] 2026-07-18 21:53:21,975 basehttp 16843 130724773492416 "POST /api/v1/auth/token/refresh/ HTTP/1.1" 401 123
[INFO] 2026-07-18 21:54:09,854 base_service 16843 130724773492416 User logged in with password: 09056419609
[INFO] 2026-07-18 21:54:09,958 basehttp 16843 130724773492416 "POST /api/v1/auth/login/ HTTP/1.1" 200 1128
[WARNING] 2026-07-18 21:54:10,942 log 16843 130724773492416 Unauthorized: /api/v1/auth/login/
[WARNING] 2026-07-18 21:54:10,943 basehttp 16843 130724773492416 "POST /api/v1/auth/login/ HTTP/1.1" 401 293
[WARNING] 2026-07-18 21:54:11,024 log 16843 130724773492416 Unauthorized: /api/v1/auth/token/refresh/
[WARNING] 2026-07-18 21:54:11,024 basehttp 16843 130724773492416 "POST /api/v1/auth/token/refresh/ HTTP/1.1" 401 123
[INFO] 2026-07-18 21:54:22,916 base_service 16843 130724773492416 User logged in with password: 09056419609
[INFO] 2026-07-18 21:54:23,017 basehttp 16843 130724773492416 "POST /api/v1/auth/login/ HTTP/1.1" 200 1128
[WARNING] 2026-07-18 21:54:23,620 log 16843 130724773492416 Unauthorized: /api/v1/auth/login/
[WARNING] 2026-07-18 21:54:23,620 basehttp 16843 130724773492416 "POST /api/v1/auth/login/ HTTP/1.1" 401 293
[WARNING] 2026-07-18 21:54:23,696 log 16843 130724773492416 Unauthorized: /api/v1/auth/token/refresh/
[WARNING] 2026-07-18 21:54:23,696 basehttp 16843 130724773492416 "POST /api/v1/auth/token/refresh/ HTTP/1.1" 401 123
[INFO] 2026-07-18 21:54:24,622 base_service 16843 130724773492416 User logged in with password: 09056419609
[INFO] 2026-07-18 21:54:24,737 basehttp 16843 130724773492416 "POST /api/v1/auth/login/ HTTP/1.1" 200 1128
[WARNING] 2026-07-18 21:54:37,301 log 16843 130724773492416 Unauthorized: /api/v1/auth/login/
[WARNING] 2026-07-18 21:54:37,301 basehttp 16843 130724773492416 "POST /api/v1/auth/login/ HTTP/1.1" 401 293
[WARNING] 2026-07-18 21:54:37,380 log 16843 130724773492416 Unauthorized: /api/v1/auth/token/refresh/
[WARNING] 2026-07-18 21:54:37,380 basehttp 16843 130724773492416 "POST /api/v1/auth/token/refresh/ HTTP/1.1" 401 123
[WARNING] 2026-07-18 21:54:41,644 log 16843 130724773492416 Unauthorized: /api/v1/auth/login/
[WARNING] 2026-07-18 21:54:41,645 basehttp 16843 130724773492416 "POST /api/v1/auth/login/ HTTP/1.1" 401 134
[WARNING] 2026-07-18 21:54:45,379 log 16843 130724773492416 Bad Request: /api/v1/auth/login/
[WARNING] 2026-07-18 21:54:45,380 basehttp 16843 130724773492416 "POST /api/v1/auth/login/ HTTP/1.1" 400 175
[WARNING] 2026-07-18 21:54:49,577 log 16843 130724773492416 Bad Request: /api/v1/auth/login/
[WARNING] 2026-07-18 21:54:49,577 basehttp 16843 130724773492416 "POST /api/v1/auth/login/ HTTP/1.1" 400 175
[WARNING] 2026-07-18 21:54:53,923 log 16843 130724773492416 Unauthorized: /api/v1/auth/login/
[WARNING] 2026-07-18 21:54:53,924 basehttp 16843 130724773492416 "POST /api/v1/auth/login/ HTTP/1.1" 401 134
[WARNING] 2026-07-18 21:54:57,655 log 16843 130724773492416 Unauthorized: /api/v1/auth/login/
[WARNING] 2026-07-18 21:54:57,656 basehttp 16843 130724773492416 "POST /api/v1/auth/login/ HTTP/1.1" 401 134
[INFO] 2026-07-18 21:56:41,539 autoreload 40321 132606000169088 Watching for file changes with StatReloader
[WARNING] 2026-07-18 21:58:10,278 log 40321 132605272913600 Unauthorized: /api/v1/auth/login/
[WARNING] 2026-07-18 21:58:10,279 basehttp 40321 132605272913600 "POST /api/v1/auth/login/ HTTP/1.1" 401 134
[INFO] 2026-07-18 21:58:16,275 base_service 40321 132605272913600 User logged in with password: 09056419609
[INFO] 2026-07-18 21:58:16,388 basehttp 40321 132605272913600 "POST /api/v1/auth/login/ HTTP/1.1" 200 1128
[INFO] 2026-07-18 21:58:47,560 base_service 40321 132605258229440 User logged in with password: 09056419609
[INFO] 2026-07-18 21:58:47,666 basehttp 40321 132605258229440 "POST /api/v1/auth/login/ HTTP/1.1" 200 1128
[WARNING] 2026-07-18 21:59:01,517 log 40321 132605272913600 Unauthorized: /api/v1/auth/login/
[WARNING] 2026-07-18 21:59:01,518 basehttp 40321 132605272913600 "POST /api/v1/auth/login/ HTTP/1.1" 401 293
[WARNING] 2026-07-18 21:59:01,601 log 40321 132605272913600 Unauthorized: /api/v1/auth/token/refresh/
[WARNING] 2026-07-18 21:59:01,602 basehttp 40321 132605272913600 "POST /api/v1/auth/token/refresh/ HTTP/1.1" 401 123
[INFO] 2026-07-18 21:59:03,119 base_service 40321 132605272913600 User logged in with password: 09056419609
[INFO] 2026-07-18 21:59:03,217 basehttp 40321 132605272913600 "POST /api/v1/auth/login/ HTTP/1.1" 200 1128
[INFO] 2026-07-18 22:01:51,416 basehttp 40321 132605272913600 "OPTIONS /api/v1/auth/me/ HTTP/1.1" 200 0
[WARNING] 2026-07-18 22:01:51,485 log 40321 132605272913600 Unauthorized: /api/v1/auth/me/
[WARNING] 2026-07-18 22:01:51,486 basehttp 40321 132605272913600 "GET /api/v1/auth/me/ HTTP/1.1" 401 293
[WARNING] 2026-07-18 22:01:51,595 log 40321 132605272913600 Unauthorized: /api/v1/auth/token/refresh/
[WARNING] 2026-07-18 22:01:51,596 basehttp 40321 132605272913600 "POST /api/v1/auth/token/refresh/ HTTP/1.1" 401 123
[INFO] 2026-07-18 22:14:36,684 basehttp 40321 132605258229440 "GET /api/v1/pricing/official-prices/?page=1&is_today=true HTTP/1.1" 200 109
[INFO] 2026-07-18 22:14:36,810 basehttp 40321 132605272913600 "GET /api/v1/geography/provinces/ HTTP/1.1" 200 68
[INFO] 2026-07-18 22:14:36,950 basehttp 40321 132605258229440 "GET /api/v1/pricing/official-prices/?page=1&is_today=true HTTP/1.1" 200 109
[INFO] 2026-07-18 22:14:36,995 basehttp 40321 132605272913600 "GET /api/v1/geography/provinces/ HTTP/1.1" 200 68
[INFO] 2026-07-18 22:14:38,254 basehttp 40321 132605272913600 "GET /api/v1/pricing/official-prices/?page=1 HTTP/1.1" 200 109
[INFO] 2026-07-18 22:14:39,519 basehttp 40321 132605272913600 "GET /api/v1/pricing/official-prices/?page=1&is_today=true HTTP/1.1" 200 109
[INFO] 2026-07-18 22:14:40,599 basehttp 40321 132605272913600 "GET /api/v1/pricing/official-prices/?page=1 HTTP/1.1" 200 109
[INFO] 2026-07-18 22:14:41,516 basehttp 40321 132605272913600 "GET /api/v1/pricing/official-prices/?page=1&is_today=true HTTP/1.1" 200 109
[INFO] 2026-07-18 22:14:42,430 basehttp 40321 132605272913600 "GET /api/v1/pricing/official-prices/?page=1 HTTP/1.1" 200 109
[INFO] 2026-07-18 22:14:52,352 basehttp 40321 132605258229440 "GET /api/v1/pricing/official-prices/?page=1&is_today=true HTTP/1.1" 200 109
[INFO] 2026-07-18 22:14:52,456 basehttp 40321 132605272913600 "GET /api/v1/geography/provinces/ HTTP/1.1" 200 68
[INFO] 2026-07-18 22:14:52,573 basehttp 40321 132605258229440 "GET /api/v1/pricing/official-prices/?page=1&is_today=true HTTP/1.1" 200 109
[INFO] 2026-07-18 22:14:52,620 basehttp 40321 132605272913600 "GET /api/v1/geography/provinces/ HTTP/1.1" 200 68
[INFO] 2026-07-18 22:14:56,458 basehttp 40321 132605272913600 "GET /api/v1/stores/?search=%D9%85%D9%85&status=active HTTP/1.1" 200 109
[INFO] 2026-07-18 22:14:56,895 basehttp 40321 132605272913600 "GET /api/v1/stores/?search=%D9%85%D9%85%D8%AF&status=active HTTP/1.1" 200 109
[INFO] 2026-07-18 22:28:01,979 basehttp 40321 132605272913600 "GET /api/v1/geography/provinces/ HTTP/1.1" 200 68
[INFO] 2026-07-18 22:28:02,072 basehttp 40321 132605258229440 "GET /api/v1/pricing/official-prices/?page=1&is_today=true HTTP/1.1" 200 109
[INFO] 2026-07-18 22:28:02,177 basehttp 40321 132605272913600 "GET /api/v1/geography/provinces/ HTTP/1.1" 200 68
[INFO] 2026-07-18 22:28:02,216 basehttp 40321 132605258229440 "GET /api/v1/pricing/official-prices/?page=1&is_today=true HTTP/1.1" 200 109
[INFO] 2026-07-18 22:30:29,868 basehttp 40321 132605258229440 "GET /api/v1/geography/provinces/ HTTP/1.1" 200 68
[INFO] 2026-07-18 22:30:30,001 basehttp 40321 132605272913600 "GET /api/v1/pricing/official-prices/?page=1&search=&is_today=true HTTP/1.1" 200 109
[INFO] 2026-07-18 22:30:30,166 basehttp 40321 132605258229440 "GET /api/v1/geography/provinces/ HTTP/1.1" 200 68
[INFO] 2026-07-18 22:30:30,237 basehttp 40321 132605272913600 "GET /api/v1/pricing/official-prices/?page=1&search=&is_today=true HTTP/1.1" 200 109
[INFO] 2026-07-18 22:31:14,682 basehttp 40321 132605272913600 "GET /api/v1/geography/provinces/ HTTP/1.1" 200 68
[INFO] 2026-07-18 22:31:14,807 basehttp 40321 132605258229440 "GET /api/v1/pricing/official-prices/?page=1&search=&is_today=true HTTP/1.1" 200 109
[INFO] 2026-07-18 22:31:14,996 basehttp 40321 132605272913600 "GET /api/v1/geography/provinces/ HTTP/1.1" 200 68
[INFO] 2026-07-18 22:31:15,086 basehttp 40321 132605258229440 "GET /api/v1/pricing/official-prices/?page=1&search=&is_today=true HTTP/1.1" 200 109
[INFO] 2026-07-18 22:31:15,532 basehttp 40321 132605258229440 "GET /api/v1/geography/provinces/ HTTP/1.1" 200 68
[INFO] 2026-07-18 22:31:15,641 basehttp 40321 132605272913600 "GET /api/v1/pricing/official-prices/?page=1&search=&is_today=true HTTP/1.1" 200 109
[INFO] 2026-07-18 22:31:15,804 basehttp 40321 132605258229440 "GET /api/v1/geography/provinces/ HTTP/1.1" 200 68
[INFO] 2026-07-18 22:31:15,871 basehttp 40321 132605272913600 "GET /api/v1/pricing/official-prices/?page=1&search=&is_today=true HTTP/1.1" 200 109
[INFO] 2026-07-18 22:32:08,630 basehttp 40321 132605258229440 "GET /api/v1/pricing/official-prices/?page=1&is_today=true HTTP/1.1" 200 109
[INFO] 2026-07-18 22:32:08,647 basehttp 40321 132605272913600 "GET /api/v1/geography/provinces/ HTTP/1.1" 200 68
[INFO] 2026-07-18 22:32:08,804 basehttp 40321 132605258229440 "GET /api/v1/pricing/official-prices/?page=1&is_today=true HTTP/1.1" 200 109
[INFO] 2026-07-18 22:32:08,852 basehttp 40321 132605272913600 "GET /api/v1/geography/provinces/ HTTP/1.1" 200 68
[INFO] 2026-07-18 22:32:09,039 basehttp 40321 132605258229440 "GET /api/v1/pricing/official-prices/?page=1&is_today=true HTTP/1.1" 200 109
[INFO] 2026-07-18 22:32:09,105 basehttp 40321 132605272913600 "GET /api/v1/geography/provinces/ HTTP/1.1" 200 68
[INFO] 2026-07-18 22:32:09,286 basehttp 40321 132605258229440 "GET /api/v1/pricing/official-prices/?page=1&is_today=true HTTP/1.1" 200 109
[INFO] 2026-07-18 22:32:09,389 basehttp 40321 132605272913600 "GET /api/v1/geography/provinces/ HTTP/1.1" 200 68
[INFO] 2026-07-18 22:32:09,551 basehttp 40321 132605258229440 "GET /api/v1/pricing/official-prices/?page=1&is_today=true HTTP/1.1" 200 109
[INFO] 2026-07-18 22:32:09,622 basehttp 40321 132605272913600 "GET /api/v1/geography/provinces/ HTTP/1.1" 200 68
[INFO] 2026-07-18 22:32:09,843 basehttp 40321 132605258229440 "GET /api/v1/pricing/official-prices/?page=1&is_today=true HTTP/1.1" 200 109
[INFO] 2026-07-18 22:32:09,899 basehttp 40321 132605272913600 "GET /api/v1/geography/provinces/ HTTP/1.1" 200 68
[WARNING] 2026-07-18 22:32:25,966 log 40321 132605272913600 Too Many Requests: /api/v1/geography/provinces/1/cities/
[WARNING] 2026-07-18 22:32:25,967 basehttp 40321 132605272913600 "GET /api/v1/geography/provinces/1/cities/ HTTP/1.1" 429 195
[WARNING] 2026-07-18 22:32:26,021 log 40321 132605258229440 Too Many Requests: /api/v1/pricing/official-prices/
[WARNING] 2026-07-18 22:32:26,022 basehttp 40321 132605258229440 "GET /api/v1/pricing/official-prices/?page=1&is_today=true&province=1 HTTP/1.1" 429 195
[INFO] 2026-07-18 22:34:37,821 basehttp 40321 132605258229440 "GET /api/v1/pricing/official-prices/?page=1&province=1 HTTP/1.1" 200 109
[INFO] 2026-07-18 22:34:38,693 basehttp 40321 132605258229440 "GET /api/v1/pricing/official-prices/?page=1&is_today=true&province=1 HTTP/1.1" 200 109
[INFO] 2026-07-18 22:34:39,669 basehttp 40321 132605258229440 "GET /api/v1/pricing/official-prices/?page=1&province=1 HTTP/1.1" 200 109
[INFO] 2026-07-18 22:34:40,709 basehttp 40321 132605258229440 "GET /api/v1/pricing/official-prices/?page=1&is_today=true&province=1 HTTP/1.1" 200 109
[WARNING] 2026-07-18 22:34:52,154 log 40321 132605258229440 Too Many Requests: /api/v1/pricing/official-prices/
[WARNING] 2026-07-18 22:34:52,154 basehttp 40321 132605258229440 "GET /api/v1/pricing/official-prices/?page=1&province=1 HTTP/1.1" 429 201
[WARNING] 2026-07-18 22:34:53,203 log 40321 132605258229440 Too Many Requests: /api/v1/pricing/official-prices/
[WARNING] 2026-07-18 22:34:53,204 basehttp 40321 132605258229440 "GET /api/v1/pricing/official-prices/?page=1&is_today=true&province=1 HTTP/1.1" 429 201
[WARNING] 2026-07-18 22:35:02,379 log 40321 132605258229440 Too Many Requests: /api/v1/pricing/official-prices/
[WARNING] 2026-07-18 22:35:02,379 basehttp 40321 132605258229440 "GET /api/v1/pricing/official-prices/?page=1&province=1 HTTP/1.1" 429 201
[WARNING] 2026-07-18 22:35:02,574 log 40321 132605258229440 Too Many Requests: /api/v1/pricing/official-prices/
[WARNING] 2026-07-18 22:35:02,574 basehttp 40321 132605258229440 "GET /api/v1/pricing/official-prices/?page=1&is_today=true&province=1 HTTP/1.1" 429 201
[WARNING] 2026-07-18 22:35:03,758 log 40321 132605258229440 Too Many Requests: /api/v1/pricing/official-prices/
[WARNING] 2026-07-18 22:35:03,759 basehttp 40321 132605258229440 "GET /api/v1/pricing/official-prices/?page=1&province=1 HTTP/1.1" 429 201
[WARNING] 2026-07-18 22:35:32,199 log 40321 132605258229440 Too Many Requests: /api/v1/pricing/official-prices/
[WARNING] 2026-07-18 22:35:32,200 basehttp 40321 132605258229440 "GET /api/v1/pricing/official-prices/?page=1&is_today=true&province=1 HTTP/1.1" 429 201
[WARNING] 2026-07-18 22:35:39,632 log 40321 132605258229440 Too Many Requests: /api/v1/pricing/official-prices/
[WARNING] 2026-07-18 22:35:39,632 basehttp 40321 132605258229440 "GET /api/v1/pricing/official-prices/?page=1&province=1 HTTP/1.1" 429 201
[WARNING] 2026-07-18 22:35:53,522 log 40321 132605258229440 Too Many Requests: /api/v1/pricing/official-prices/
[WARNING] 2026-07-18 22:35:53,522 basehttp 40321 132605258229440 "GET /api/v1/pricing/official-prices/?page=1&is_today=true&province=1 HTTP/1.1" 429 201
[WARNING] 2026-07-18 22:35:54,743 log 40321 132605258229440 Too Many Requests: /api/v1/pricing/official-prices/
[WARNING] 2026-07-18 22:35:54,744 basehttp 40321 132605258229440 "GET /api/v1/pricing/official-prices/?page=1&province=1 HTTP/1.1" 429 201
[WARNING] 2026-07-18 22:35:57,049 log 40321 132605258229440 Too Many Requests: /api/v1/pricing/official-prices/
[WARNING] 2026-07-18 22:35:57,049 basehttp 40321 132605258229440 "GET /api/v1/pricing/official-prices/?page=1&is_today=true&province=1 HTTP/1.1" 429 201
[WARNING] 2026-07-18 22:40:55,420 log 40321 132605258229440 Too Many Requests: /api/v1/geography/provinces/
[WARNING] 2026-07-18 22:40:55,421 basehttp 40321 132605258229440 "GET /api/v1/geography/provinces/ HTTP/1.1" 429 201
[WARNING] 2026-07-18 22:40:55,497 log 40321 132605272913600 Too Many Requests: /api/v1/pricing/official-prices/
[WARNING] 2026-07-18 22:40:55,500 basehttp 40321 132605272913600 "GET /api/v1/pricing/official-prices/?page=1&search=&is_today=true HTTP/1.1" 429 201
[WARNING] 2026-07-18 22:40:55,507 log 40321 132605169104576 Too Many Requests: /api/v1/pricing/official-prices/
[WARNING] 2026-07-18 22:40:55,507 basehttp 40321 132605169104576 "GET /api/v1/pricing/official-prices/?page=1&is_today=true HTTP/1.1" 429 201
[WARNING] 2026-07-18 22:41:47,092 log 40321 132605169104576 Too Many Requests: /api/v1/geography/provinces/
[WARNING] 2026-07-18 22:41:47,094 basehttp 40321 132605169104576 "GET /api/v1/geography/provinces/ HTTP/1.1" 429 201
[WARNING] 2026-07-18 22:41:47,187 log 40321 132605258229440 Too Many Requests: /api/v1/pricing/official-prices/
[WARNING] 2026-07-18 22:41:47,195 log 40321 132605272913600 Too Many Requests: /api/v1/pricing/official-prices/
[WARNING] 2026-07-18 22:41:47,196 basehttp 40321 132605258229440 "GET /api/v1/pricing/official-prices/?page=1&is_today=true HTTP/1.1" 429 201
[WARNING] 2026-07-18 22:41:47,197 basehttp 40321 132605272913600 "GET /api/v1/pricing/official-prices/?page=1&search=&is_today=true HTTP/1.1" 429 201
[WARNING] 2026-07-18 22:41:50,122 log 40321 132605258229440 Too Many Requests: /api/v1/pricing/official-prices/
[WARNING] 2026-07-18 22:41:50,123 basehttp 40321 132605258229440 "GET /api/v1/pricing/official-prices/?page=1&is_today=true HTTP/1.1" 429 201
[WARNING] 2026-07-18 22:41:50,162 log 40321 132605272913600 Too Many Requests: /api/v1/geography/provinces/
[WARNING] 2026-07-18 22:41:50,162 basehttp 40321 132605272913600 "GET /api/v1/geography/provinces/ HTTP/1.1" 429 201
[WARNING] 2026-07-18 22:41:56,933 log 40321 132605272913600 Too Many Requests: /api/v1/geography/provinces/
[WARNING] 2026-07-18 22:41:56,963 basehttp 40321 132605272913600 "GET /api/v1/geography/provinces/ HTTP/1.1" 429 201
[WARNING] 2026-07-18 22:41:56,972 log 40321 132605258229440 Too Many Requests: /api/v1/pricing/official-prices/
[WARNING] 2026-07-18 22:41:56,972 basehttp 40321 132605258229440 "GET /api/v1/pricing/official-prices/?page=1&is_today=true HTTP/1.1" 429 201
[WARNING] 2026-07-18 22:42:18,140 log 40321 132605258229440 Too Many Requests: /api/v1/geography/provinces/
[WARNING] 2026-07-18 22:42:18,142 basehttp 40321 132605258229440 "GET /api/v1/geography/provinces/ HTTP/1.1" 429 201
[WARNING] 2026-07-18 22:42:18,218 log 40321 132605272913600 Too Many Requests: /api/v1/pricing/official-prices/
[WARNING] 2026-07-18 22:42:18,220 basehttp 40321 132605272913600 "GET /api/v1/pricing/official-prices/?page=1&is_today=true HTTP/1.1" 429 201
[WARNING] 2026-07-18 22:42:23,357 log 40321 132605258229440 Too Many Requests: /api/v1/pricing/official-prices/
[WARNING] 2026-07-18 22:42:23,358 basehttp 40321 132605258229440 "GET /api/v1/pricing/official-prices/?page=1&is_today=true HTTP/1.1" 429 201
[WARNING] 2026-07-18 22:42:23,487 log 40321 132605272913600 Too Many Requests: /api/v1/geography/provinces/
[WARNING] 2026-07-18 22:42:23,494 basehttp 40321 132605272913600 "GET /api/v1/geography/provinces/ HTTP/1.1" 429 201
[WARNING] 2026-07-18 22:42:23,632 log 40321 132605258229440 Too Many Requests: /api/v1/pricing/official-prices/
[WARNING] 2026-07-18 22:42:23,633 basehttp 40321 132605258229440 "GET /api/v1/pricing/official-prices/?page=1&is_today=true HTTP/1.1" 429 201
[WARNING] 2026-07-18 22:42:23,676 log 40321 132605272913600 Too Many Requests: /api/v1/geography/provinces/
[WARNING] 2026-07-18 22:42:23,677 basehttp 40321 132605272913600 "GET /api/v1/geography/provinces/ HTTP/1.1" 429 201
[WARNING] 2026-07-18 22:43:20,922 log 40321 132605272913600 Too Many Requests: /api/v1/geography/provinces/
[WARNING] 2026-07-18 22:43:20,929 log 40321 132605258229440 Too Many Requests: /api/v1/pricing/official-prices/
[WARNING] 2026-07-18 22:43:20,930 basehttp 40321 132605258229440 "GET /api/v1/pricing/official-prices/?page=1&is_today=true HTTP/1.1" 429 201
[WARNING] 2026-07-18 22:43:20,930 basehttp 40321 132605272913600 "GET /api/v1/geography/provinces/ HTTP/1.1" 429 201
[WARNING] 2026-07-18 22:43:21,665 log 40321 132605272913600 Too Many Requests: /api/v1/geography/provinces/
[WARNING] 2026-07-18 22:43:21,667 basehttp 40321 132605272913600 "GET /api/v1/geography/provinces/ HTTP/1.1" 429 201
[WARNING] 2026-07-18 22:43:21,676 log 40321 132605258229440 Too Many Requests: /api/v1/pricing/official-prices/
[WARNING] 2026-07-18 22:43:21,681 basehttp 40321 132605258229440 "GET /api/v1/pricing/official-prices/?page=1&is_today=true HTTP/1.1" 429 201
[WARNING] 2026-07-18 22:43:28,958 log 40321 132605272913600 Too Many Requests: /api/v1/pricing/official-prices/
[WARNING] 2026-07-18 22:43:28,960 basehttp 40321 132605272913600 "GET /api/v1/pricing/official-prices/?page=1&is_today=true HTTP/1.1" 429 201
[WARNING] 2026-07-18 22:43:29,067 log 40321 132605258229440 Too Many Requests: /api/v1/geography/provinces/
[WARNING] 2026-07-18 22:43:29,068 basehttp 40321 132605258229440 "GET /api/v1/geography/provinces/ HTTP/1.1" 429 201
[INFO] 2026-07-18 22:44:35,661 autoreload 40321 132606000169088 /home/nimamakhmali/Documents/Rayan Pajouhan/Nazer-Bazaar/backend/config/settings/base.py changed, reloading.
[INFO] 2026-07-18 22:44:36,953 autoreload 153381 134380975648896 Watching for file changes with StatReloader
[INFO] 2026-07-19 19:33:05,702 autoreload 55969 134132045254784 Watching for file changes with StatReloader
[INFO] 2026-07-19 19:33:24,671 basehttp 55969 134131317995200 "GET /api/v1/geography/provinces/ HTTP/1.1" 200 68
[INFO] 2026-07-19 19:33:24,858 basehttp 55969 134131309602496 "GET /api/v1/pricing/official-prices/?page=1&is_today=true HTTP/1.1" 200 109
[INFO] 2026-07-19 19:33:24,988 basehttp 55969 134131317995200 "GET /api/v1/geography/provinces/ HTTP/1.1" 200 68
[INFO] 2026-07-19 19:33:25,035 basehttp 55969 134131309602496 "GET /api/v1/pricing/official-prices/?page=1&is_today=true HTTP/1.1" 200 109
[INFO] 2026-07-19 19:33:34,109 basehttp 55969 134131309602496 "OPTIONS /api/v1/auth/login/ HTTP/1.1" 200 0
[INFO] 2026-07-19 19:33:34,400 base_service 55969 134131309602496 User logged in with password: 09056419609
[INFO] 2026-07-19 19:33:34,529 basehttp 55969 134131309602496 "POST /api/v1/auth/login/ HTTP/1.1" 200 1128
[INFO] 2026-07-19 19:33:35,506 basehttp 55969 134131309602496 "OPTIONS /api/v1/auth/me/ HTTP/1.1" 200 0
[INFO] 2026-07-19 19:33:35,637 basehttp 55969 134131309602496 "GET /api/v1/auth/me/ HTTP/1.1" 200 408
[INFO] 2026-07-19 19:46:59,972 basehttp 55969 134131309602496 "OPTIONS /api/v1/auth/logout/ HTTP/1.1" 200 0
[WARNING] 2026-07-19 19:47:00,093 log 55969 134131309602496 Bad Request: /api/v1/auth/logout/
[WARNING] 2026-07-19 19:47:00,093 basehttp 55969 134131309602496 "POST /api/v1/auth/logout/ HTTP/1.1" 400 132
[INFO] 2026-07-19 19:47:09,927 basehttp 55969 134131309602496 "GET /api/v1/geography/provinces/ HTTP/1.1" 200 68
[INFO] 2026-07-19 19:47:10,026 basehttp 55969 134131317995200 "GET /api/v1/pricing/official-prices/?page=1&is_today=true HTTP/1.1" 200 109
[INFO] 2026-07-19 19:47:10,178 basehttp 55969 134131309602496 "GET /api/v1/geography/provinces/ HTTP/1.1" 200 68
[INFO] 2026-07-19 19:47:10,226 basehttp 55969 134131317995200 "GET /api/v1/pricing/official-prices/?page=1&is_today=true HTTP/1.1" 200 109
[INFO] 2026-07-19 19:53:36,828 basehttp 55969 134131309602496 "GET /api/v1/geography/provinces/ HTTP/1.1" 200 68
[INFO] 2026-07-19 19:53:36,836 basehttp 55969 134131317995200 "GET /api/v1/pricing/official-prices/?page=1&is_today=true HTTP/1.1" 200 109
[WARNING] 2026-07-19 19:53:44,791 log 55969 134131317995200 Unauthorized: /api/v1/auth/login/
[WARNING] 2026-07-19 19:53:44,792 basehttp 55969 134131317995200 "POST /api/v1/auth/login/ HTTP/1.1" 401 134
[INFO] 2026-07-19 19:53:57,985 base_service 55969 134131317995200 User logged in with password: 09056419609
[INFO] 2026-07-19 19:53:58,115 basehttp 55969 134131317995200 "POST /api/v1/auth/login/ HTTP/1.1" 200 1128
[INFO] 2026-07-19 19:53:58,412 basehttp 55969 134131317995200 "GET /api/v1/auth/me/ HTTP/1.1" 200 408
[INFO] 2026-07-19 19:54:29,808 basehttp 55969 134131317995200 "GET /api/v1/auth/me/ HTTP/1.1" 200 408
[INFO] 2026-07-19 19:55:09,262 basehttp 55969 134131317995200 "GET /api/v1/auth/me/ HTTP/1.1" 200 408
[INFO] 2026-07-19 19:55:18,745 basehttp 55969 134131317995200 "GET /api/v1/auth/me/ HTTP/1.1" 200 408
[INFO] 2026-07-19 19:55:48,413 basehttp 55969 134131317995200 "GET /api/v1/auth/me/ HTTP/1.1" 200 408
[INFO] 2026-07-19 19:55:52,105 basehttp 55969 134131317995200 "GET /api/v1/auth/me/ HTTP/1.1" 200 408
[INFO] 2026-07-19 19:56:26,007 basehttp 55969 134131309602496 "OPTIONS /api/v1/auth/users/?page=1&page_size=10 HTTP/1.1" 200 0
[INFO] 2026-07-19 19:56:26,007 basehttp 55969 134131317995200 "OPTIONS /api/v1/auth/users/?page=1&page_size=10 HTTP/1.1" 200 0
[INFO] 2026-07-19 19:56:26,197 basehttp 55969 134131309602496 "GET /api/v1/auth/users/?page=1&page_size=10 HTTP/1.1" 200 1751
[INFO] 2026-07-19 19:56:26,450 basehttp 55969 134131309602496 "GET /api/v1/auth/users/?page=1&page_size=10 HTTP/1.1" 200 1751
[INFO] 2026-07-19 19:57:28,942 basehttp 55969 134131309602496 "GET /api/v1/auth/me/ HTTP/1.1" 200 408
[INFO] 2026-07-19 19:57:32,153 basehttp 55969 134131309602496 "GET /api/v1/auth/me/ HTTP/1.1" 200 408
[INFO] 2026-07-19 19:57:35,745 basehttp 55969 134131309602496 "GET /api/v1/auth/users/?page=1&page_size=10 HTTP/1.1" 200 1751
[INFO] 2026-07-19 19:57:35,896 basehttp 55969 134131309602496 "GET /api/v1/auth/users/?page=1&page_size=10 HTTP/1.1" 200 1751
[INFO] 2026-07-19 19:57:38,086 basehttp 55969 134131309602496 "OPTIONS /api/v1/auth/users/?page=1&page_size=10&role=admin HTTP/1.1" 200 0
[INFO] 2026-07-19 19:57:38,264 basehttp 55969 134131309602496 "GET /api/v1/auth/users/?page=1&page_size=10&role=admin HTTP/1.1" 200 1751
[INFO] 2026-07-19 19:58:17,880 basehttp 55969 134131309602496 "OPTIONS /api/v1/auth/users/ HTTP/1.1" 200 0
[WARNING] 2026-07-19 19:58:17,987 log 55969 134131309602496 Bad Request: /api/v1/auth/users/
[WARNING] 2026-07-19 19:58:17,988 basehttp 55969 134131309602496 "POST /api/v1/auth/users/ HTTP/1.1" 400 153
[WARNING] 2026-07-19 19:58:26,971 log 55969 134131309602496 Bad Request: /api/v1/auth/users/
[WARNING] 2026-07-19 19:58:26,971 basehttp 55969 134131309602496 "POST /api/v1/auth/users/ HTTP/1.1" 400 153
[WARNING] 2026-07-19 19:58:37,150 log 55969 134131309602496 Bad Request: /api/v1/auth/users/
[WARNING] 2026-07-19 19:58:37,150 basehttp 55969 134131309602496 "POST /api/v1/auth/users/ HTTP/1.1" 400 153
[WARNING] 2026-07-19 19:58:37,954 log 55969 134131309602496 Bad Request: /api/v1/auth/users/
[WARNING] 2026-07-19 19:58:37,956 basehttp 55969 134131309602496 "POST /api/v1/auth/users/ HTTP/1.1" 400 153
[INFO] 2026-07-19 20:04:06,222 basehttp 55969 134131309602496 "OPTIONS /api/v1/geography/provinces/ HTTP/1.1" 200 0
[INFO] 2026-07-19 20:04:06,225 basehttp 55969 134131317995200 "OPTIONS /api/v1/pricing/official-prices/?page=1&is_today=true HTTP/1.1" 200 0
[INFO] 2026-07-19 20:04:06,232 basehttp 55969 134131309602496 "OPTIONS /api/v1/pricing/official-prices/?page=1&is_today=true HTTP/1.1" 200 0
[INFO] 2026-07-19 20:04:06,232 basehttp 55969 134131221526208 "OPTIONS /api/v1/geography/provinces/ HTTP/1.1" 200 0
[INFO] 2026-07-19 20:04:06,411 basehttp 55969 134131213133504 "GET /api/v1/geography/provinces/ HTTP/1.1" 200 68
[INFO] 2026-07-19 20:04:06,529 basehttp 55969 134131221526208 "GET /api/v1/pricing/official-prices/?page=1&is_today=true HTTP/1.1" 200 109
[INFO] 2026-07-19 20:04:06,702 basehttp 55969 134131309602496 "GET /api/v1/geography/provinces/ HTTP/1.1" 200 68
[INFO] 2026-07-19 20:04:06,780 basehttp 55969 134131221526208 "GET /api/v1/pricing/official-prices/?page=1&is_today=true HTTP/1.1" 200 109
[INFO] 2026-07-19 20:04:09,001 basehttp 55969 134131221526208 "GET /api/v1/auth/me/ HTTP/1.1" 200 408
[INFO] 2026-07-19 20:04:09,508 basehttp 55969 134131221526208 "GET /api/v1/auth/users/?page=1&page_size=10 HTTP/1.1" 200 1751
[INFO] 2026-07-19 20:04:09,746 basehttp 55969 134131221526208 "GET /api/v1/auth/users/?page=1&page_size=10 HTTP/1.1" 200 1751
[INFO] 2026-07-19 20:16:07,151 basehttp 55969 134131317995200 "GET /api/v1/auth/me/ HTTP/1.1" 200 408
[INFO] 2026-07-19 20:16:12,326 basehttp 55969 134131317995200 "GET /api/v1/auth/me/ HTTP/1.1" 200 408
[INFO] 2026-07-19 20:16:17,408 basehttp 55969 134131317995200 "GET /api/v1/auth/users/?page=1&page_size=10 HTTP/1.1" 200 1751
[INFO] 2026-07-19 20:16:17,595 basehttp 55969 134131317995200 "GET /api/v1/auth/users/?page=1&page_size=10 HTTP/1.1" 200 1751
[INFO] 2026-07-19 20:16:54,586 signals 55969 134131317995200 New user created: 09184423221 with role: store_owner
[INFO] 2026-07-19 20:16:54,607 base_service 55969 134131317995200 Organization user created: 09184423221 (store_owner)
[INFO] 2026-07-19 20:16:54,736 basehttp 55969 134131317995200 "POST /api/v1/auth/users/ HTTP/1.1" 201 501
[INFO] 2026-07-19 20:16:54,921 basehttp 55969 134131317995200 "GET /api/v1/auth/users/?page=1&page_size=10 HTTP/1.1" 200 2172
[WARNING] 2026-07-19 20:19:12,170 log 55969 134131317995200 Bad Request: /api/v1/auth/users/
[WARNING] 2026-07-19 20:19:12,171 basehttp 55969 134131317995200 "POST /api/v1/auth/users/ HTTP/1.1" 400 250
[WARNING] 2026-07-19 20:19:27,688 log 55969 134131317995200 Bad Request: /api/v1/auth/users/
[WARNING] 2026-07-19 20:19:27,689 basehttp 55969 134131317995200 "POST /api/v1/auth/users/ HTTP/1.1" 400 140
[WARNING] 2026-07-19 20:19:35,758 log 55969 134131317995200 Bad Request: /api/v1/auth/users/
[WARNING] 2026-07-19 20:19:35,759 basehttp 55969 134131317995200 "POST /api/v1/auth/users/ HTTP/1.1" 400 140
[WARNING] 2026-07-19 20:19:41,282 log 55969 134131317995200 Bad Request: /api/v1/auth/users/
[WARNING] 2026-07-19 20:19:41,283 basehttp 55969 134131317995200 "POST /api/v1/auth/users/ HTTP/1.1" 400 140
[WARNING] 2026-07-19 20:19:42,248 log 55969 134131317995200 Bad Request: /api/v1/auth/users/
[WARNING] 2026-07-19 20:19:42,249 basehttp 55969 134131317995200 "POST /api/v1/auth/users/ HTTP/1.1" 400 140
[WARNING] 2026-07-19 20:19:46,696 log 55969 134131317995200 Bad Request: /api/v1/auth/users/
[WARNING] 2026-07-19 20:19:46,697 basehttp 55969 134131317995200 "POST /api/v1/auth/users/ HTTP/1.1" 400 140
[INFO] 2026-07-19 20:35:30,256 basehttp 55969 134131317995200 "GET /api/v1/auth/users/?page=1&page_size=10 HTTP/1.1" 200 2172
[INFO] 2026-07-19 20:35:30,837 basehttp 55969 134131317995200 "GET /api/v1/auth/users/?page=1&page_size=10 HTTP/1.1" 200 2172
[INFO] 2026-07-19 20:37:31,919 basehttp 55969 134131317995200 "GET /api/v1/auth/users/?page=1&page_size=10 HTTP/1.1" 200 2172
[INFO] 2026-07-19 20:37:32,122 basehttp 55969 134131317995200 "GET /api/v1/auth/users/?page=1&page_size=10 HTTP/1.1" 200 2172
[INFO] 2026-07-19 20:37:36,031 basehttp 55969 134131317995200 "GET /api/v1/auth/users/?page=1&page_size=10 HTTP/1.1" 200 2172
[INFO] 2026-07-19 20:37:36,218 basehttp 55969 134131317995200 "GET /api/v1/auth/users/?page=1&page_size=10 HTTP/1.1" 200 2172
[INFO] 2026-07-19 20:37:57,660 basehttp 55969 134131317995200 "GET /api/v1/auth/me/ HTTP/1.1" 200 408
[INFO] 2026-07-19 20:37:57,950 basehttp 55969 134131317995200 "GET /api/v1/auth/users/?page=1&page_size=10 HTTP/1.1" 200 2172
[INFO] 2026-07-19 20:37:58,142 basehttp 55969 134131317995200 "GET /api/v1/auth/users/?page=1&page_size=10 HTTP/1.1" 200 2172
[INFO] 2026-07-19 20:38:12,902 basehttp 55969 134131317995200 "GET /api/v1/auth/users/?page=1&page_size=10 HTTP/1.1" 200 2172
[INFO] 2026-07-19 20:38:13,089 basehttp 55969 134131317995200 "GET /api/v1/auth/users/?page=1&page_size=10 HTTP/1.1" 200 2172
[INFO] 2026-07-19 20:38:14,037 basehttp 55969 134131317995200 "GET /api/v1/auth/users/?page=1&page_size=10 HTTP/1.1" 200 2172
[INFO] 2026-07-19 20:38:14,238 basehttp 55969 134131317995200 "GET /api/v1/auth/users/?page=1&page_size=10 HTTP/1.1" 200 2172
[INFO] 2026-07-19 20:38:15,890 basehttp 55969 134131317995200 "GET /api/v1/auth/users/?page=1&page_size=10 HTTP/1.1" 200 2172
[INFO] 2026-07-19 20:38:16,095 basehttp 55969 134131317995200 "GET /api/v1/auth/users/?page=1&page_size=10 HTTP/1.1" 200 2172
[INFO] 2026-07-19 20:38:17,931 basehttp 55969 134131317995200 "GET /api/v1/auth/users/?page=1&page_size=10 HTTP/1.1" 200 2172
[INFO] 2026-07-19 20:38:18,119 basehttp 55969 134131317995200 "GET /api/v1/auth/users/?page=1&page_size=10 HTTP/1.1" 200 2172
[INFO] 2026-07-19 20:39:21,622 basehttp 55969 134131317995200 "GET /api/v1/auth/users/?page=1&page_size=10 HTTP/1.1" 200 2172
[INFO] 2026-07-19 20:39:21,771 basehttp 55969 134131317995200 "GET /api/v1/auth/users/?page=1&page_size=10 HTTP/1.1" 200 2172
[INFO] 2026-07-19 20:41:26,807 basehttp 55969 134131317995200 "GET /api/v1/auth/users/?page=1&page_size=10 HTTP/1.1" 200 2172
[INFO] 2026-07-19 20:41:26,988 basehttp 55969 134131317995200 "GET /api/v1/auth/users/?page=1&page_size=10 HTTP/1.1" 200 2172
[INFO] 2026-07-19 20:41:59,738 basehttp 55969 134131317995200 "GET /api/v1/geography/provinces/ HTTP/1.1" 200 68
[INFO] 2026-07-19 20:41:59,750 basehttp 55969 134131221526208 "GET /api/v1/pricing/official-prices/?page=1&is_today=true HTTP/1.1" 200 109
[INFO] 2026-07-19 20:41:59,952 basehttp 55969 134131317995200 "GET /api/v1/geography/provinces/ HTTP/1.1" 200 68
[INFO] 2026-07-19 20:42:00,023 basehttp 55969 134131221526208 "GET /api/v1/pricing/official-prices/?page=1&is_today=true HTTP/1.1" 200 109
[INFO] 2026-07-19 20:42:17,590 basehttp 55969 134131221526208 "OPTIONS /api/v1/pricing/official-prices/?page=1 HTTP/1.1" 200 0
[INFO] 2026-07-19 20:42:17,748 basehttp 55969 134131221526208 "GET /api/v1/pricing/official-prices/?page=1 HTTP/1.1" 200 109
[INFO] 2026-07-19 20:42:47,510 basehttp 55969 134131221526208 "GET /api/v1/auth/me/ HTTP/1.1" 200 408
[INFO] 2026-07-19 20:45:02,240 basehttp 55969 134131221526208 "GET /api/v1/auth/me/ HTTP/1.1" 200 408
[INFO] 2026-07-19 20:45:02,342 basehttp 55969 134131221526208 "OPTIONS /api/v1/geography/provinces/?page=1&page_size=10 HTTP/1.1" 200 0
[INFO] 2026-07-19 20:45:02,344 basehttp 55969 134131317995200 "OPTIONS /api/v1/geography/provinces/?page=1&page_size=10 HTTP/1.1" 200 0
[INFO] 2026-07-19 20:45:02,482 basehttp 55969 134131221526208 "GET /api/v1/geography/provinces/?page=1&page_size=10 HTTP/1.1" 200 68
[INFO] 2026-07-19 20:45:02,720 basehttp 55969 134131221526208 "GET /api/v1/geography/provinces/?page=1&page_size=10 HTTP/1.1" 200 68
[INFO] 2026-07-19 20:45:08,998 basehttp 55969 134131221526208 "OPTIONS /api/v1/geography/provinces/1/ HTTP/1.1" 200 0
[INFO] 2026-07-19 20:45:09,076 base_service 55969 134131221526208 Province updated: همدان
[INFO] 2026-07-19 20:45:09,313 basehttp 55969 134131221526208 "PATCH /api/v1/geography/provinces/1/ HTTP/1.1" 200 255
[INFO] 2026-07-19 20:45:09,572 basehttp 55969 134131221526208 "GET /api/v1/geography/provinces/?page=1&page_size=10 HTTP/1.1" 200 68
[INFO] 2026-07-19 20:45:12,522 basehttp 55969 134131221526208 "GET /api/v1/auth/me/ HTTP/1.1" 200 408
[INFO] 2026-07-19 20:45:12,726 basehttp 55969 134131221526208 "GET /api/v1/geography/provinces/?page=1&page_size=10 HTTP/1.1" 200 68
[INFO] 2026-07-19 20:45:12,860 basehttp 55969 134131221526208 "GET /api/v1/geography/provinces/?page=1&page_size=10 HTTP/1.1" 200 68
[INFO] 2026-07-19 20:45:21,481 base_service 55969 134131221526208 Province updated: همدان
[INFO] 2026-07-19 20:45:21,686 basehttp 55969 134131221526208 "PATCH /api/v1/geography/provinces/1/ HTTP/1.1" 200 255
[INFO] 2026-07-19 20:45:21,823 basehttp 55969 134131221526208 "GET /api/v1/geography/provinces/?page=1&page_size=10 HTTP/1.1" 200 68
[INFO] 2026-07-19 20:46:17,382 basehttp 55969 134131221526208 "GET /api/v1/auth/me/ HTTP/1.1" 200 408
[INFO] 2026-07-19 20:46:17,620 basehttp 55969 134131221526208 "GET /api/v1/geography/provinces/?page=1&page_size=10 HTTP/1.1" 200 68
[INFO] 2026-07-19 20:46:17,753 basehttp 55969 134131221526208 "GET /api/v1/geography/provinces/?page=1&page_size=10 HTTP/1.1" 200 68
[INFO] 2026-07-19 20:46:18,914 basehttp 55969 134131221526208 "GET /api/v1/auth/me/ HTTP/1.1" 200 408
[INFO] 2026-07-19 20:46:19,182 basehttp 55969 134131221526208 "GET /api/v1/geography/provinces/?page=1&page_size=10 HTTP/1.1" 200 68
[INFO] 2026-07-19 20:46:19,312 basehttp 55969 134131221526208 "GET /api/v1/geography/provinces/?page=1&page_size=10 HTTP/1.1" 200 68
[INFO] 2026-07-19 20:46:23,664 base_service 55969 134131221526208 Province updated: همدان
[INFO] 2026-07-19 20:46:23,847 basehttp 55969 134131221526208 "PATCH /api/v1/geography/provinces/1/ HTTP/1.1" 200 255
[INFO] 2026-07-19 20:46:23,995 basehttp 55969 134131221526208 "GET /api/v1/geography/provinces/?page=1&page_size=10 HTTP/1.1" 200 68
[INFO] 2026-07-19 20:46:47,543 basehttp 55969 134131221526208 "GET /api/v1/auth/me/ HTTP/1.1" 200 408
[INFO] 2026-07-19 20:46:47,616 basehttp 55969 134131317995200 "OPTIONS /api/v1/geography/cities/?page=1&page_size=12 HTTP/1.1" 200 0
[INFO] 2026-07-19 20:46:47,616 basehttp 55969 134131221526208 "OPTIONS /api/v1/geography/provinces/?page_size=100 HTTP/1.1" 200 0
[INFO] 2026-07-19 20:46:47,616 basehttp 55969 134131213133504 "OPTIONS /api/v1/geography/provinces/?page_size=100 HTTP/1.1" 200 0
[INFO] 2026-07-19 20:46:47,617 basehttp 55969 134131309602496 "OPTIONS /api/v1/geography/cities/?page=1&page_size=12 HTTP/1.1" 200 0
[INFO] 2026-07-19 20:46:47,871 basehttp 55969 134131317995200 "GET /api/v1/geography/cities/?page=1&page_size=12 HTTP/1.1" 200 83
[INFO] 2026-07-19 20:46:47,875 basehttp 55969 134131309602496 "GET /api/v1/geography/provinces/?page_size=100 HTTP/1.1" 200 68
[INFO] 2026-07-19 20:46:48,090 basehttp 55969 134131309602496 "GET /api/v1/geography/provinces/?page_size=100 HTTP/1.1" 200 68
[INFO] 2026-07-19 20:46:48,120 basehttp 55969 134131317995200 "GET /api/v1/geography/cities/?page=1&page_size=12 HTTP/1.1" 200 83
[INFO] 2026-07-19 20:46:52,138 basehttp 55969 134131317995200 "OPTIONS /api/v1/geography/cities/1/ HTTP/1.1" 200 0
[WARNING] 2026-07-19 20:46:52,295 log 55969 134131317995200 Bad Request: /api/v1/geography/cities/1/
[WARNING] 2026-07-19 20:46:52,295 basehttp 55969 134131317995200 "PATCH /api/v1/geography/cities/1/ HTTP/1.1" 400 141
[INFO] 2026-07-19 20:47:31,455 basehttp 55969 134131309602496 "OPTIONS /api/v1/organizations/province-offices/?page=1&page_size=10 HTTP/1.1" 200 0
[INFO] 2026-07-19 20:47:31,458 basehttp 55969 134131213133504 "OPTIONS /api/v1/organizations/province-offices/?page=1&page_size=10 HTTP/1.1" 200 0
[INFO] 2026-07-19 20:47:31,598 basehttp 55969 134131309602496 "GET /api/v1/organizations/province-offices/?page=1&page_size=10 HTTP/1.1" 200 109
[INFO] 2026-07-19 20:47:31,657 basehttp 55969 134131317995200 "GET /api/v1/geography/provinces/?page_size=100 HTTP/1.1" 200 68
[INFO] 2026-07-19 20:47:31,824 basehttp 55969 134131213133504 "GET /api/v1/geography/provinces/?page_size=100 HTTP/1.1" 200 68
[INFO] 2026-07-19 20:47:31,849 basehttp 55969 134131309602496 "GET /api/v1/organizations/province-offices/?page=1&page_size=10 HTTP/1.1" 200 109
[INFO] 2026-07-19 20:50:13,286 basehttp 55969 134131309602496 "OPTIONS /api/v1/geography/cities/?page_size=500 HTTP/1.1" 200 0
[INFO] 2026-07-19 20:50:13,287 basehttp 55969 134131213133504 "OPTIONS /api/v1/organizations/chambers/?page=1&page_size=9 HTTP/1.1" 200 0
[INFO] 2026-07-19 20:50:13,288 basehttp 55969 134131317995200 "OPTIONS /api/v1/geography/cities/?page_size=500 HTTP/1.1" 200 0
[INFO] 2026-07-19 20:50:13,288 basehttp 55969 134131221526208 "OPTIONS /api/v1/organizations/chambers/?page=1&page_size=9 HTTP/1.1" 200 0
[INFO] 2026-07-19 20:50:13,446 basehttp 55969 134131309602496 "GET /api/v1/geography/cities/?page_size=500 HTTP/1.1" 200 83
[INFO] 2026-07-19 20:50:13,580 basehttp 55969 134131317995200 "GET /api/v1/organizations/chambers/?page=1&page_size=9 HTTP/1.1" 200 109
[INFO] 2026-07-19 20:50:13,778 basehttp 55969 134131309602496 "GET /api/v1/geography/cities/?page_size=500 HTTP/1.1" 200 83
[INFO] 2026-07-19 20:50:13,847 basehttp 55969 134131317995200 "GET /api/v1/organizations/chambers/?page=1&page_size=9 HTTP/1.1" 200 109
[INFO] 2026-07-19 20:51:54,309 basehttp 55969 134131309602496 "OPTIONS /api/v1/organizations/unions/?page=1&page_size=9 HTTP/1.1" 200 0
[INFO] 2026-07-19 20:51:54,309 basehttp 55969 134131317995200 "OPTIONS /api/v1/organizations/chambers/?page_size=500 HTTP/1.1" 200 0
[INFO] 2026-07-19 20:51:54,310 basehttp 55969 134131213133504 "OPTIONS /api/v1/organizations/chambers/?page_size=500 HTTP/1.1" 200 0
[INFO] 2026-07-19 20:51:54,310 basehttp 55969 134131221526208 "OPTIONS /api/v1/organizations/unions/?page=1&page_size=9 HTTP/1.1" 200 0
[INFO] 2026-07-19 20:51:54,476 basehttp 55969 134131221526208 "GET /api/v1/organizations/chambers/?page_size=500 HTTP/1.1" 200 109
[INFO] 2026-07-19 20:51:54,535 basehttp 55969 134131309602496 "GET /api/v1/organizations/unions/?page=1&page_size=9 HTTP/1.1" 200 109
[INFO] 2026-07-19 20:51:54,697 basehttp 55969 134131221526208 "GET /api/v1/organizations/chambers/?page_size=500 HTTP/1.1" 200 109
[INFO] 2026-07-19 20:51:54,759 basehttp 55969 134131309602496 "GET /api/v1/organizations/unions/?page=1&page_size=9 HTTP/1.1" 200 109
[INFO] 2026-07-19 20:52:58,758 basehttp 55969 134131309602496 "GET /api/v1/auth/me/ HTTP/1.1" 200 408
[INFO] 2026-07-19 20:52:58,992 basehttp 55969 134131309602496 "GET /api/v1/organizations/chambers/?page_size=500 HTTP/1.1" 200 109
[INFO] 2026-07-19 20:52:59,122 basehttp 55969 134131221526208 "GET /api/v1/organizations/unions/?page=1&page_size=9 HTTP/1.1" 200 109
[INFO] 2026-07-19 20:52:59,333 basehttp 55969 134131309602496 "GET /api/v1/organizations/chambers/?page_size=500 HTTP/1.1" 200 109
[INFO] 2026-07-19 20:52:59,399 basehttp 55969 134131221526208 "GET /api/v1/organizations/unions/?page=1&page_size=9 HTTP/1.1" 200 109
[INFO] 2026-07-19 20:53:01,163 basehttp 55969 134131221526208 "OPTIONS /api/v1/products/categories/?page_size=200 HTTP/1.1" 200 0
[INFO] 2026-07-19 20:53:01,169 basehttp 55969 134131221526208 "OPTIONS /api/v1/products/?page=1&page_size=12 HTTP/1.1" 200 0
[INFO] 2026-07-19 20:53:01,181 basehttp 55969 134131213133504 "OPTIONS /api/v1/products/?page=1&page_size=12 HTTP/1.1" 200 0
[INFO] 2026-07-19 20:53:01,167 basehttp 55969 134131317995200 "OPTIONS /api/v1/products/categories/?page_size=200 HTTP/1.1" 200 0
[INFO] 2026-07-19 20:53:01,174 basehttp 55969 134131309602496 "OPTIONS /api/v1/products/units/ HTTP/1.1" 200 0
[INFO] 2026-07-19 20:53:01,175 basehttp 55969 134131198449344 "OPTIONS /api/v1/products/units/ HTTP/1.1" 200 0
[INFO] 2026-07-19 20:53:01,490 basehttp 55969 134131309602496 "GET /api/v1/products/units/ HTTP/1.1" 200 26
[INFO] 2026-07-19 20:53:01,672 basehttp 55969 134131190056640 "GET /api/v1/products/categories/?page_size=200 HTTP/1.1" 200 26
[INFO] 2026-07-19 20:53:01,758 basehttp 55969 134131213133504 "GET /api/v1/products/?page=1&page_size=12 HTTP/1.1" 200 109
[INFO] 2026-07-19 20:53:02,001 basehttp 55969 134131309602496 "GET /api/v1/products/units/ HTTP/1.1" 200 26
[INFO] 2026-07-19 20:53:02,006 basehttp 55969 134131221526208 "GET /api/v1/products/categories/?page_size=200 HTTP/1.1" 200 26
[INFO] 2026-07-19 20:53:02,079 basehttp 55969 134131213133504 "GET /api/v1/products/?page=1&page_size=12 HTTP/1.1" 200 109
[INFO] 2026-07-19 20:53:27,739 basehttp 55969 134131213133504 "OPTIONS /api/v1/products/import/template/ HTTP/1.1" 200 0
[INFO] 2026-07-19 20:53:28,095 basehttp 55969 134131213133504 "GET /api/v1/products/import/template/ HTTP/1.1" 200 6091
[INFO] 2026-07-19 20:55:35,082 basehttp 55969 134131213133504 "OPTIONS /api/v1/cms/blogs/?page=1&page_size=10 HTTP/1.1" 200 0
[INFO] 2026-07-19 20:55:35,083 basehttp 55969 134131309602496 "OPTIONS /api/v1/cms/blogs/?page=1&page_size=10 HTTP/1.1" 200 0
[INFO] 2026-07-19 20:55:35,240 basehttp 55969 134131213133504 "GET /api/v1/cms/blogs/?page=1&page_size=10 HTTP/1.1" 200 109
[INFO] 2026-07-19 20:55:35,422 basehttp 55969 134131213133504 "GET /api/v1/cms/blogs/?page=1&page_size=10 HTTP/1.1" 200 109
[INFO] 2026-07-19 20:55:57,212 basehttp 55969 134131213133504 "OPTIONS /api/v1/cms/admin/pages/ HTTP/1.1" 200 0
[INFO] 2026-07-19 20:55:57,212 basehttp 55969 134131309602496 "OPTIONS /api/v1/cms/admin/pages/ HTTP/1.1" 200 0
[ERROR] 2026-07-19 20:55:57,244 api_exceptions 55969 134131309602496 Unhandled exception occurred
Traceback (most recent call last):
  File "/home/nimamakhmali/Documents/Rayan Pajouhan/Nazer-Bazaar/backend/venv/lib/python3.12/site-packages/rest_framework/views.py", line 506, in dispatch
    response = handler(request, *args, **kwargs)
               ^^^^^^^^^^^^^^^^^^^^^^^^^^^^^^^^^
  File "/home/nimamakhmali/Documents/Rayan Pajouhan/Nazer-Bazaar/backend/apps/cms/views/cms_views.py", line 70, in get
    pages = CmsSelector.get_published_pages() if not request.user.is_admin else Page.objects.all()
                                                                                ^^^^
NameError: name 'Page' is not defined
[ERROR] 2026-07-19 20:55:57,321 log 55969 134131309602496 Internal Server Error: /api/v1/cms/admin/pages/
[ERROR] 2026-07-19 20:55:57,321 basehttp 55969 134131309602496 "GET /api/v1/cms/admin/pages/ HTTP/1.1" 500 111
[ERROR] 2026-07-19 20:55:57,390 api_exceptions 55969 134131309602496 Unhandled exception occurred
Traceback (most recent call last):
  File "/home/nimamakhmali/Documents/Rayan Pajouhan/Nazer-Bazaar/backend/venv/lib/python3.12/site-packages/rest_framework/views.py", line 506, in dispatch
    response = handler(request, *args, **kwargs)
               ^^^^^^^^^^^^^^^^^^^^^^^^^^^^^^^^^
  File "/home/nimamakhmali/Documents/Rayan Pajouhan/Nazer-Bazaar/backend/apps/cms/views/cms_views.py", line 70, in get
    pages = CmsSelector.get_published_pages() if not request.user.is_admin else Page.objects.all()
                                                                                ^^^^
NameError: name 'Page' is not defined
[ERROR] 2026-07-19 20:55:57,491 log 55969 134131309602496 Internal Server Error: /api/v1/cms/admin/pages/
[ERROR] 2026-07-19 20:55:57,492 basehttp 55969 134131309602496 "GET /api/v1/cms/admin/pages/ HTTP/1.1" 500 111
[INFO] 2026-07-19 20:56:07,804 basehttp 55969 134131309602496 "GET /api/v1/products/categories/?page_size=200 HTTP/1.1" 200 26
[INFO] 2026-07-19 20:56:07,958 basehttp 55969 134131309602496 "GET /api/v1/products/categories/?page_size=200 HTTP/1.1" 200 26
[INFO] 2026-07-19 20:56:20,289 basehttp 55969 134131309602496 "GET /api/v1/auth/me/ HTTP/1.1" 200 408
[INFO] 2026-07-19 20:56:20,472 basehttp 55969 134131309602496 "GET /api/v1/products/categories/?page_size=200 HTTP/1.1" 200 26
[INFO] 2026-07-19 20:56:20,598 basehttp 55969 134131309602496 "GET /api/v1/products/categories/?page_size=200 HTTP/1.1" 200 26
[INFO] 2026-07-19 20:57:53,657 basehttp 55969 134131309602496 "OPTIONS /api/v1/stores/?page=1&page_size=10 HTTP/1.1" 200 0
[INFO] 2026-07-19 20:57:53,658 basehttp 55969 134131213133504 "OPTIONS /api/v1/stores/?page=1&page_size=10 HTTP/1.1" 200 0
[INFO] 2026-07-19 20:57:53,822 basehttp 55969 134131309602496 "GET /api/v1/stores/?page=1&page_size=10 HTTP/1.1" 200 109
[INFO] 2026-07-19 20:57:53,982 basehttp 55969 134131309602496 "GET /api/v1/stores/?page=1&page_size=10 HTTP/1.1" 200 109
[INFO] 2026-07-19 23:01:03,658 basehttp 55969 134131221526208 "OPTIONS /api/v1/geography/provinces/?page=1&page_size=15 HTTP/1.1" 200 0
[INFO] 2026-07-19 23:01:03,658 basehttp 55969 134131213133504 "OPTIONS /api/v1/geography/provinces/?page=1&page_size=15 HTTP/1.1" 200 0
[WARNING] 2026-07-19 23:01:03,755 log 55969 134131221526208 Unauthorized: /api/v1/geography/provinces/
[WARNING] 2026-07-19 23:01:03,755 basehttp 55969 134131221526208 "GET /api/v1/geography/provinces/?page=1&page_size=15 HTTP/1.1" 401 293
[INFO] 2026-07-19 23:01:03,802 basehttp 55969 134131221526208 "OPTIONS /api/v1/auth/token/refresh/ HTTP/1.1" 200 0
[WARNING] 2026-07-19 23:01:03,924 log 55969 134131213133504 Unauthorized: /api/v1/geography/provinces/
[WARNING] 2026-07-19 23:01:03,926 basehttp 55969 134131213133504 "GET /api/v1/geography/provinces/?page=1&page_size=15 HTTP/1.1" 401 293
[INFO] 2026-07-19 23:01:04,033 basehttp 55969 134131221526208 "POST /api/v1/auth/token/refresh/ HTTP/1.1" 200 352
[WARNING] 2026-07-19 23:01:04,159 log 55969 134131221526208 Unauthorized: /api/v1/geography/provinces/
[WARNING] 2026-07-19 23:01:04,159 basehttp 55969 134131221526208 "GET /api/v1/geography/provinces/?page=1&page_size=15 HTTP/1.1" 401 293
[WARNING] 2026-07-19 23:01:04,276 log 55969 134131213133504 Unauthorized: /api/v1/geography/provinces/
[WARNING] 2026-07-19 23:01:04,276 basehttp 55969 134131213133504 "GET /api/v1/geography/provinces/?page=1&page_size=15 HTTP/1.1" 401 293
[INFO] 2026-07-19 23:01:04,384 basehttp 55969 134131213133504 "POST /api/v1/auth/token/refresh/ HTTP/1.1" 200 352
[WARNING] 2026-07-19 23:01:04,503 log 55969 134131213133504 Unauthorized: /api/v1/geography/provinces/
[WARNING] 2026-07-19 23:01:04,504 basehttp 55969 134131213133504 "GET /api/v1/geography/provinces/?page=1&page_size=15 HTTP/1.1" 401 293
[INFO] 2026-07-19 23:01:07,124 basehttp 55969 134131309602496 "OPTIONS /api/v1/geography/provinces/?page_size=100 HTTP/1.1" 200 0
[INFO] 2026-07-19 23:01:07,125 basehttp 55969 134131221526208 "OPTIONS /api/v1/geography/cities/?page=1&page_size=12 HTTP/1.1" 200 0
[INFO] 2026-07-19 23:01:07,128 basehttp 55969 134131213133504 "OPTIONS /api/v1/geography/provinces/?page_size=100 HTTP/1.1" 200 0
[INFO] 2026-07-19 23:01:07,129 basehttp 55969 134131190056640 "OPTIONS /api/v1/geography/cities/?page=1&page_size=12 HTTP/1.1" 200 0
[WARNING] 2026-07-19 23:01:07,261 log 55969 134131221526208 Unauthorized: /api/v1/geography/cities/
[WARNING] 2026-07-19 23:01:07,281 log 55969 134131213133504 Unauthorized: /api/v1/geography/provinces/
[WARNING] 2026-07-19 23:01:07,282 basehttp 55969 134131213133504 "GET /api/v1/geography/provinces/?page_size=100 HTTP/1.1" 401 293
[WARNING] 2026-07-19 23:01:07,283 basehttp 55969 134131221526208 "GET /api/v1/geography/cities/?page=1&page_size=12 HTTP/1.1" 401 293
[WARNING] 2026-07-19 23:01:07,488 log 55969 134131190056640 Unauthorized: /api/v1/geography/cities/
[INFO] 2026-07-19 23:01:07,488 basehttp 55969 134131221526208 "POST /api/v1/auth/token/refresh/ HTTP/1.1" 200 352
[WARNING] 2026-07-19 23:01:07,489 basehttp 55969 134131190056640 "GET /api/v1/geography/cities/?page=1&page_size=12 HTTP/1.1" 401 293
[WARNING] 2026-07-19 23:01:07,533 log 55969 134131309602496 Unauthorized: /api/v1/geography/provinces/
[WARNING] 2026-07-19 23:01:07,537 basehttp 55969 134131309602496 "GET /api/v1/geography/provinces/?page_size=100 HTTP/1.1" 401 293
[WARNING] 2026-07-19 23:01:07,690 log 55969 134131221526208 Unauthorized: /api/v1/geography/cities/
[WARNING] 2026-07-19 23:01:07,693 basehttp 55969 134131221526208 "GET /api/v1/geography/cities/?page=1&page_size=12 HTTP/1.1" 401 293
[WARNING] 2026-07-19 23:01:07,733 log 55969 134131190056640 Unauthorized: /api/v1/geography/provinces/
[WARNING] 2026-07-19 23:01:07,734 basehttp 55969 134131190056640 "GET /api/v1/geography/provinces/?page_size=100 HTTP/1.1" 401 293
[INFO] 2026-07-19 23:01:07,821 basehttp 55969 134131309602496 "POST /api/v1/auth/token/refresh/ HTTP/1.1" 200 352
[WARNING] 2026-07-19 23:01:07,871 log 55969 134131190056640 Unauthorized: /api/v1/geography/cities/
[WARNING] 2026-07-19 23:01:07,874 basehttp 55969 134131190056640 "GET /api/v1/geography/cities/?page=1&page_size=12 HTTP/1.1" 401 293
[WARNING] 2026-07-19 23:01:07,966 log 55969 134131309602496 Unauthorized: /api/v1/geography/provinces/
[WARNING] 2026-07-19 23:01:07,967 basehttp 55969 134131309602496 "GET /api/v1/geography/provinces/?page_size=100 HTTP/1.1" 401 293
[INFO] 2026-07-19 23:01:08,081 basehttp 55969 134131190056640 "POST /api/v1/auth/token/refresh/ HTTP/1.1" 200 352
[WARNING] 2026-07-19 23:01:08,119 log 55969 134131221526208 Unauthorized: /api/v1/geography/provinces/
[WARNING] 2026-07-19 23:01:08,119 basehttp 55969 134131221526208 "GET /api/v1/geography/provinces/?page_size=100 HTTP/1.1" 401 293
[WARNING] 2026-07-19 23:01:08,201 log 55969 134131221526208 Unauthorized: /api/v1/geography/provinces/
[WARNING] 2026-07-19 23:01:08,202 basehttp 55969 134131221526208 "GET /api/v1/geography/provinces/?page_size=100 HTTP/1.1" 401 293
[WARNING] 2026-07-19 23:01:08,239 log 55969 134131190056640 Unauthorized: /api/v1/geography/cities/
[WARNING] 2026-07-19 23:01:08,239 basehttp 55969 134131190056640 "GET /api/v1/geography/cities/?page=1&page_size=12 HTTP/1.1" 401 293
[INFO] 2026-07-19 23:01:08,362 basehttp 55969 134131221526208 "POST /api/v1/auth/token/refresh/ HTTP/1.1" 200 352
[WARNING] 2026-07-19 23:01:08,466 log 55969 134131221526208 Unauthorized: /api/v1/geography/provinces/
[WARNING] 2026-07-19 23:01:08,466 basehttp 55969 134131221526208 "GET /api/v1/geography/provinces/?page_size=100 HTTP/1.1" 401 293
[WARNING] 2026-07-19 23:01:08,928 log 55969 134131221526208 Unauthorized: /api/v1/geography/provinces/
[WARNING] 2026-07-19 23:01:08,928 basehttp 55969 134131221526208 "GET /api/v1/geography/provinces/?page=1&page_size=15 HTTP/1.1" 401 293
[WARNING] 2026-07-19 23:01:09,137 log 55969 134131190056640 Unauthorized: /api/v1/geography/provinces/
[WARNING] 2026-07-19 23:01:09,139 basehttp 55969 134131190056640 "GET /api/v1/geography/provinces/?page=1&page_size=15 HTTP/1.1" 401 293
[INFO] 2026-07-19 23:01:09,191 basehttp 55969 134131221526208 "POST /api/v1/auth/token/refresh/ HTTP/1.1" 200 352
[WARNING] 2026-07-19 23:01:09,303 log 55969 134131221526208 Unauthorized: /api/v1/geography/provinces/
[WARNING] 2026-07-19 23:01:09,303 basehttp 55969 134131221526208 "GET /api/v1/geography/provinces/?page=1&page_size=15 HTTP/1.1" 401 293
[WARNING] 2026-07-19 23:01:09,412 log 55969 134131190056640 Unauthorized: /api/v1/geography/provinces/
[WARNING] 2026-07-19 23:01:09,412 basehttp 55969 134131190056640 "GET /api/v1/geography/provinces/?page=1&page_size=15 HTTP/1.1" 401 293
[INFO] 2026-07-19 23:01:09,540 basehttp 55969 134131190056640 "POST /api/v1/auth/token/refresh/ HTTP/1.1" 200 352
[WARNING] 2026-07-19 23:01:09,650 log 55969 134131190056640 Unauthorized: /api/v1/geography/provinces/
[WARNING] 2026-07-19 23:01:09,650 basehttp 55969 134131190056640 "GET /api/v1/geography/provinces/?page=1&page_size=15 HTTP/1.1" 401 293
[INFO] 2026-07-19 23:01:14,283 basehttp 55969 134131190056640 "OPTIONS /api/v1/geography/provinces/?page=1&page_size=10 HTTP/1.1" 200 0
[WARNING] 2026-07-19 23:01:14,363 log 55969 134131190056640 Unauthorized: /api/v1/geography/provinces/
[WARNING] 2026-07-19 23:01:14,364 basehttp 55969 134131190056640 "GET /api/v1/geography/provinces/?page=1&page_size=10 HTTP/1.1" 401 293
[INFO] 2026-07-19 23:01:14,522 basehttp 55969 134131190056640 "POST /api/v1/auth/token/refresh/ HTTP/1.1" 200 352
[WARNING] 2026-07-19 23:01:14,649 log 55969 134131190056640 Unauthorized: /api/v1/geography/provinces/
[WARNING] 2026-07-19 23:01:14,650 basehttp 55969 134131190056640 "GET /api/v1/geography/provinces/?page=1&page_size=10 HTTP/1.1" 401 293
[INFO] 2026-07-19 23:01:20,380 basehttp 55969 134131190056640 "OPTIONS /api/v1/auth/me/ HTTP/1.1" 200 0
[WARNING] 2026-07-19 23:01:20,465 log 55969 134131190056640 Unauthorized: /api/v1/auth/me/
[WARNING] 2026-07-19 23:01:20,466 basehttp 55969 134131190056640 "GET /api/v1/auth/me/ HTTP/1.1" 401 293
[INFO] 2026-07-19 23:01:20,621 basehttp 55969 134131190056640 "POST /api/v1/auth/token/refresh/ HTTP/1.1" 200 352
[WARNING] 2026-07-19 23:01:20,728 log 55969 134131190056640 Unauthorized: /api/v1/auth/me/
[WARNING] 2026-07-19 23:01:20,729 basehttp 55969 134131190056640 "GET /api/v1/auth/me/ HTTP/1.1" 401 293
[INFO] 2026-07-19 23:01:35,325 basehttp 55969 134131190056640 "OPTIONS /api/v1/auth/login/ HTTP/1.1" 200 0
[WARNING] 2026-07-19 23:01:35,388 log 55969 134131190056640 Unauthorized: /api/v1/auth/login/
[WARNING] 2026-07-19 23:01:35,389 basehttp 55969 134131190056640 "POST /api/v1/auth/login/ HTTP/1.1" 401 293
[INFO] 2026-07-19 23:01:58,280 autoreload 353324 125700636504192 Watching for file changes with StatReloader
[WARNING] 2026-07-19 23:02:01,037 log 353324 125699909174976 Not Found: /
[WARNING] 2026-07-19 23:02:01,038 basehttp 353324 125699909174976 "GET / HTTP/1.1" 404 16956
[INFO] 2026-07-19 23:02:01,083 basehttp 353324 125699909174976 "GET /static/debug_toolbar/css/toolbar.css HTTP/1.1" 304 0
[INFO] 2026-07-19 23:02:01,084 basehttp 353324 125699897636544 "GET /static/debug_toolbar/js/toolbar.js HTTP/1.1" 304 0
[INFO] 2026-07-19 23:02:01,129 basehttp 353324 125699897636544 "GET /static/debug_toolbar/css/print.css HTTP/1.1" 304 0
[INFO] 2026-07-19 23:02:01,146 basehttp 353324 125699897636544 "GET /static/debug_toolbar/js/utils.js HTTP/1.1" 304 0
[INFO] 2026-07-19 23:02:05,476 basehttp 353324 125699897636544 "GET /admin/ HTTP/1.1" 302 0
[INFO] 2026-07-19 23:02:05,670 basehttp 353324 125699897636544 "GET /admin/login/?next=/admin/ HTTP/1.1" 200 17753
[INFO] 2026-07-19 23:02:05,729 basehttp 353324 125699897636544 "GET /static/admin/css/base.css HTTP/1.1" 304 0
[INFO] 2026-07-19 23:02:05,730 basehttp 353324 125699909174976 "GET /static/admin/css/dark_mode.css HTTP/1.1" 304 0
[INFO] 2026-07-19 23:02:05,730 basehttp 353324 125699886098112 "GET /static/admin/css/nav_sidebar.css HTTP/1.1" 304 0
[INFO] 2026-07-19 23:02:05,734 basehttp 353324 125699877705408 "GET /static/admin/css/login.css HTTP/1.1" 304 0
[INFO] 2026-07-19 23:02:05,734 basehttp 353324 125699666998976 "GET /static/admin/css/responsive.css HTTP/1.1" 304 0
[INFO] 2026-07-19 23:02:05,739 basehttp 353324 125699666998976 "GET /static/admin/js/theme.js HTTP/1.1" 304 0
[INFO] 2026-07-19 23:02:05,739 basehttp 353324 125699877705408 "GET /static/admin/js/nav_sidebar.js HTTP/1.1" 304 0
[INFO] 2026-07-19 23:02:14,704 basehttp 353324 125699666998976 "POST /admin/login/?next=/admin/ HTTP/1.1" 302 0
[INFO] 2026-07-19 23:02:14,963 basehttp 353324 125699666998976 "GET /admin/ HTTP/1.1" 200 38928
[INFO] 2026-07-19 23:02:14,984 basehttp 353324 125699666998976 "GET /static/admin/css/dashboard.css HTTP/1.1" 304 0
[INFO] 2026-07-19 23:02:15,003 basehttp 353324 125699886098112 "GET /static/admin/img/icon-viewlink.svg HTTP/1.1" 304 0
[INFO] 2026-07-19 23:02:15,004 basehttp 353324 125699897636544 "GET /static/admin/img/icon-changelink.svg HTTP/1.1" 304 0
[INFO] 2026-07-19 23:02:15,004 basehttp 353324 125699877705408 "GET /static/admin/img/icon-addlink.svg HTTP/1.1" 304 0
[WARNING] 2026-07-19 23:02:25,786 log 353324 125699656509120 Unauthorized: /api/v1/auth/login/
[WARNING] 2026-07-19 23:02:25,787 basehttp 353324 125699656509120 "POST /api/v1/auth/login/ HTTP/1.1" 401 293
[WARNING] 2026-07-19 23:02:28,991 log 353324 125699656509120 Unauthorized: /api/v1/auth/login/
[WARNING] 2026-07-19 23:02:28,991 basehttp 353324 125699656509120 "POST /api/v1/auth/login/ HTTP/1.1" 401 293
[WARNING] 2026-07-19 23:02:29,750 log 353324 125699656509120 Unauthorized: /api/v1/auth/login/
[WARNING] 2026-07-19 23:02:29,750 basehttp 353324 125699656509120 "POST /api/v1/auth/login/ HTTP/1.1" 401 293
[WARNING] 2026-07-19 23:02:35,299 log 353324 125699656509120 Unauthorized: /api/v1/auth/login/
[WARNING] 2026-07-19 23:02:35,299 basehttp 353324 125699656509120 "POST /api/v1/auth/login/ HTTP/1.1" 401 293
[WARNING] 2026-07-19 23:02:41,860 log 353324 125699656509120 Unauthorized: /api/v1/auth/login/
[WARNING] 2026-07-19 23:02:41,860 basehttp 353324 125699656509120 "POST /api/v1/auth/login/ HTTP/1.1" 401 293
[INFO] 2026-07-19 23:03:11,427 basehttp 353324 125699656509120 "OPTIONS /api/v1/auth/otp/request/ HTTP/1.1" 200 0
[INFO] 2026-07-19 23:03:11,477 otp_service 353324 125699656509120 [DEV] SMS to 09056419609: کد تایید سامانه پایش قیمت: 148578
[INFO] 2026-07-19 23:03:11,477 base_service 353324 125699656509120 OTP sent to 09056419609
[INFO] 2026-07-19 23:03:11,613 basehttp 353324 125699656509120 "POST /api/v1/auth/otp/request/ HTTP/1.1" 200 142
[WARNING] 2026-07-19 23:04:11,318 log 353324 125699656509120 Unauthorized: /api/v1/auth/login/
[WARNING] 2026-07-19 23:04:11,319 basehttp 353324 125699656509120 "POST /api/v1/auth/login/ HTTP/1.1" 401 134
[INFO] 2026-07-19 23:04:16,925 base_service 353324 125699656509120 User logged in with password: 09056419609
[INFO] 2026-07-19 23:04:17,043 basehttp 353324 125699656509120 "POST /api/v1/auth/login/ HTTP/1.1" 200 1128
[INFO] 2026-07-19 23:04:17,290 basehttp 353324 125699656509120 "GET /api/v1/auth/me/ HTTP/1.1" 200 408
[INFO] 2026-07-19 23:04:17,516 basehttp 353324 125699656509120 "GET /api/v1/geography/provinces/?page_size=100 HTTP/1.1" 200 68
[INFO] 2026-07-19 23:04:17,655 basehttp 353324 125699646019264 "GET /api/v1/geography/cities/?page=1&page_size=12 HTTP/1.1" 200 83
[INFO] 2026-07-19 23:04:17,778 basehttp 353324 125699656509120 "GET /api/v1/geography/provinces/?page_size=100 HTTP/1.1" 200 68
[INFO] 2026-07-19 23:04:17,854 basehttp 353324 125699646019264 "GET /api/v1/geography/cities/?page=1&page_size=12 HTTP/1.1" 200 83
[INFO] 2026-07-19 23:04:25,004 basehttp 353324 125699646019264 "GET /api/v1/geography/provinces/?page=1&page_size=10 HTTP/1.1" 200 68
[INFO] 2026-07-19 23:04:25,126 basehttp 353324 125699646019264 "GET /api/v1/geography/provinces/?page=1&page_size=10 HTTP/1.1" 200 68
[INFO] 2026-07-19 23:04:38,994 basehttp 353324 125699646019264 "GET /api/v1/geography/provinces/?page=1&page_size=15 HTTP/1.1" 200 68
[INFO] 2026-07-19 23:05:30,065 basehttp 353324 125699646019264 "GET /api/v1/geography/provinces/?page=1&page_size=10 HTTP/1.1" 200 68
[INFO] 2026-07-19 23:05:30,710 basehttp 353324 125699646019264 "GET /api/v1/auth/me/ HTTP/1.1" 200 408
[INFO] 2026-07-19 23:05:30,983 basehttp 353324 125699646019264 "GET /api/v1/geography/provinces/?page=1&page_size=10 HTTP/1.1" 200 68
[INFO] 2026-07-19 23:05:31,121 basehttp 353324 125699646019264 "GET /api/v1/geography/provinces/?page=1&page_size=10 HTTP/1.1" 200 68
[INFO] 2026-07-19 23:12:00,947 basehttp 353324 125699656509120 "OPTIONS /api/v1/stores/?page_size=1 HTTP/1.1" 200 0
[INFO] 2026-07-19 23:12:00,948 basehttp 353324 125699646019264 "OPTIONS /api/v1/complaints/my/?page_size=5 HTTP/1.1" 200 0
[INFO] 2026-07-19 23:12:01,209 basehttp 353324 125699646019264 "GET /api/v1/complaints/my/?page_size=5 HTTP/1.1" 200 2
[INFO] 2026-07-19 23:12:01,289 basehttp 353324 125699656509120 "GET /api/v1/stores/?page_size=1 HTTP/1.1" 200 109
[INFO] 2026-07-19 23:12:31,868 basehttp 353324 125699646019264 "GET /api/v1/complaints/my/?page_size=5 HTTP/1.1" 200 2
[INFO] 2026-07-19 23:12:31,931 basehttp 353324 125699656509120 "GET /api/v1/stores/?page_size=1 HTTP/1.1" 200 109
[INFO] 2026-07-19 23:12:57,723 basehttp 353324 125699656509120 "OPTIONS /api/v1/auth/users/?page=1&page_size=10 HTTP/1.1" 200 0
[INFO] 2026-07-19 23:12:57,724 basehttp 353324 125699646019264 "OPTIONS /api/v1/auth/users/?page=1&page_size=10 HTTP/1.1" 200 0
[INFO] 2026-07-19 23:12:57,924 basehttp 353324 125699656509120 "GET /api/v1/auth/users/?page=1&page_size=10 HTTP/1.1" 200 2172
[INFO] 2026-07-19 23:12:58,139 basehttp 353324 125699656509120 "GET /api/v1/auth/users/?page=1&page_size=10 HTTP/1.1" 200 2172
[INFO] 2026-07-19 23:13:18,321 basehttp 353324 125699656509120 "GET /api/v1/auth/users/?page=1&page_size=10 HTTP/1.1" 200 2172
[INFO] 2026-07-19 23:14:29,257 basehttp 353324 125699656509120 "GET /api/v1/geography/provinces/?page=1&page_size=15 HTTP/1.1" 200 68
[INFO] 2026-07-19 23:14:29,410 basehttp 353324 125699656509120 "GET /api/v1/geography/provinces/?page=1&page_size=15 HTTP/1.1" 200 68
[INFO] 2026-07-19 23:14:52,545 basehttp 353324 125699656509120 "GET /api/v1/auth/me/ HTTP/1.1" 200 408
[INFO] 2026-07-19 23:14:52,874 basehttp 353324 125699656509120 "GET /api/v1/geography/provinces/?page=1&page_size=15 HTTP/1.1" 200 68
[INFO] 2026-07-19 23:14:53,004 basehttp 353324 125699656509120 "GET /api/v1/geography/provinces/?page=1&page_size=15 HTTP/1.1" 200 68
[INFO] 2026-07-19 23:15:05,952 basehttp 353324 125699656509120 "GET /api/v1/auth/me/ HTTP/1.1" 200 408
[INFO] 2026-07-19 23:15:06,199 basehttp 353324 125699656509120 "GET /api/v1/auth/users/?page=1&page_size=10 HTTP/1.1" 200 2172
[INFO] 2026-07-19 23:15:06,345 basehttp 353324 125699656509120 "GET /api/v1/auth/users/?page=1&page_size=10 HTTP/1.1" 200 2172
[INFO] 2026-07-19 23:15:08,784 basehttp 353324 125699646019264 "OPTIONS /api/v1/geography/cities/?page=1&page_size=15 HTTP/1.1" 200 0
[INFO] 2026-07-19 23:15:08,786 basehttp 353324 125699877705408 "OPTIONS /api/v1/geography/cities/?page=1&page_size=15 HTTP/1.1" 200 0
[INFO] 2026-07-19 23:15:08,986 basehttp 353324 125699656509120 "GET /api/v1/geography/provinces/?page_size=100 HTTP/1.1" 200 68
[INFO] 2026-07-19 23:15:09,141 basehttp 353324 125699646019264 "GET /api/v1/geography/cities/?page=1&page_size=15 HTTP/1.1" 200 83
[INFO] 2026-07-19 23:15:09,257 basehttp 353324 125699656509120 "GET /api/v1/geography/provinces/?page_size=100 HTTP/1.1" 200 68
[INFO] 2026-07-19 23:15:09,378 basehttp 353324 125699646019264 "GET /api/v1/geography/cities/?page=1&page_size=15 HTTP/1.1" 200 83
[INFO] 2026-07-19 23:15:26,828 basehttp 353324 125699646019264 "OPTIONS /api/v1/geography/cities/1/ HTTP/1.1" 200 0
[WARNING] 2026-07-19 23:15:26,961 log 353324 125699646019264 Bad Request: /api/v1/geography/cities/1/
[WARNING] 2026-07-19 23:15:26,962 basehttp 353324 125699646019264 "PATCH /api/v1/geography/cities/1/ HTTP/1.1" 400 141
[INFO] 2026-07-19 23:16:22,898 basehttp 353324 125699646019264 "GET /api/v1/geography/provinces/?page=1&page_size=15 HTTP/1.1" 200 68
[INFO] 2026-07-19 23:16:23,025 basehttp 353324 125699646019264 "GET /api/v1/geography/provinces/?page=1&page_size=15 HTTP/1.1" 200 68
[INFO] 2026-07-19 23:16:54,738 basehttp 353324 125699646019264 "GET /api/v1/auth/me/ HTTP/1.1" 200 408
[INFO] 2026-07-19 23:16:55,005 basehttp 353324 125699646019264 "GET /api/v1/geography/provinces/?page_size=100 HTTP/1.1" 200 68
[INFO] 2026-07-19 23:16:55,154 basehttp 353324 125699656509120 "GET /api/v1/geography/cities/?page=1&page_size=15 HTTP/1.1" 200 83
[INFO] 2026-07-19 23:16:55,294 basehttp 353324 125699646019264 "GET /api/v1/geography/provinces/?page_size=100 HTTP/1.1" 200 68
[INFO] 2026-07-19 23:16:55,361 basehttp 353324 125699656509120 "GET /api/v1/geography/cities/?page=1&page_size=15 HTTP/1.1" 200 83
[WARNING] 2026-07-19 23:17:04,919 log 353324 125699656509120 Bad Request: /api/v1/geography/cities/1/
[WARNING] 2026-07-19 23:17:04,920 basehttp 353324 125699656509120 "PATCH /api/v1/geography/cities/1/ HTTP/1.1" 400 141
[INFO] 2026-07-19 23:21:00,964 basehttp 353324 125699656509120 "GET /api/v1/geography/cities/?page=1&page_size=15 HTTP/1.1" 200 83
[INFO] 2026-07-19 23:21:09,556 basehttp 353324 125699656509120 "GET /api/v1/auth/me/ HTTP/1.1" 200 408
[INFO] 2026-07-19 23:21:09,782 basehttp 353324 125699656509120 "GET /api/v1/geography/provinces/?page_size=100 HTTP/1.1" 200 68
[INFO] 2026-07-19 23:21:09,913 basehttp 353324 125699646019264 "GET /api/v1/geography/cities/?page=1&page_size=15 HTTP/1.1" 200 83
[INFO] 2026-07-19 23:21:10,058 basehttp 353324 125699656509120 "GET /api/v1/geography/provinces/?page_size=100 HTTP/1.1" 200 68
[INFO] 2026-07-19 23:21:10,127 basehttp 353324 125699646019264 "GET /api/v1/geography/cities/?page=1&page_size=15 HTTP/1.1" 200 83
[INFO] 2026-07-19 23:21:29,420 basehttp 353324 125699646019264 "GET /api/v1/geography/cities/?page=1&page_size=15 HTTP/1.1" 200 83
[INFO] 2026-07-19 23:22:12,350 basehttp 353324 125699646019264 "GET /api/v1/geography/cities/?page=1&page_size=15 HTTP/1.1" 200 83
[INFO] 2026-07-19 23:22:21,397 basehttp 353324 125699646019264 "GET /api/v1/geography/cities/?page=1&page_size=15 HTTP/1.1" 200 83
[INFO] 2026-07-19 23:22:40,475 basehttp 353324 125699646019264 "GET /api/v1/auth/me/ HTTP/1.1" 200 408
[INFO] 2026-07-19 23:22:40,752 basehttp 353324 125699646019264 "GET /api/v1/geography/provinces/?page_size=100 HTTP/1.1" 200 68
[INFO] 2026-07-19 23:22:40,893 basehttp 353324 125699656509120 "GET /api/v1/geography/cities/?page=1&page_size=15 HTTP/1.1" 200 83
[INFO] 2026-07-19 23:22:41,025 basehttp 353324 125699646019264 "GET /api/v1/geography/provinces/?page_size=100 HTTP/1.1" 200 68
[INFO] 2026-07-19 23:22:41,087 basehttp 353324 125699656509120 "GET /api/v1/geography/cities/?page=1&page_size=15 HTTP/1.1" 200 83
[INFO] 2026-07-19 23:22:56,801 basehttp 353324 125699646019264 "GET /api/v1/geography/cities/?page=1&page_size=15 HTTP/1.1" 200 83
[INFO] 2026-07-19 23:22:56,866 basehttp 353324 125699656509120 "GET /api/v1/geography/provinces/?page_size=100 HTTP/1.1" 200 68
[INFO] 2026-07-19 23:22:58,290 basehttp 353324 125699656509120 "GET /api/v1/geography/provinces/?page_size=100 HTTP/1.1" 200 68
[INFO] 2026-07-19 23:22:58,295 basehttp 353324 125699646019264 "GET /api/v1/geography/cities/?page=1&page_size=15 HTTP/1.1" 200 83
[INFO] 2026-07-19 23:22:59,556 basehttp 353324 125699656509120 "GET /api/v1/geography/cities/?page=1&page_size=15 HTTP/1.1" 200 83
[INFO] 2026-07-19 23:22:59,615 basehttp 353324 125699646019264 "GET /api/v1/geography/provinces/?page_size=100 HTTP/1.1" 200 68
[WARNING] 2026-07-19 23:23:11,705 log 353324 125699646019264 Bad Request: /api/v1/geography/cities/1/
[WARNING] 2026-07-19 23:23:11,706 basehttp 353324 125699646019264 "PATCH /api/v1/geography/cities/1/ HTTP/1.1" 400 169
[INFO] 2026-07-19 23:23:16,013 basehttp 353324 125699646019264 "GET /api/v1/auth/me/ HTTP/1.1" 200 408
[INFO] 2026-07-19 23:23:16,228 basehttp 353324 125699656509120 "GET /api/v1/geography/cities/?page=1&page_size=15 HTTP/1.1" 200 83
[INFO] 2026-07-19 23:23:16,375 basehttp 353324 125699646019264 "GET /api/v1/geography/provinces/?page_size=100 HTTP/1.1" 200 68
[INFO] 2026-07-19 23:23:16,655 basehttp 353324 125699656509120 "GET /api/v1/geography/cities/?page=1&page_size=15 HTTP/1.1" 200 83
[INFO] 2026-07-19 23:23:16,759 basehttp 353324 125699646019264 "GET /api/v1/geography/provinces/?page_size=100 HTTP/1.1" 200 68
[WARNING] 2026-07-19 23:23:19,891 log 353324 125699646019264 Bad Request: /api/v1/geography/cities/1/
[WARNING] 2026-07-19 23:23:19,891 basehttp 353324 125699646019264 "PATCH /api/v1/geography/cities/1/ HTTP/1.1" 400 169
[WARNING] 2026-07-19 23:23:22,429 log 353324 125699646019264 Bad Request: /api/v1/geography/cities/1/
[WARNING] 2026-07-19 23:23:22,429 basehttp 353324 125699646019264 "PATCH /api/v1/geography/cities/1/ HTTP/1.1" 400 169
[INFO] 2026-07-19 23:23:26,794 basehttp 353324 125699646019264 "GET /api/v1/geography/provinces/?page=1&page_size=15 HTTP/1.1" 200 68
[INFO] 2026-07-19 23:23:26,911 basehttp 353324 125699646019264 "GET /api/v1/geography/provinces/?page=1&page_size=15 HTTP/1.1" 200 68
[INFO] 2026-07-19 23:23:31,055 basehttp 353324 125699646019264 "OPTIONS /api/v1/geography/provinces/1/ HTTP/1.1" 200 0
[INFO] 2026-07-19 23:23:31,127 base_service 353324 125699646019264 Province updated: همدان
[INFO] 2026-07-19 23:23:31,325 basehttp 353324 125699646019264 "PATCH /api/v1/geography/provinces/1/ HTTP/1.1" 200 256
[INFO] 2026-07-19 23:23:31,493 basehttp 353324 125699646019264 "GET /api/v1/geography/provinces/?page=1&page_size=15 HTTP/1.1" 200 26
[INFO] 2026-07-19 23:23:52,218 basehttp 353324 125699646019264 "OPTIONS /api/v1/geography/provinces/ HTTP/1.1" 200 0
[WARNING] 2026-07-19 23:23:52,358 log 353324 125699646019264 Bad Request: /api/v1/geography/provinces/
[WARNING] 2026-07-19 23:23:52,358 basehttp 353324 125699646019264 "POST /api/v1/geography/provinces/ HTTP/1.1" 400 191
[WARNING] 2026-07-19 23:23:54,742 log 353324 125699646019264 Bad Request: /api/v1/geography/provinces/
[WARNING] 2026-07-19 23:23:54,742 basehttp 353324 125699646019264 "POST /api/v1/geography/provinces/ HTTP/1.1" 400 191
[WARNING] 2026-07-19 23:23:56,011 log 353324 125699646019264 Bad Request: /api/v1/geography/provinces/
[WARNING] 2026-07-19 23:23:56,012 basehttp 353324 125699646019264 "POST /api/v1/geography/provinces/ HTTP/1.1" 400 191
[WARNING] 2026-07-19 23:24:00,915 log 353324 125699646019264 Bad Request: /api/v1/geography/provinces/
[WARNING] 2026-07-19 23:24:00,916 basehttp 353324 125699646019264 "POST /api/v1/geography/provinces/ HTTP/1.1" 400 191
[WARNING] 2026-07-19 23:24:01,779 log 353324 125699646019264 Bad Request: /api/v1/geography/provinces/
[WARNING] 2026-07-19 23:24:01,779 basehttp 353324 125699646019264 "POST /api/v1/geography/provinces/ HTTP/1.1" 400 191
[WARNING] 2026-07-19 23:24:02,163 log 353324 125699646019264 Bad Request: /api/v1/geography/provinces/
[WARNING] 2026-07-19 23:24:02,164 basehttp 353324 125699646019264 "POST /api/v1/geography/provinces/ HTTP/1.1" 400 191
[WARNING] 2026-07-19 23:24:02,669 log 353324 125699646019264 Bad Request: /api/v1/geography/provinces/
[WARNING] 2026-07-19 23:24:02,669 basehttp 353324 125699646019264 "POST /api/v1/geography/provinces/ HTTP/1.1" 400 191
[WARNING] 2026-07-19 23:24:03,016 log 353324 125699646019264 Bad Request: /api/v1/geography/provinces/
[WARNING] 2026-07-19 23:24:03,016 basehttp 353324 125699646019264 "POST /api/v1/geography/provinces/ HTTP/1.1" 400 191
[WARNING] 2026-07-19 23:24:03,397 log 353324 125699646019264 Bad Request: /api/v1/geography/provinces/
[WARNING] 2026-07-19 23:24:03,398 basehttp 353324 125699646019264 "POST /api/v1/geography/provinces/ HTTP/1.1" 400 191
[INFO] 2026-07-19 23:24:11,310 base_service 353324 125699646019264 Province created: تهران
[INFO] 2026-07-19 23:24:11,498 basehttp 353324 125699646019264 "POST /api/v1/geography/provinces/ HTTP/1.1" 201 252
[INFO] 2026-07-19 23:24:11,645 basehttp 353324 125699646019264 "GET /api/v1/geography/provinces/?page=1&page_size=15 HTTP/1.1" 200 67
[WARNING] 2026-07-19 23:24:19,963 log 353324 125699646019264 Bad Request: /api/v1/geography/provinces/
[WARNING] 2026-07-19 23:24:19,964 basehttp 353324 125699646019264 "POST /api/v1/geography/provinces/ HTTP/1.1" 400 191
[INFO] 2026-07-19 23:24:27,029 base_service 353324 125699646019264 Province created: البرز
[INFO] 2026-07-19 23:24:27,179 basehttp 353324 125699646019264 "POST /api/v1/geography/provinces/ HTTP/1.1" 201 252
[INFO] 2026-07-19 23:24:27,299 basehttp 353324 125699646019264 "GET /api/v1/geography/provinces/?page=1&page_size=15 HTTP/1.1" 200 109
[WARNING] 2026-07-19 23:24:37,302 log 353324 125699877705408 Not Found: /
[WARNING] 2026-07-19 23:24:37,303 basehttp 353324 125699877705408 "GET / HTTP/1.1" 404 16955
[INFO] 2026-07-19 23:24:45,426 basehttp 353324 125699877705408 "GET /admin/ HTTP/1.1" 200 38928
[INFO] 2026-07-19 23:24:56,880 basehttp 353324 125699877705408 "GET /admin/geography/province/ HTTP/1.1" 200 39706
[INFO] 2026-07-19 23:24:56,911 basehttp 353324 125699897636544 "GET /static/admin/css/forms.css HTTP/1.1" 304 0
[INFO] 2026-07-19 23:24:56,913 basehttp 353324 125699886098112 "GET /static/admin/css/changelists.css HTTP/1.1" 304 0
[INFO] 2026-07-19 23:24:56,922 basehttp 353324 125699897636544 "GET /static/admin/js/admin/RelatedObjectLookups.js HTTP/1.1" 304 0
[INFO] 2026-07-19 23:24:56,922 basehttp 353324 125699634480832 "GET /static/admin/js/jquery.init.js HTTP/1.1" 304 0
[INFO] 2026-07-19 23:24:56,924 basehttp 353324 125699666998976 "GET /static/admin/js/vendor/jquery/jquery.js HTTP/1.1" 304 0
[INFO] 2026-07-19 23:24:56,930 basehttp 353324 125699626088128 "GET /static/admin/js/core.js HTTP/1.1" 304 0
[INFO] 2026-07-19 23:24:56,932 basehttp 353324 125699634480832 "GET /static/admin/css/widgets.css HTTP/1.1" 304 0
[INFO] 2026-07-19 23:24:56,934 basehttp 353324 125699886098112 "GET /static/admin/js/actions.js HTTP/1.1" 304 0
[INFO] 2026-07-19 23:24:56,940 basehttp 353324 125699666998976 "GET /static/admin/js/urlify.js HTTP/1.1" 304 0
[INFO] 2026-07-19 23:24:56,941 basehttp 353324 125699626088128 "GET /static/admin/js/prepopulate.js HTTP/1.1" 304 0
[INFO] 2026-07-19 23:24:56,968 basehttp 353324 125699897636544 "GET /static/admin/js/vendor/xregexp/xregexp.js HTTP/1.1" 304 0
[INFO] 2026-07-19 23:24:56,986 basehttp 353324 125699626088128 "GET /static/admin/img/search.svg HTTP/1.1" 304 0
[INFO] 2026-07-19 23:24:57,041 basehttp 353324 125699626088128 "GET /static/admin/js/filters.js HTTP/1.1" 304 0
[INFO] 2026-07-19 23:24:57,047 basehttp 353324 125699877705408 "GET /admin/jsi18n/ HTTP/1.1" 200 3343
[INFO] 2026-07-19 23:24:57,129 basehttp 353324 125699877705408 "GET /static/admin/img/tooltag-add.svg HTTP/1.1" 304 0
[INFO] 2026-07-19 23:24:57,130 basehttp 353324 125699626088128 "GET /static/admin/img/sorting-icons.svg HTTP/1.1" 304 0
[INFO] 2026-07-19 23:25:02,426 basehttp 353324 125699626088128 "POST /admin/geography/province/ HTTP/1.1" 302 0
[INFO] 2026-07-19 23:25:02,750 basehttp 353324 125699626088128 "GET /admin/geography/province/ HTTP/1.1" 200 39858
[INFO] 2026-07-19 23:25:02,876 basehttp 353324 125699626088128 "GET /admin/jsi18n/ HTTP/1.1" 200 3343
[INFO] 2026-07-19 23:25:02,949 basehttp 353324 125699626088128 "GET /static/admin/img/icon-yes.svg HTTP/1.1" 304 0
[INFO] 2026-07-19 23:25:06,294 basehttp 353324 125699646019264 "GET /api/v1/auth/me/ HTTP/1.1" 200 408
[INFO] 2026-07-19 23:25:06,488 basehttp 353324 125699646019264 "GET /api/v1/geography/provinces/?page=1&page_size=15 HTTP/1.1" 200 152
[INFO] 2026-07-19 23:25:06,607 basehttp 353324 125699646019264 "GET /api/v1/geography/provinces/?page=1&page_size=15 HTTP/1.1" 200 152
[INFO] 2026-07-19 23:41:38,073 basehttp 353324 125699656509120 "OPTIONS /api/v1/geography/provinces/3/cities/ HTTP/1.1" 200 0
[INFO] 2026-07-19 23:41:38,073 basehttp 353324 125699886098112 "OPTIONS /api/v1/geography/provinces/3/cities/ HTTP/1.1" 200 0
[INFO] 2026-07-19 23:41:38,241 basehttp 353324 125699886098112 "GET /api/v1/geography/provinces/3/cities/ HTTP/1.1" 200 26
[INFO] 2026-07-19 23:41:38,445 basehttp 353324 125699886098112 "GET /api/v1/geography/provinces/3/cities/ HTTP/1.1" 200 26
[INFO] 2026-07-19 23:41:42,860 basehttp 353324 125699886098112 "GET /api/v1/geography/provinces/?page_size=100 HTTP/1.1" 200 152
[INFO] 2026-07-19 23:41:43,030 basehttp 353324 125699656509120 "GET /api/v1/geography/cities/?page=1&page_size=15 HTTP/1.1" 200 83
[INFO] 2026-07-19 23:41:43,173 basehttp 353324 125699886098112 "GET /api/v1/geography/provinces/?page_size=100 HTTP/1.1" 200 152
[INFO] 2026-07-19 23:41:43,232 basehttp 353324 125699656509120 "GET /api/v1/geography/cities/?page=1&page_size=15 HTTP/1.1" 200 83
[INFO] 2026-07-19 23:41:53,243 basehttp 353324 125699656509120 "OPTIONS /api/v1/geography/cities/ HTTP/1.1" 200 0
[INFO] 2026-07-19 23:41:53,307 base_service 353324 125699656509120 City created: تهران in تهران
[INFO] 2026-07-19 23:41:53,499 basehttp 353324 125699656509120 "POST /api/v1/geography/cities/ HTTP/1.1" 201 282
[INFO] 2026-07-19 23:41:53,691 basehttp 353324 125699656509120 "GET /api/v1/geography/cities/?page=1&page_size=15 HTTP/1.1" 200 141
[INFO] 2026-07-19 23:43:13,740 basehttp 353324 125699656509120 "OPTIONS /api/v1/organizations/chambers/?page_size=500 HTTP/1.1" 200 0
[INFO] 2026-07-19 23:43:13,740 basehttp 353324 125699886098112 "OPTIONS /api/v1/organizations/unions/?page=1&page_size=9 HTTP/1.1" 200 0
[INFO] 2026-07-19 23:43:13,741 basehttp 353324 125699877705408 "OPTIONS /api/v1/organizations/chambers/?page_size=500 HTTP/1.1" 200 0
[INFO] 2026-07-19 23:43:13,743 basehttp 353324 125699897636544 "OPTIONS /api/v1/organizations/unions/?page=1&page_size=9 HTTP/1.1" 200 0
[INFO] 2026-07-19 23:43:13,925 basehttp 353324 125699886098112 "GET /api/v1/organizations/chambers/?page_size=500 HTTP/1.1" 200 109
[INFO] 2026-07-19 23:43:14,021 basehttp 353324 125699897636544 "GET /api/v1/organizations/unions/?page=1&page_size=9 HTTP/1.1" 200 109
[INFO] 2026-07-19 23:43:14,290 basehttp 353324 125699886098112 "GET /api/v1/organizations/chambers/?page_size=500 HTTP/1.1" 200 109
[INFO] 2026-07-19 23:43:14,343 basehttp 353324 125699897636544 "GET /api/v1/organizations/unions/?page=1&page_size=9 HTTP/1.1" 200 109
[INFO] 2026-07-19 23:46:05,602 basehttp 353324 125699897636544 "OPTIONS /api/v1/auth/logout/ HTTP/1.1" 200 0
[WARNING] 2026-07-19 23:46:05,713 log 353324 125699897636544 Bad Request: /api/v1/auth/logout/
[WARNING] 2026-07-19 23:46:05,713 basehttp 353324 125699897636544 "POST /api/v1/auth/logout/ HTTP/1.1" 400 132
[INFO] 2026-07-19 23:46:14,509 basehttp 353324 125699897636544 "GET /api/v1/geography/provinces/ HTTP/1.1" 200 152
[INFO] 2026-07-19 23:46:14,509 basehttp 353324 125699886098112 "GET /api/v1/pricing/official-prices/?page=1&is_today=true HTTP/1.1" 200 109
[INFO] 2026-07-19 23:46:14,635 basehttp 353324 125699897636544 "GET /api/v1/pricing/official-prices/?page=1&is_today=true HTTP/1.1" 200 109
[INFO] 2026-07-19 23:46:14,690 basehttp 353324 125699886098112 "GET /api/v1/geography/provinces/ HTTP/1.1" 200 152
[INFO] 2026-07-19 23:46:23,795 basehttp 353324 125699897636544 "GET /api/v1/pricing/official-prices/?page=1&is_today=true HTTP/1.1" 200 109
[INFO] 2026-07-19 23:46:23,951 basehttp 353324 125699886098112 "GET /api/v1/geography/provinces/ HTTP/1.1" 200 152
[INFO] 2026-07-19 23:46:24,094 basehttp 353324 125699886098112 "GET /api/v1/geography/provinces/ HTTP/1.1" 200 152
[INFO] 2026-07-19 23:46:24,145 basehttp 353324 125699897636544 "GET /api/v1/pricing/official-prices/?page=1&is_today=true HTTP/1.1" 200 109
[INFO] 2026-07-19 23:46:27,509 basehttp 353324 125699886098112 "GET /api/v1/pricing/official-prices/?page=1&is_today=true&province=1 HTTP/1.1" 200 109
[INFO] 2026-07-19 23:46:27,614 basehttp 353324 125699897636544 "GET /api/v1/geography/provinces/1/cities/ HTTP/1.1" 200 83
[INFO] 2026-07-19 23:46:29,367 basehttp 353324 125699897636544 "GET /api/v1/pricing/official-prices/?page=1&is_today=true&city=1 HTTP/1.1" 200 109
[INFO] 2026-07-19 23:46:31,233 basehttp 353324 125699897636544 "GET /api/v1/pricing/official-prices/?page=1&search=%D9%85&is_today=true&city=1 HTTP/1.1" 200 109
[INFO] 2026-07-19 23:46:31,565 basehttp 353324 125699897636544 "GET /api/v1/pricing/official-prices/?page=1&search=%D9%85%D8%B1&is_today=true&city=1 HTTP/1.1" 200 109
[INFO] 2026-07-19 23:46:31,739 basehttp 353324 125699897636544 "GET /api/v1/pricing/official-prices/?page=1&search=%D9%85%D8%B1%D8%BA&is_today=true&city=1 HTTP/1.1" 200 109
[INFO] 2026-07-19 23:46:32,856 basehttp 353324 125699897636544 "GET /api/v1/pricing/official-prices/?page=1&search=%D9%85%D8%B1%D8%BA&is_today=true&city=1 HTTP/1.1" 200 109
[INFO] 2026-07-19 23:46:34,239 basehttp 353324 125699897636544 "GET /api/v1/pricing/official-prices/?page=1&search=%D9%85%D8%B1%D8%BA&is_today=true&city=1 HTTP/1.1" 200 109
[INFO] 2026-07-19 23:46:52,918 base_service 353324 125699897636544 User logged in with password: 09056419609
[INFO] 2026-07-19 23:46:53,024 basehttp 353324 125699897636544 "POST /api/v1/auth/login/ HTTP/1.1" 200 1128
[INFO] 2026-07-19 23:46:53,249 basehttp 353324 125699897636544 "GET /api/v1/auth/me/ HTTP/1.1" 200 408
[INFO] 2026-07-19 23:46:53,555 basehttp 353324 125699897636544 "GET /api/v1/auth/users/?page=1&page_size=10 HTTP/1.1" 200 2172
[INFO] 2026-07-19 23:46:53,726 basehttp 353324 125699897636544 "GET /api/v1/auth/users/?page=1&page_size=10 HTTP/1.1" 200 2172
[INFO] 2026-07-19 23:47:17,183 basehttp 353324 125699886098112 "OPTIONS /api/v1/products/categories/?page_size=200 HTTP/1.1" 200 0
[INFO] 2026-07-19 23:47:17,183 basehttp 353324 125699897636544 "OPTIONS /api/v1/products/categories/?page_size=200 HTTP/1.1" 200 0
[INFO] 2026-07-19 23:47:17,336 basehttp 353324 125699886098112 "GET /api/v1/products/categories/?page_size=200 HTTP/1.1" 200 26
[INFO] 2026-07-19 23:47:17,495 basehttp 353324 125699886098112 "GET /api/v1/products/categories/?page_size=200 HTTP/1.1" 200 26
[INFO] 2026-07-19 23:47:20,848 basehttp 353324 125699886098112 "GET /api/v1/organizations/chambers/?page_size=500 HTTP/1.1" 200 109
[INFO] 2026-07-19 23:47:20,980 basehttp 353324 125699897636544 "GET /api/v1/organizations/unions/?page=1&page_size=9 HTTP/1.1" 200 109
[INFO] 2026-07-19 23:47:21,157 basehttp 353324 125699886098112 "GET /api/v1/organizations/chambers/?page_size=500 HTTP/1.1" 200 109
[INFO] 2026-07-19 23:47:21,213 basehttp 353324 125699897636544 "GET /api/v1/organizations/unions/?page=1&page_size=9 HTTP/1.1" 200 109
[INFO] 2026-07-19 23:47:51,898 basehttp 353324 125699897636544 "GET /api/v1/auth/me/ HTTP/1.1" 200 408
[INFO] 2026-07-19 23:47:52,133 basehttp 353324 125699886098112 "GET /api/v1/organizations/unions/?page=1&page_size=9 HTTP/1.1" 200 109
[INFO] 2026-07-19 23:47:52,293 basehttp 353324 125699897636544 "GET /api/v1/organizations/chambers/?page_size=500 HTTP/1.1" 200 109
[INFO] 2026-07-19 23:47:52,442 basehttp 353324 125699886098112 "GET /api/v1/organizations/unions/?page=1&page_size=9 HTTP/1.1" 200 109
[INFO] 2026-07-19 23:47:52,496 basehttp 353324 125699897636544 "GET /api/v1/organizations/chambers/?page_size=500 HTTP/1.1" 200 109
[INFO] 2026-07-19 23:48:33,120 basehttp 353324 125699897636544 "OPTIONS /api/v1/geography/cities/?page_size=500 HTTP/1.1" 200 0
[INFO] 2026-07-19 23:48:33,122 basehttp 353324 125699886098112 "OPTIONS /api/v1/organizations/chambers/?page=1&page_size=9 HTTP/1.1" 200 0
[INFO] 2026-07-19 23:48:33,123 basehttp 353324 125699656509120 "OPTIONS /api/v1/geography/cities/?page_size=500 HTTP/1.1" 200 0
[INFO] 2026-07-19 23:48:33,124 basehttp 353324 125699877705408 "OPTIONS /api/v1/organizations/chambers/?page=1&page_size=9 HTTP/1.1" 200 0
[INFO] 2026-07-19 23:48:33,298 basehttp 353324 125699877705408 "GET /api/v1/organizations/chambers/?page=1&page_size=9 HTTP/1.1" 200 109
[INFO] 2026-07-19 23:48:33,434 basehttp 353324 125699897636544 "GET /api/v1/geography/cities/?page_size=500 HTTP/1.1" 200 141
[INFO] 2026-07-19 23:48:33,706 basehttp 353324 125699877705408 "GET /api/v1/organizations/chambers/?page=1&page_size=9 HTTP/1.1" 200 109
[INFO] 2026-07-19 23:48:33,768 basehttp 353324 125699897636544 "GET /api/v1/geography/cities/?page_size=500 HTTP/1.1" 200 141
[INFO] 2026-07-19 23:49:05,109 basehttp 353324 125699897636544 "OPTIONS /api/v1/organizations/chambers/ HTTP/1.1" 200 0
[INFO] 2026-07-19 23:49:05,155 signals 353324 125699897636544 Chamber created: مرغ و گوشت in city: همدان
[INFO] 2026-07-19 23:49:05,155 base_service 353324 125699897636544 Chamber created: مرغ و گوشت in city: همدان
[INFO] 2026-07-19 23:49:05,314 basehttp 353324 125699897636544 "POST /api/v1/organizations/chambers/ HTTP/1.1" 201 494
[INFO] 2026-07-19 23:49:05,581 basehttp 353324 125699897636544 "GET /api/v1/organizations/chambers/?page=1&page_size=9 HTTP/1.1" 200 279
[INFO] 2026-07-19 23:49:07,931 basehttp 353324 125699877705408 "GET /api/v1/organizations/unions/?page=1&page_size=9 HTTP/1.1" 200 109
[INFO] 2026-07-19 23:49:08,066 basehttp 353324 125699897636544 "GET /api/v1/organizations/chambers/?page_size=500 HTTP/1.1" 200 279
[INFO] 2026-07-19 23:49:08,215 basehttp 353324 125699877705408 "GET /api/v1/organizations/unions/?page=1&page_size=9 HTTP/1.1" 200 109
[INFO] 2026-07-19 23:49:08,332 basehttp 353324 125699897636544 "GET /api/v1/organizations/chambers/?page_size=500 HTTP/1.1" 200 279
[INFO] 2026-07-19 23:49:44,062 basehttp 353324 125699897636544 "OPTIONS /api/v1/organizations/unions/ HTTP/1.1" 200 0
[INFO] 2026-07-19 23:49:44,131 signals 353324 125699897636544 Union created: اتحادیه مرغ و گوشت همدان in chamber: مرغ و گوشت
[INFO] 2026-07-19 23:49:44,131 base_service 353324 125699897636544 Union created: اتحادیه مرغ و گوشت همدان in chamber: مرغ و گوشت
[INFO] 2026-07-19 23:49:44,303 basehttp 353324 125699897636544 "POST /api/v1/organizations/unions/ HTTP/1.1" 201 665
[INFO] 2026-07-19 23:49:44,539 basehttp 353324 125699897636544 "GET /api/v1/organizations/unions/?page=1&page_size=9 HTTP/1.1" 200 344
[INFO] 2026-07-19 23:49:56,181 basehttp 353324 125699897636544 "OPTIONS /api/v1/organizations/unions/1/assign-manager/ HTTP/1.1" 200 0
[ERROR] 2026-07-19 23:49:56,227 api_exceptions 353324 125699897636544 Unhandled exception occurred
Traceback (most recent call last):
  File "/home/nimamakhmali/Documents/Rayan Pajouhan/Nazer-Bazaar/backend/venv/lib/python3.12/site-packages/rest_framework/views.py", line 506, in dispatch
    response = handler(request, *args, **kwargs)
               ^^^^^^^^^^^^^^^^^^^^^^^^^^^^^^^^^
  File "/home/nimamakhmali/Documents/Rayan Pajouhan/Nazer-Bazaar/backend/apps/organizations/views/union_views.py", line 217, in post
    updated = service.assign_manager(
              ^^^^^^^^^^^^^^^^^^^^^^^
  File "/home/nimamakhmali/Documents/Rayan Pajouhan/Nazer-Bazaar/backend/apps/organizations/services/union_service.py", line 219, in assign_manager
    manager = ProvinceOfficeService._get_valid_manager(
              ^^^^^^^^^^^^^^^^^^^^^^^^^^^^^^^^^^^^^^^^^
  File "/home/nimamakhmali/Documents/Rayan Pajouhan/Nazer-Bazaar/backend/apps/organizations/services/province_office_service.py", line 214, in _get_valid_manager
    raise ValueError(
ValueError: کاربر انتخاب‌شده نقش "union_manager" ندارد
[ERROR] 2026-07-19 23:49:56,357 log 353324 125699897636544 Internal Server Error: /api/v1/organizations/unions/1/assign-manager/
[ERROR] 2026-07-19 23:49:56,358 basehttp 353324 125699897636544 "POST /api/v1/organizations/unions/1/assign-manager/ HTTP/1.1" 500 111
[INFO] 2026-07-19 23:50:07,005 basehttp 353324 125699877705408 "OPTIONS /api/v1/stores/?page=1&page_size=10 HTTP/1.1" 200 0
[INFO] 2026-07-19 23:50:07,005 basehttp 353324 125699897636544 "OPTIONS /api/v1/stores/?page=1&page_size=10 HTTP/1.1" 200 0
[INFO] 2026-07-19 23:50:07,132 basehttp 353324 125699897636544 "GET /api/v1/stores/?page=1&page_size=10 HTTP/1.1" 200 109
[INFO] 2026-07-19 23:50:07,292 basehttp 353324 125699897636544 "GET /api/v1/stores/?page=1&page_size=10 HTTP/1.1" 200 109
[INFO] 2026-07-19 23:50:11,665 basehttp 353324 125699877705408 "OPTIONS /api/v1/products/units/ HTTP/1.1" 200 0
[INFO] 2026-07-19 23:50:11,666 basehttp 353324 125699656509120 "OPTIONS /api/v1/products/?page=1&page_size=12 HTTP/1.1" 200 0
[INFO] 2026-07-19 23:50:11,666 basehttp 353324 125699886098112 "OPTIONS /api/v1/products/units/ HTTP/1.1" 200 0
[INFO] 2026-07-19 23:50:11,668 basehttp 353324 125699646019264 "OPTIONS /api/v1/products/?page=1&page_size=12 HTTP/1.1" 200 0
[INFO] 2026-07-19 23:50:11,914 basehttp 353324 125699646019264 "GET /api/v1/products/?page=1&page_size=12 HTTP/1.1" 200 109
[INFO] 2026-07-19 23:50:12,045 basehttp 353324 125699877705408 "GET /api/v1/products/units/ HTTP/1.1" 200 26
[INFO] 2026-07-19 23:50:12,137 basehttp 353324 125699897636544 "GET /api/v1/products/categories/?page_size=200 HTTP/1.1" 200 26
[INFO] 2026-07-19 23:50:12,455 basehttp 353324 125699646019264 "GET /api/v1/products/?page=1&page_size=12 HTTP/1.1" 200 109
[INFO] 2026-07-19 23:50:12,520 basehttp 353324 125699877705408 "GET /api/v1/products/units/ HTTP/1.1" 200 26
[INFO] 2026-07-19 23:50:12,565 basehttp 353324 125699897636544 "GET /api/v1/products/categories/?page_size=200 HTTP/1.1" 200 26
[INFO] 2026-07-19 23:50:24,162 basehttp 353324 125699897636544 "GET /api/v1/products/categories/?page_size=200 HTTP/1.1" 200 26
[INFO] 2026-07-19 23:50:24,276 basehttp 353324 125699897636544 "GET /api/v1/products/categories/?page_size=200 HTTP/1.1" 200 26
[INFO] 2026-07-19 23:50:41,342 basehttp 353324 125699897636544 "OPTIONS /api/v1/products/categories/ HTTP/1.1" 200 0
[INFO] 2026-07-19 23:50:41,402 base_service 353324 125699897636544 ProductCategory created: مرغ و گوشت
[INFO] 2026-07-19 23:50:41,573 basehttp 353324 125699897636544 "POST /api/v1/products/categories/ HTTP/1.1" 201 426
[INFO] 2026-07-19 23:50:41,873 basehttp 353324 125699897636544 "GET /api/v1/products/categories/?page_size=200 HTTP/1.1" 200 198
[INFO] 2026-07-19 23:50:44,096 basehttp 353324 125699877705408 "GET /api/v1/products/units/ HTTP/1.1" 200 26
[INFO] 2026-07-19 23:50:44,219 basehttp 353324 125699646019264 "GET /api/v1/products/?page=1&page_size=12 HTTP/1.1" 200 109
[INFO] 2026-07-19 23:50:44,416 basehttp 353324 125699897636544 "GET /api/v1/products/categories/?page_size=200 HTTP/1.1" 200 198
[INFO] 2026-07-19 23:50:44,611 basehttp 353324 125699877705408 "GET /api/v1/products/units/ HTTP/1.1" 200 26
[INFO] 2026-07-19 23:50:44,671 basehttp 353324 125699646019264 "GET /api/v1/products/?page=1&page_size=12 HTTP/1.1" 200 109
[INFO] 2026-07-19 23:50:44,772 basehttp 353324 125699897636544 "GET /api/v1/products/categories/?page_size=200 HTTP/1.1" 200 198
[INFO] 2026-07-19 23:51:14,008 basehttp 353324 125699634480832 "GET /admin/products/productunit/ HTTP/1.1" 200 35925
[INFO] 2026-07-19 23:51:14,128 basehttp 353324 125699634480832 "GET /admin/jsi18n/ HTTP/1.1" 200 3343
[INFO] 2026-07-19 23:51:17,912 basehttp 353324 125699634480832 "GET /admin/products/productunit/add/ HTTP/1.1" 200 39179
[INFO] 2026-07-19 23:51:17,940 basehttp 353324 125699626088128 "GET /static/admin/js/prepopulate_init.js HTTP/1.1" 304 0
[INFO] 2026-07-19 23:51:17,941 basehttp 353324 125699617695424 "GET /static/admin/js/change_form.js HTTP/1.1" 304 0
[INFO] 2026-07-19 23:51:18,039 basehttp 353324 125699634480832 "GET /admin/jsi18n/ HTTP/1.1" 200 3343
[INFO] 2026-07-19 23:51:30,981 basehttp 353324 125699634480832 "POST /admin/products/productunit/add/ HTTP/1.1" 302 0
[INFO] 2026-07-19 23:51:31,251 basehttp 353324 125699634480832 "GET /admin/products/productunit/ HTTP/1.1" 200 38398
[INFO] 2026-07-19 23:51:31,429 basehttp 353324 125699634480832 "GET /admin/jsi18n/ HTTP/1.1" 200 3343
[INFO] 2026-07-19 23:51:35,966 basehttp 353324 125699897636544 "GET /api/v1/auth/me/ HTTP/1.1" 200 408
[INFO] 2026-07-19 23:51:36,390 basehttp 353324 125699877705408 "GET /api/v1/products/?page=1&page_size=12 HTTP/1.1" 200 109
[INFO] 2026-07-19 23:51:36,418 basehttp 353324 125699646019264 "GET /api/v1/products/units/ HTTP/1.1" 200 89
[INFO] 2026-07-19 23:51:36,640 basehttp 353324 125699897636544 "GET /api/v1/products/categories/?page_size=200 HTTP/1.1" 200 198
[INFO] 2026-07-19 23:51:36,936 basehttp 353324 125699886098112 "GET /api/v1/products/?page=1&page_size=12 HTTP/1.1" 200 109
[INFO] 2026-07-19 23:51:36,937 basehttp 353324 125699646019264 "GET /api/v1/products/units/ HTTP/1.1" 200 89
[INFO] 2026-07-19 23:51:37,015 basehttp 353324 125699897636544 "GET /api/v1/products/categories/?page_size=200 HTTP/1.1" 200 198
[INFO] 2026-07-19 23:51:58,790 basehttp 353324 125699897636544 "OPTIONS /api/v1/products/ HTTP/1.1" 200 0
[INFO] 2026-07-19 23:51:58,881 signals 353324 125699897636544 New product created: مرغ شمال in category: مرغ و گوشت
[INFO] 2026-07-19 23:51:58,882 base_service 353324 125699897636544 Product created: مرغ شمال
[INFO] 2026-07-19 23:51:59,070 basehttp 353324 125699897636544 "POST /api/v1/products/ HTTP/1.1" 201 676
[INFO] 2026-07-19 23:51:59,399 basehttp 353324 125699897636544 "GET /api/v1/products/?page=1&page_size=12 HTTP/1.1" 200 341
[INFO] 2026-07-19 23:52:03,944 basehttp 353324 125699897636544 "GET /api/v1/stores/?page=1&page_size=10 HTTP/1.1" 200 109
[INFO] 2026-07-19 23:52:04,072 basehttp 353324 125699897636544 "GET /api/v1/stores/?page=1&page_size=10 HTTP/1.1" 200 109
[INFO] 2026-07-19 23:52:15,258 basehttp 353324 125699634480832 "GET /admin/stores/store/ HTTP/1.1" 200 37598
[INFO] 2026-07-19 23:52:15,392 basehttp 353324 125699634480832 "GET /admin/jsi18n/ HTTP/1.1" 200 3343
[INFO] 2026-07-19 23:52:17,373 basehttp 353324 125699634480832 "GET /admin/stores/store/add/ HTTP/1.1" 200 54286
[INFO] 2026-07-19 23:52:17,409 basehttp 353324 125699626088128 "GET /static/admin/css/autocomplete.css HTTP/1.1" 200 9114
[INFO] 2026-07-19 23:52:17,409 basehttp 353324 125699197236928 "GET /static/admin/js/vendor/select2/i18n/en.js HTTP/1.1" 200 844
[INFO] 2026-07-19 23:52:17,413 basehttp 353324 125699617695424 "GET /static/admin/css/vendor/select2/select2.css HTTP/1.1" 200 17358
[INFO] 2026-07-19 23:52:17,414 basehttp 353324 125699188844224 "GET /static/admin/js/autocomplete.js HTTP/1.1" 200 1060
[INFO] 2026-07-19 23:52:17,415 basehttp 353324 125699626088128 "GET /static/admin/js/collapse.js HTTP/1.1" 304 0
[INFO] 2026-07-19 23:52:17,428 basehttp 353324 125699609302720 "GET /static/admin/js/vendor/select2/select2.full.js HTTP/1.1" 200 173566
[INFO] 2026-07-19 23:52:17,448 basehttp 353324 125699609302720 "GET /static/admin/img/icon-deletelink.svg HTTP/1.1" 304 0
[INFO] 2026-07-19 23:52:17,514 basehttp 353324 125699634480832 "GET /admin/jsi18n/ HTTP/1.1" 200 3343
[INFO] 2026-07-19 23:52:18,815 basehttp 353324 125699634480832 "GET /admin/autocomplete/?app_label=stores&model_name=store&field_name=union HTTP/1.1" 200 226
[INFO] 2026-07-19 23:52:19,049 basehttp 353324 125699634480832 "GET /__debug__/history_sidebar/?store_id=3062afa1b6244a9f94722c849878d3bc HTTP/1.1" 200 10290
[INFO] 2026-07-19 23:52:21,418 basehttp 353324 125699634480832 "GET /admin/autocomplete/?app_label=stores&model_name=store&field_name=owner HTTP/1.1" 200 96
[INFO] 2026-07-19 23:52:21,651 basehttp 353324 125699634480832 "GET /__debug__/history_sidebar/?store_id=31485ef63a2745e39ca6cd781acfdef4 HTTP/1.1" 200 10290
[INFO] 2026-07-19 23:52:55,698 signals 353324 125699634480832 New store registered: مرغ فروشی مخملی in union: اتحادیه مرغ و گوشت همدان
[INFO] 2026-07-19 23:52:55,893 basehttp 353324 125699634480832 "POST /admin/stores/store/add/ HTTP/1.1" 302 0
[INFO] 2026-07-19 23:52:56,429 basehttp 353324 125699634480832 "GET /admin/stores/store/ HTTP/1.1" 200 41230
[INFO] 2026-07-19 23:52:56,599 basehttp 353324 125699634480832 "GET /admin/jsi18n/ HTTP/1.1" 200 3343
[INFO] 2026-07-19 23:53:02,712 basehttp 353324 125699897636544 "GET /api/v1/auth/me/ HTTP/1.1" 200 408
[INFO] 2026-07-19 23:53:02,988 basehttp 353324 125699897636544 "GET /api/v1/stores/?page=1&page_size=10 HTTP/1.1" 200 435
[INFO] 2026-07-19 23:53:03,148 basehttp 353324 125699897636544 "GET /api/v1/stores/?page=1&page_size=10 HTTP/1.1" 200 435
[INFO] 2026-07-19 23:53:07,086 basehttp 353324 125699897636544 "GET /api/v1/products/categories/?page_size=200 HTTP/1.1" 200 198
[INFO] 2026-07-19 23:53:07,131 basehttp 353324 125699886098112 "GET /api/v1/products/?page=1&page_size=12 HTTP/1.1" 200 341
[INFO] 2026-07-19 23:53:07,356 basehttp 353324 125699646019264 "GET /api/v1/products/units/ HTTP/1.1" 200 89
[INFO] 2026-07-19 23:53:07,646 basehttp 353324 125699897636544 "GET /api/v1/products/categories/?page_size=200 HTTP/1.1" 200 198
[INFO] 2026-07-19 23:53:07,718 basehttp 353324 125699886098112 "GET /api/v1/products/?page=1&page_size=12 HTTP/1.1" 200 341
[INFO] 2026-07-19 23:53:07,767 basehttp 353324 125699877705408 "GET /api/v1/products/units/ HTTP/1.1" 200 89
[INFO] 2026-07-19 23:53:08,325 basehttp 353324 125699877705408 "GET /api/v1/stores/?page=1&page_size=10 HTTP/1.1" 200 435
[INFO] 2026-07-19 23:53:08,491 basehttp 353324 125699877705408 "GET /api/v1/stores/?page=1&page_size=10 HTTP/1.1" 200 435
[INFO] 2026-07-19 23:53:12,896 basehttp 353324 125699886098112 "GET /api/v1/products/units/ HTTP/1.1" 200 89
[INFO] 2026-07-19 23:53:13,171 basehttp 353324 125699897636544 "GET /api/v1/products/?page=1&page_size=12 HTTP/1.1" 200 341
[INFO] 2026-07-19 23:53:13,186 basehttp 353324 125699877705408 "GET /api/v1/products/categories/?page_size=200 HTTP/1.1" 200 198
[INFO] 2026-07-19 23:53:13,380 basehttp 353324 125699886098112 "GET /api/v1/products/units/ HTTP/1.1" 200 89
[INFO] 2026-07-19 23:53:13,493 basehttp 353324 125699897636544 "GET /api/v1/products/?page=1&page_size=12 HTTP/1.1" 200 341
[INFO] 2026-07-19 23:53:13,555 basehttp 353324 125699877705408 "GET /api/v1/products/categories/?page_size=200 HTTP/1.1" 200 198
[INFO] 2026-07-19 23:53:23,433 basehttp 353324 125699877705408 "GET /api/v1/products/categories/?page_size=200 HTTP/1.1" 200 198
[INFO] 2026-07-19 23:53:23,595 basehttp 353324 125699877705408 "GET /api/v1/products/categories/?page_size=200 HTTP/1.1" 200 198
[WARNING] 2026-07-20 00:52:33,134 log 353324 125699646019264 Bad Request: /api/v1/auth/logout/
[WARNING] 2026-07-20 00:52:33,135 basehttp 353324 125699646019264 "POST /api/v1/auth/logout/ HTTP/1.1" 400 132
[INFO] 2026-07-20 00:53:03,177 basehttp 353324 125699886098112 "GET /admin/accounts/user/ HTTP/1.1" 200 42483
[INFO] 2026-07-20 00:53:03,229 basehttp 353324 125699877705408 "GET /static/admin/img/icon-no.svg HTTP/1.1" 304 0
[INFO] 2026-07-20 00:53:03,331 basehttp 353324 125699886098112 "GET /admin/jsi18n/ HTTP/1.1" 200 3343
[INFO] 2026-07-20 00:53:17,201 base_service 353324 125699646019264 User logged in with password: 09184423221
[INFO] 2026-07-20 00:53:17,328 basehttp 353324 125699646019264 "POST /api/v1/auth/login/ HTTP/1.1" 200 1140
[INFO] 2026-07-20 00:53:20,710 basehttp 353324 125699197236928 "GET /api/v1/complaints/my/?page_size=5 HTTP/1.1" 200 2
[INFO] 2026-07-20 00:53:21,020 basehttp 353324 125699646019264 "GET /api/v1/stores/?page_size=1 HTTP/1.1" 200 435
[INFO] 2026-07-20 00:53:21,204 basehttp 353324 125699197236928 "GET /api/v1/complaints/my/?page_size=5 HTTP/1.1" 200 2
[INFO] 2026-07-20 00:53:21,355 basehttp 353324 125699646019264 "GET /api/v1/stores/?page_size=1 HTTP/1.1" 200 435
[INFO] 2026-07-20 00:53:27,276 basehttp 353324 125699197236928 "GET /api/v1/complaints/my/?page_size=5 HTTP/1.1" 200 2
[INFO] 2026-07-20 00:53:27,472 basehttp 353324 125699646019264 "GET /api/v1/stores/?page_size=1 HTTP/1.1" 200 435
[INFO] 2026-07-20 00:53:27,869 basehttp 353324 125699197236928 "GET /api/v1/complaints/my/?page_size=5 HTTP/1.1" 200 2
[INFO] 2026-07-20 00:53:27,901 basehttp 353324 125699646019264 "GET /api/v1/stores/?page_size=1 HTTP/1.1" 200 435
[INFO] 2026-07-20 00:55:14,510 basehttp 353324 125699886098112 "GET /admin/accounts/user/7/change/ HTTP/1.1" 200 66431
[INFO] 2026-07-20 00:55:14,536 basehttp 353324 125699877705408 "GET /static/admin/js/SelectBox.js HTTP/1.1" 304 0
[INFO] 2026-07-20 00:55:14,539 basehttp 353324 125699897636544 "GET /static/admin/js/SelectFilter2.js HTTP/1.1" 304 0
[INFO] 2026-07-20 00:55:14,635 basehttp 353324 125699886098112 "GET /admin/jsi18n/ HTTP/1.1" 200 3343
[INFO] 2026-07-20 00:55:41,705 basehttp 353324 125699646019264 "GET /api/v1/auth/me/ HTTP/1.1" 200 404
[INFO] 2026-07-20 00:55:46,276 basehttp 353324 125699886098112 "POST /admin/accounts/user/7/change/ HTTP/1.1" 302 0
[INFO] 2026-07-20 00:55:46,564 basehttp 353324 125699886098112 "GET /admin/accounts/user/ HTTP/1.1" 200 42697
[INFO] 2026-07-20 00:55:46,768 basehttp 353324 125699886098112 "GET /admin/jsi18n/ HTTP/1.1" 200 3343
[INFO] 2026-07-20 00:55:50,223 basehttp 353324 125699646019264 "GET /api/v1/auth/me/ HTTP/1.1" 200 390
[INFO] 2026-07-20 00:55:54,125 basehttp 353324 125699197236928 "GET /api/v1/complaints/my/?page_size=5 HTTP/1.1" 200 2
[INFO] 2026-07-20 00:55:54,358 basehttp 353324 125699646019264 "GET /api/v1/stores/?page_size=1 HTTP/1.1" 200 435
[INFO] 2026-07-20 00:55:54,520 basehttp 353324 125699197236928 "GET /api/v1/complaints/my/?page_size=5 HTTP/1.1" 200 2
[INFO] 2026-07-20 00:55:54,610 basehttp 353324 125699646019264 "GET /api/v1/stores/?page_size=1 HTTP/1.1" 200 435
[INFO] 2026-07-20 00:56:22,866 basehttp 353324 125699646019264 "OPTIONS /api/v1/stores/?search=lv&status=active HTTP/1.1" 200 0
[INFO] 2026-07-20 00:56:23,045 basehttp 353324 125699646019264 "GET /api/v1/stores/?search=lv&status=active HTTP/1.1" 200 109
[INFO] 2026-07-20 00:56:24,110 basehttp 353324 125699646019264 "OPTIONS /api/v1/stores/?search=lvy+alh&status=active HTTP/1.1" 200 0
[INFO] 2026-07-20 00:56:24,265 basehttp 353324 125699646019264 "GET /api/v1/stores/?search=lvy+alh&status=active HTTP/1.1" 200 109
[INFO] 2026-07-20 00:56:24,766 basehttp 353324 125699646019264 "OPTIONS /api/v1/stores/?search=lvy+al&status=active HTTP/1.1" 200 0
[INFO] 2026-07-20 00:56:24,934 basehttp 353324 125699646019264 "GET /api/v1/stores/?search=lvy+al&status=active HTTP/1.1" 200 109
[INFO] 2026-07-20 00:56:29,589 basehttp 353324 125699646019264 "OPTIONS /api/v1/stores/?search=%D9%85%D8%B1&status=active HTTP/1.1" 200 0
[INFO] 2026-07-20 00:56:29,845 basehttp 353324 125699646019264 "GET /api/v1/stores/?search=%D9%85%D8%B1&status=active HTTP/1.1" 200 435
[INFO] 2026-07-20 00:56:30,895 basehttp 353324 125699646019264 "OPTIONS /api/v1/stores/?search=%D9%85%D8%B1%D8%BA+%D8%B4%D9%85%D8%A7&status=active HTTP/1.1" 200 0
[INFO] 2026-07-20 00:56:31,055 basehttp 353324 125699646019264 "GET /api/v1/stores/?search=%D9%85%D8%B1%D8%BA+%D8%B4%D9%85%D8%A7&status=active HTTP/1.1" 200 109
[INFO] 2026-07-20 00:56:32,518 basehttp 353324 125699646019264 "OPTIONS /api/v1/stores/?search=%D9%85%D8%B1%D8%BA+%D8%B4%D9%85&status=active HTTP/1.1" 200 0
[INFO] 2026-07-20 00:56:32,740 basehttp 353324 125699646019264 "GET /api/v1/stores/?search=%D9%85%D8%B1%D8%BA+%D8%B4%D9%85&status=active HTTP/1.1" 200 109
[INFO] 2026-07-20 00:56:33,438 basehttp 353324 125699646019264 "OPTIONS /api/v1/stores/?search=%D9%85%D8%B1%D8%BA&status=active HTTP/1.1" 200 0
[INFO] 2026-07-20 00:56:33,678 basehttp 353324 125699646019264 "GET /api/v1/stores/?search=%D9%85%D8%B1%D8%BA&status=active HTTP/1.1" 200 435
[INFO] 2026-07-20 00:56:34,822 basehttp 353324 125699646019264 "GET /api/v1/products/ HTTP/1.1" 200 341
[INFO] 2026-07-20 00:56:36,425 basehttp 353324 125699646019264 "OPTIONS /api/v1/pricing/official-prices/today/?union=1&product=1 HTTP/1.1" 200 0
[INFO] 2026-07-20 00:56:36,627 basehttp 353324 125699646019264 "GET /api/v1/pricing/official-prices/today/?union=1&product=1 HTTP/1.1" 200 26
[INFO] 2026-07-20 00:57:20,098 basehttp 353324 125699646019264 "OPTIONS /api/v1/complaints/ HTTP/1.1" 200 0
[ERROR] 2026-07-20 00:57:20,156 api_exceptions 353324 125699646019264 Unhandled exception occurred
Traceback (most recent call last):
  File "/home/nimamakhmali/Documents/Rayan Pajouhan/Nazer-Bazaar/backend/venv/lib/python3.12/site-packages/rest_framework/views.py", line 506, in dispatch
    response = handler(request, *args, **kwargs)
               ^^^^^^^^^^^^^^^^^^^^^^^^^^^^^^^^^
  File "/home/nimamakhmali/Documents/Rayan Pajouhan/Nazer-Bazaar/backend/apps/complaints/views/complaint_views.py", line 42, in post
    complaint = service.create(
                ^^^^^^^^^^^^^^^
TypeError: ComplaintService.create() got an unexpected keyword argument 'store'
[ERROR] 2026-07-20 00:57:20,295 log 353324 125699646019264 Internal Server Error: /api/v1/complaints/
[ERROR] 2026-07-20 00:57:20,296 basehttp 353324 125699646019264 "POST /api/v1/complaints/ HTTP/1.1" 500 111
[ERROR] 2026-07-20 00:57:29,057 api_exceptions 353324 125699646019264 Unhandled exception occurred
Traceback (most recent call last):
  File "/home/nimamakhmali/Documents/Rayan Pajouhan/Nazer-Bazaar/backend/venv/lib/python3.12/site-packages/rest_framework/views.py", line 506, in dispatch
    response = handler(request, *args, **kwargs)
               ^^^^^^^^^^^^^^^^^^^^^^^^^^^^^^^^^
  File "/home/nimamakhmali/Documents/Rayan Pajouhan/Nazer-Bazaar/backend/apps/complaints/views/complaint_views.py", line 42, in post
    complaint = service.create(
                ^^^^^^^^^^^^^^^
TypeError: ComplaintService.create() got an unexpected keyword argument 'store'
[ERROR] 2026-07-20 00:57:29,168 log 353324 125699646019264 Internal Server Error: /api/v1/complaints/
[ERROR] 2026-07-20 00:57:29,169 basehttp 353324 125699646019264 "POST /api/v1/complaints/ HTTP/1.1" 500 111
[ERROR] 2026-07-20 00:57:54,568 api_exceptions 353324 125699646019264 Unhandled exception occurred
Traceback (most recent call last):
  File "/home/nimamakhmali/Documents/Rayan Pajouhan/Nazer-Bazaar/backend/venv/lib/python3.12/site-packages/rest_framework/views.py", line 506, in dispatch
    response = handler(request, *args, **kwargs)
               ^^^^^^^^^^^^^^^^^^^^^^^^^^^^^^^^^
  File "/home/nimamakhmali/Documents/Rayan Pajouhan/Nazer-Bazaar/backend/apps/complaints/views/complaint_views.py", line 42, in post
    complaint = service.create(
                ^^^^^^^^^^^^^^^
TypeError: ComplaintService.create() got an unexpected keyword argument 'store'
[ERROR] 2026-07-20 00:57:54,668 log 353324 125699646019264 Internal Server Error: /api/v1/complaints/
[ERROR] 2026-07-20 00:57:54,669 basehttp 353324 125699646019264 "POST /api/v1/complaints/ HTTP/1.1" 500 111
[ERROR] 2026-07-20 00:57:55,785 api_exceptions 353324 125699646019264 Unhandled exception occurred
Traceback (most recent call last):
  File "/home/nimamakhmali/Documents/Rayan Pajouhan/Nazer-Bazaar/backend/venv/lib/python3.12/site-packages/rest_framework/views.py", line 506, in dispatch
    response = handler(request, *args, **kwargs)
               ^^^^^^^^^^^^^^^^^^^^^^^^^^^^^^^^^
  File "/home/nimamakhmali/Documents/Rayan Pajouhan/Nazer-Bazaar/backend/apps/complaints/views/complaint_views.py", line 42, in post
    complaint = service.create(
                ^^^^^^^^^^^^^^^
TypeError: ComplaintService.create() got an unexpected keyword argument 'store'
[ERROR] 2026-07-20 00:57:55,946 log 353324 125699646019264 Internal Server Error: /api/v1/complaints/
[ERROR] 2026-07-20 00:57:55,946 basehttp 353324 125699646019264 "POST /api/v1/complaints/ HTTP/1.1" 500 111
[INFO] 2026-07-20 00:58:00,016 basehttp 353324 125699197236928 "GET /api/v1/complaints/my/?page_size=5 HTTP/1.1" 200 2
[INFO] 2026-07-20 00:58:00,306 basehttp 353324 125699646019264 "GET /api/v1/stores/?page_size=1 HTTP/1.1" 200 435
[INFO] 2026-07-20 00:58:00,489 basehttp 353324 125699197236928 "GET /api/v1/complaints/my/?page_size=5 HTTP/1.1" 200 2
[INFO] 2026-07-20 00:58:00,576 basehttp 353324 125699646019264 "GET /api/v1/stores/?page_size=1 HTTP/1.1" 200 435
[INFO] 2026-07-20 00:58:05,515 basehttp 353324 125699656509120 "OPTIONS /api/v1/pricing/official-prices/?page=1&is_today=true HTTP/1.1" 200 0
[INFO] 2026-07-20 00:58:05,516 basehttp 353324 125699197236928 "OPTIONS /api/v1/pricing/official-prices/?page=1&is_today=true HTTP/1.1" 200 0
[INFO] 2026-07-20 00:58:05,672 basehttp 353324 125699646019264 "GET /api/v1/geography/provinces/ HTTP/1.1" 200 152
[INFO] 2026-07-20 00:58:05,822 basehttp 353324 125699197236928 "GET /api/v1/pricing/official-prices/?page=1&is_today=true HTTP/1.1" 200 109
[INFO] 2026-07-20 00:58:06,072 basehttp 353324 125699646019264 "GET /api/v1/geography/provinces/ HTTP/1.1" 200 152
[INFO] 2026-07-20 00:58:06,139 basehttp 353324 125699197236928 "GET /api/v1/pricing/official-prices/?page=1&is_today=true HTTP/1.1" 200 109
[INFO] 2026-07-20 00:58:08,530 basehttp 353324 125699197236928 "OPTIONS /api/v1/pricing/official-prices/?page=1 HTTP/1.1" 200 0
[INFO] 2026-07-20 00:58:08,674 basehttp 353324 125699197236928 "GET /api/v1/pricing/official-prices/?page=1 HTTP/1.1" 200 109
[INFO] 2026-07-20 00:58:09,981 basehttp 353324 125699197236928 "GET /api/v1/pricing/official-prices/?page=1&is_today=true HTTP/1.1" 200 109
[INFO] 2026-07-20 00:58:16,760 basehttp 353324 125699646019264 "GET /api/v1/pricing/official-prices/?page=1&is_today=true HTTP/1.1" 200 109
[INFO] 2026-07-20 00:58:16,760 basehttp 353324 125699197236928 "GET /api/v1/geography/provinces/ HTTP/1.1" 200 152
[INFO] 2026-07-20 00:58:16,923 basehttp 353324 125699646019264 "GET /api/v1/pricing/official-prices/?page=1&is_today=true HTTP/1.1" 200 109
[INFO] 2026-07-20 00:58:16,984 basehttp 353324 125699197236928 "GET /api/v1/geography/provinces/ HTTP/1.1" 200 152
[INFO] 2026-07-20 00:58:32,878 basehttp 353324 125699646019264 "GET /api/v1/complaints/my/?page_size=5 HTTP/1.1" 200 2
[INFO] 2026-07-20 00:58:33,215 basehttp 353324 125699197236928 "GET /api/v1/stores/?page_size=1 HTTP/1.1" 200 435
[INFO] 2026-07-20 00:58:33,386 basehttp 353324 125699646019264 "GET /api/v1/complaints/my/?page_size=5 HTTP/1.1" 200 2
[INFO] 2026-07-20 00:58:33,519 basehttp 353324 125699197236928 "GET /api/v1/stores/?page_size=1 HTTP/1.1" 200 435
[WARNING] 2026-07-20 00:58:42,649 log 353324 125699197236928 Bad Request: /api/v1/auth/logout/
[WARNING] 2026-07-20 00:58:42,649 basehttp 353324 125699197236928 "POST /api/v1/auth/logout/ HTTP/1.1" 400 132
[INFO] 2026-07-20 00:58:56,995 base_service 353324 125699197236928 User logged in with password: 09056419609
[INFO] 2026-07-20 00:58:57,118 basehttp 353324 125699197236928 "POST /api/v1/auth/login/ HTTP/1.1" 200 1128
[INFO] 2026-07-20 00:58:57,452 basehttp 353324 125699197236928 "GET /api/v1/auth/me/ HTTP/1.1" 200 408
[INFO] 2026-07-20 00:59:00,146 basehttp 353324 125699646019264 "GET /api/v1/complaints/my/?page_size=5 HTTP/1.1" 200 2
[INFO] 2026-07-20 00:59:00,342 basehttp 353324 125699197236928 "GET /api/v1/stores/?page_size=1 HTTP/1.1" 200 435
[INFO] 2026-07-20 00:59:00,559 basehttp 353324 125699646019264 "GET /api/v1/complaints/my/?page_size=5 HTTP/1.1" 200 2
[INFO] 2026-07-20 00:59:00,683 basehttp 353324 125699197236928 "GET /api/v1/stores/?page_size=1 HTTP/1.1" 200 435
[INFO] 2026-07-20 00:59:03,515 basehttp 353324 125699197236928 "GET /api/v1/auth/users/?page=1&page_size=10 HTTP/1.1" 200 2188
[INFO] 2026-07-20 00:59:03,663 basehttp 353324 125699197236928 "GET /api/v1/auth/users/?page=1&page_size=10 HTTP/1.1" 200 2188
[INFO] 2026-07-20 00:59:09,151 basehttp 353324 125699656509120 "OPTIONS /api/v1/organizations/province-offices/?page=1&page_size=10 HTTP/1.1" 200 0
[INFO] 2026-07-20 00:59:09,160 basehttp 353324 125699646019264 "OPTIONS /api/v1/organizations/province-offices/?page=1&page_size=10 HTTP/1.1" 200 0
[INFO] 2026-07-20 00:59:09,405 basehttp 353324 125699197236928 "GET /api/v1/geography/provinces/?page_size=100 HTTP/1.1" 200 152
[INFO] 2026-07-20 00:59:09,575 basehttp 353324 125699656509120 "GET /api/v1/organizations/province-offices/?page=1&page_size=10 HTTP/1.1" 200 109
[INFO] 2026-07-20 00:59:09,696 basehttp 353324 125699197236928 "GET /api/v1/geography/provinces/?page_size=100 HTTP/1.1" 200 152
[INFO] 2026-07-20 00:59:09,829 basehttp 353324 125699656509120 "GET /api/v1/organizations/province-offices/?page=1&page_size=10 HTTP/1.1" 200 109
[INFO] 2026-07-20 00:59:11,737 basehttp 353324 125699656509120 "GET /api/v1/geography/cities/?page_size=500 HTTP/1.1" 200 141
[INFO] 2026-07-20 00:59:11,962 basehttp 353324 125699197236928 "GET /api/v1/organizations/chambers/?page=1&page_size=9 HTTP/1.1" 200 279
[INFO] 2026-07-20 00:59:12,148 basehttp 353324 125699656509120 "GET /api/v1/geography/cities/?page_size=500 HTTP/1.1" 200 141
[INFO] 2026-07-20 00:59:12,220 basehttp 353324 125699197236928 "GET /api/v1/organizations/chambers/?page=1&page_size=9 HTTP/1.1" 200 279
[INFO] 2026-07-20 00:59:17,301 basehttp 353324 125699656509120 "GET /api/v1/organizations/unions/?page=1&page_size=9 HTTP/1.1" 200 344
[INFO] 2026-07-20 00:59:17,464 basehttp 353324 125699197236928 "GET /api/v1/organizations/chambers/?page_size=500 HTTP/1.1" 200 279
[INFO] 2026-07-20 00:59:17,754 basehttp 353324 125699656509120 "GET /api/v1/organizations/unions/?page=1&page_size=9 HTTP/1.1" 200 344
[INFO] 2026-07-20 00:59:17,833 basehttp 353324 125699197236928 "GET /api/v1/organizations/chambers/?page_size=500 HTTP/1.1" 200 279
[INFO] 2026-07-20 00:59:19,686 basehttp 353324 125699197236928 "GET /api/v1/stores/?page=1&page_size=10 HTTP/1.1" 200 435
[INFO] 2026-07-20 00:59:19,839 basehttp 353324 125699197236928 "GET /api/v1/stores/?page=1&page_size=10 HTTP/1.1" 200 435
[INFO] 2026-07-20 00:59:21,629 basehttp 353324 125699656509120 "GET /api/v1/products/units/ HTTP/1.1" 200 89
[INFO] 2026-07-20 00:59:21,860 basehttp 353324 125699646019264 "GET /api/v1/products/?page=1&page_size=12 HTTP/1.1" 200 341
[INFO] 2026-07-20 00:59:22,186 basehttp 353324 125699197236928 "GET /api/v1/products/categories/?page_size=200 HTTP/1.1" 200 198
[INFO] 2026-07-20 00:59:22,444 basehttp 353324 125699656509120 "GET /api/v1/products/units/ HTTP/1.1" 200 89
[INFO] 2026-07-20 00:59:22,539 basehttp 353324 125699646019264 "GET /api/v1/products/?page=1&page_size=12 HTTP/1.1" 200 341
[INFO] 2026-07-20 00:59:22,620 basehttp 353324 125699197236928 "GET /api/v1/products/categories/?page_size=200 HTTP/1.1" 200 198
[INFO] 2026-07-20 00:59:25,992 basehttp 353324 125699197236928 "GET /api/v1/stores/?page=1&page_size=10 HTTP/1.1" 200 435
[INFO] 2026-07-20 00:59:26,142 basehttp 353324 125699197236928 "GET /api/v1/stores/?page=1&page_size=10 HTTP/1.1" 200 435
[INFO] 2026-07-20 00:59:28,161 basehttp 353324 125699646019264 "GET /api/v1/organizations/unions/?page=1&page_size=9 HTTP/1.1" 200 344
[INFO] 2026-07-20 00:59:28,502 basehttp 353324 125699197236928 "GET /api/v1/organizations/chambers/?page_size=500 HTTP/1.1" 200 279
[INFO] 2026-07-20 00:59:28,704 basehttp 353324 125699646019264 "GET /api/v1/organizations/unions/?page=1&page_size=9 HTTP/1.1" 200 344
[INFO] 2026-07-20 00:59:28,769 basehttp 353324 125699197236928 "GET /api/v1/organizations/chambers/?page_size=500 HTTP/1.1" 200 279
[INFO] 2026-07-20 00:59:30,805 basehttp 353324 125699197236928 "GET /api/v1/geography/cities/?page_size=500 HTTP/1.1" 200 141
[INFO] 2026-07-20 00:59:31,005 basehttp 353324 125699646019264 "GET /api/v1/organizations/chambers/?page=1&page_size=9 HTTP/1.1" 200 279
[INFO] 2026-07-20 00:59:31,178 basehttp 353324 125699197236928 "GET /api/v1/geography/cities/?page_size=500 HTTP/1.1" 200 141
[INFO] 2026-07-20 00:59:31,286 basehttp 353324 125699646019264 "GET /api/v1/organizations/chambers/?page=1&page_size=9 HTTP/1.1" 200 279
[INFO] 2026-07-20 00:59:34,643 basehttp 353324 125699646019264 "GET /api/v1/geography/provinces/?page_size=100 HTTP/1.1" 200 152
[INFO] 2026-07-20 00:59:34,751 basehttp 353324 125699197236928 "GET /api/v1/organizations/province-offices/?page=1&page_size=10 HTTP/1.1" 200 109
[INFO] 2026-07-20 00:59:34,971 basehttp 353324 125699656509120 "GET /api/v1/geography/provinces/?page_size=100 HTTP/1.1" 200 152
[INFO] 2026-07-20 00:59:35,034 basehttp 353324 125699197236928 "GET /api/v1/organizations/province-offices/?page=1&page_size=10 HTTP/1.1" 200 109
[INFO] 2026-07-20 00:59:37,891 basehttp 353324 125699197236928 "GET /api/v1/products/categories/?page_size=200 HTTP/1.1" 200 198
[INFO] 2026-07-20 00:59:38,134 basehttp 353324 125699197236928 "GET /api/v1/products/categories/?page_size=200 HTTP/1.1" 200 198
[INFO] 2026-07-20 00:59:41,602 basehttp 353324 125699656509120 "GET /api/v1/products/units/ HTTP/1.1" 200 89
[INFO] 2026-07-20 00:59:41,892 basehttp 353324 125699197236928 "GET /api/v1/products/categories/?page_size=200 HTTP/1.1" 200 198
[INFO] 2026-07-20 00:59:42,015 basehttp 353324 125699646019264 "GET /api/v1/products/?page=1&page_size=12 HTTP/1.1" 200 341
[INFO] 2026-07-20 00:59:42,200 basehttp 353324 125699656509120 "GET /api/v1/products/units/ HTTP/1.1" 200 89
[INFO] 2026-07-20 00:59:42,299 basehttp 353324 125699646019264 "GET /api/v1/products/?page=1&page_size=12 HTTP/1.1" 200 341
[INFO] 2026-07-20 00:59:42,368 basehttp 353324 125699197236928 "GET /api/v1/products/categories/?page_size=200 HTTP/1.1" 200 198
[WARNING] 2026-07-20 09:33:39,273 log 353324 125699197236928 Unauthorized: /api/v1/stores/
[WARNING] 2026-07-20 09:33:39,274 basehttp 353324 125699197236928 "GET /api/v1/stores/?page=1&page_size=10 HTTP/1.1" 401 293
[WARNING] 2026-07-20 09:33:39,407 log 353324 125699656509120 Unauthorized: /api/v1/stores/
[WARNING] 2026-07-20 09:33:39,408 basehttp 353324 125699656509120 "GET /api/v1/stores/?page=1&page_size=10 HTTP/1.1" 401 293
[INFO] 2026-07-20 09:33:39,484 basehttp 353324 125699197236928 "POST /api/v1/auth/token/refresh/ HTTP/1.1" 200 352
[WARNING] 2026-07-20 09:33:39,596 log 353324 125699197236928 Unauthorized: /api/v1/stores/
[WARNING] 2026-07-20 09:33:39,596 basehttp 353324 125699197236928 "GET /api/v1/stores/?page=1&page_size=10 HTTP/1.1" 401 293
[WARNING] 2026-07-20 09:33:39,703 log 353324 125699656509120 Unauthorized: /api/v1/stores/
[WARNING] 2026-07-20 09:33:39,703 basehttp 353324 125699656509120 "GET /api/v1/stores/?page=1&page_size=10 HTTP/1.1" 401 293
[INFO] 2026-07-20 09:33:39,840 basehttp 353324 125699656509120 "POST /api/v1/auth/token/refresh/ HTTP/1.1" 200 352
[WARNING] 2026-07-20 09:33:39,950 log 353324 125699656509120 Unauthorized: /api/v1/stores/
[WARNING] 2026-07-20 09:33:39,950 basehttp 353324 125699656509120 "GET /api/v1/stores/?page=1&page_size=10 HTTP/1.1" 401 293
[WARNING] 2026-07-20 09:34:20,785 log 353324 125699656509120 Unauthorized: /api/v1/auth/me/
[WARNING] 2026-07-20 09:34:20,786 basehttp 353324 125699656509120 "GET /api/v1/auth/me/ HTTP/1.1" 401 293
[INFO] 2026-07-20 09:34:20,971 basehttp 353324 125699656509120 "POST /api/v1/auth/token/refresh/ HTTP/1.1" 200 352
[WARNING] 2026-07-20 09:34:21,088 log 353324 125699656509120 Unauthorized: /api/v1/auth/me/
[WARNING] 2026-07-20 09:34:21,088 basehttp 353324 125699656509120 "GET /api/v1/auth/me/ HTTP/1.1" 401 293
[WARNING] 2026-07-20 09:34:31,416 log 353324 125699656509120 Unauthorized: /api/v1/auth/login/
[WARNING] 2026-07-20 09:34:31,417 basehttp 353324 125699656509120 "POST /api/v1/auth/login/ HTTP/1.1" 401 293
[WARNING] 2026-07-20 09:34:38,745 log 353324 125699656509120 Unauthorized: /api/v1/auth/login/
[WARNING] 2026-07-20 09:34:38,745 basehttp 353324 125699656509120 "POST /api/v1/auth/login/ HTTP/1.1" 401 293
[WARNING] 2026-07-20 09:34:39,458 log 353324 125699656509120 Unauthorized: /api/v1/auth/login/
[WARNING] 2026-07-20 09:34:39,458 basehttp 353324 125699656509120 "POST /api/v1/auth/login/ HTTP/1.1" 401 293
[WARNING] 2026-07-20 09:34:39,819 log 353324 125699656509120 Unauthorized: /api/v1/auth/login/
[WARNING] 2026-07-20 09:34:39,820 basehttp 353324 125699656509120 "POST /api/v1/auth/login/ HTTP/1.1" 401 293
[WARNING] 2026-07-20 09:34:40,200 log 353324 125699656509120 Unauthorized: /api/v1/auth/login/
[WARNING] 2026-07-20 09:34:40,200 basehttp 353324 125699656509120 "POST /api/v1/auth/login/ HTTP/1.1" 401 293
[WARNING] 2026-07-20 09:34:40,564 log 353324 125699656509120 Unauthorized: /api/v1/auth/login/
[WARNING] 2026-07-20 09:34:40,564 basehttp 353324 125699656509120 "POST /api/v1/auth/login/ HTTP/1.1" 401 293
[INFO] 2026-07-20 09:34:54,480 autoreload 564075 123816518746240 Watching for file changes with StatReloader
[WARNING] 2026-07-20 09:35:13,999 log 564075 123815790114496 Not Found: /
[WARNING] 2026-07-20 09:35:13,999 basehttp 564075 123815790114496 "GET / HTTP/1.1" 404 16956
[INFO] 2026-07-20 09:35:19,005 basehttp 564075 123815790114496 "GET /admin/ HTTP/1.1" 200 40187
[INFO] 2026-07-20 09:35:19,024 basehttp 564075 123815775430336 "GET /static/admin/css/base.css HTTP/1.1" 304 0
[INFO] 2026-07-20 09:35:19,024 basehttp 564075 123815790114496 "GET /static/admin/css/responsive.css HTTP/1.1" 304 0
[INFO] 2026-07-20 09:35:19,027 basehttp 564075 123815767037632 "GET /static/admin/css/dark_mode.css HTTP/1.1" 304 0
[INFO] 2026-07-20 09:35:19,027 basehttp 564075 123815758644928 "GET /static/admin/css/nav_sidebar.css HTTP/1.1" 304 0
[INFO] 2026-07-20 09:35:19,034 basehttp 564075 123815758644928 "GET /static/admin/js/theme.js HTTP/1.1" 304 0
[INFO] 2026-07-20 09:35:19,036 basehttp 564075 123815767037632 "GET /static/admin/js/nav_sidebar.js HTTP/1.1" 304 0
[INFO] 2026-07-20 09:35:33,205 basehttp 564075 123815749203648 "GET /api/v1/geography/provinces/ HTTP/1.1" 200 152
[INFO] 2026-07-20 09:35:33,361 basehttp 564075 123815740810944 "GET /api/v1/pricing/official-prices/?page=1&is_today=true HTTP/1.1" 200 109
[INFO] 2026-07-20 09:35:33,516 basehttp 564075 123815749203648 "GET /api/v1/geography/provinces/ HTTP/1.1" 200 152
[INFO] 2026-07-20 09:35:33,566 basehttp 564075 123815740810944 "GET /api/v1/pricing/official-prices/?page=1&is_today=true HTTP/1.1" 200 109
[INFO] 2026-07-20 09:35:44,623 base_service 564075 123815740810944 User logged in with password: 09056419609
[INFO] 2026-07-20 09:35:44,758 basehttp 564075 123815740810944 "POST /api/v1/auth/login/ HTTP/1.1" 200 1128
[INFO] 2026-07-20 09:35:54,452 basehttp 564075 123815740810944 "GET /api/v1/auth/me/ HTTP/1.1" 200 408
[INFO] 2026-07-20 09:35:54,799 basehttp 564075 123815749203648 "GET /api/v1/complaints/my/?page_size=5 HTTP/1.1" 200 2
[INFO] 2026-07-20 09:35:55,046 basehttp 564075 123815740810944 "GET /api/v1/stores/?page_size=1 HTTP/1.1" 200 435
[INFO] 2026-07-20 09:35:55,201 basehttp 564075 123815749203648 "GET /api/v1/complaints/my/?page_size=5 HTTP/1.1" 200 2
[INFO] 2026-07-20 09:35:55,286 basehttp 564075 123815740810944 "GET /api/v1/stores/?page_size=1 HTTP/1.1" 200 435
[INFO] 2026-07-20 09:36:00,725 basehttp 564075 123815740810944 "GET /api/v1/stores/?page=1&page_size=10 HTTP/1.1" 200 435
[INFO] 2026-07-20 09:36:00,880 basehttp 564075 123815740810944 "GET /api/v1/stores/?page=1&page_size=10 HTTP/1.1" 200 435
[INFO] 2026-07-20 09:36:04,854 basehttp 564075 123815749203648 "GET /api/v1/products/units/ HTTP/1.1" 200 89
[INFO] 2026-07-20 09:36:05,111 basehttp 564075 123815384315584 "GET /api/v1/products/?page=1&page_size=12 HTTP/1.1" 200 341
[INFO] 2026-07-20 09:36:05,489 basehttp 564075 123815740810944 "GET /api/v1/products/categories/?page_size=200 HTTP/1.1" 200 198
[INFO] 2026-07-20 09:36:05,706 basehttp 564075 123815749203648 "GET /api/v1/products/units/ HTTP/1.1" 200 89
[INFO] 2026-07-20 09:36:05,787 basehttp 564075 123815384315584 "GET /api/v1/products/?page=1&page_size=12 HTTP/1.1" 200 341
[INFO] 2026-07-20 09:36:05,860 basehttp 564075 123815740810944 "GET /api/v1/products/categories/?page_size=200 HTTP/1.1" 200 198
[INFO] 2026-07-20 09:36:07,378 basehttp 564075 123815740810944 "GET /api/v1/stores/?page=1&page_size=10 HTTP/1.1" 200 435
[INFO] 2026-07-20 09:36:07,533 basehttp 564075 123815740810944 "GET /api/v1/stores/?page=1&page_size=10 HTTP/1.1" 200 435
[INFO] 2026-07-20 09:41:02,492 basehttp 564075 123815740810944 "GET /api/v1/auth/me/ HTTP/1.1" 200 408
[INFO] 2026-07-20 09:41:02,724 basehttp 564075 123815740810944 "GET /api/v1/stores/?page=1&page_size=10 HTTP/1.1" 200 435
[INFO] 2026-07-20 09:41:02,897 basehttp 564075 123815740810944 "GET /api/v1/stores/?page=1&page_size=10 HTTP/1.1" 200 435
[INFO] 2026-07-20 09:41:11,466 basehttp 564075 123815740810944 "GET /api/v1/geography/provinces/?page=1&page_size=15 HTTP/1.1" 200 152
[INFO] 2026-07-20 09:41:11,611 basehttp 564075 123815740810944 "GET /api/v1/geography/provinces/?page=1&page_size=15 HTTP/1.1" 200 152
[INFO] 2026-07-20 09:41:14,773 basehttp 564075 123815740810944 "OPTIONS /api/v1/cms/admin/pages/ HTTP/1.1" 200 0
[INFO] 2026-07-20 09:41:14,774 basehttp 564075 123815384315584 "OPTIONS /api/v1/cms/admin/pages/ HTTP/1.1" 200 0
[ERROR] 2026-07-20 09:41:14,795 api_exceptions 564075 123815740810944 Unhandled exception occurred
Traceback (most recent call last):
  File "/home/nimamakhmali/Documents/Rayan Pajouhan/Nazer-Bazaar/backend/venv/lib/python3.12/site-packages/rest_framework/views.py", line 506, in dispatch
    response = handler(request, *args, **kwargs)
               ^^^^^^^^^^^^^^^^^^^^^^^^^^^^^^^^^
  File "/home/nimamakhmali/Documents/Rayan Pajouhan/Nazer-Bazaar/backend/apps/cms/views/cms_views.py", line 70, in get
    pages = CmsSelector.get_published_pages() if not request.user.is_admin else Page.objects.all()
                                                                                ^^^^
NameError: name 'Page' is not defined
[ERROR] 2026-07-20 09:41:14,881 log 564075 123815740810944 Internal Server Error: /api/v1/cms/admin/pages/
[ERROR] 2026-07-20 09:41:14,882 basehttp 564075 123815740810944 "GET /api/v1/cms/admin/pages/ HTTP/1.1" 500 111
[ERROR] 2026-07-20 09:41:14,949 api_exceptions 564075 123815740810944 Unhandled exception occurred
Traceback (most recent call last):
  File "/home/nimamakhmali/Documents/Rayan Pajouhan/Nazer-Bazaar/backend/venv/lib/python3.12/site-packages/rest_framework/views.py", line 506, in dispatch
    response = handler(request, *args, **kwargs)
               ^^^^^^^^^^^^^^^^^^^^^^^^^^^^^^^^^
  File "/home/nimamakhmali/Documents/Rayan Pajouhan/Nazer-Bazaar/backend/apps/cms/views/cms_views.py", line 70, in get
    pages = CmsSelector.get_published_pages() if not request.user.is_admin else Page.objects.all()
                                                                                ^^^^
NameError: name 'Page' is not defined
[ERROR] 2026-07-20 09:41:15,051 log 564075 123815740810944 Internal Server Error: /api/v1/cms/admin/pages/
[ERROR] 2026-07-20 09:41:15,052 basehttp 564075 123815740810944 "GET /api/v1/cms/admin/pages/ HTTP/1.1" 500 111
[INFO] 2026-07-20 09:41:18,157 basehttp 564075 123815740810944 "OPTIONS /api/v1/cms/blogs/?page=1&page_size=10 HTTP/1.1" 200 0
[INFO] 2026-07-20 09:41:18,157 basehttp 564075 123815384315584 "OPTIONS /api/v1/cms/blogs/?page=1&page_size=10 HTTP/1.1" 200 0
[INFO] 2026-07-20 09:41:18,288 basehttp 564075 123815740810944 "GET /api/v1/cms/blogs/?page=1&page_size=10 HTTP/1.1" 200 109
[INFO] 2026-07-20 09:41:18,483 basehttp 564075 123815740810944 "GET /api/v1/cms/blogs/?page=1&page_size=10 HTTP/1.1" 200 109
[WARNING] 2026-07-20 09:41:22,450 log 564075 123815740810944 Bad Request: /api/v1/auth/logout/
[WARNING] 2026-07-20 09:41:22,451 basehttp 564075 123815740810944 "POST /api/v1/auth/logout/ HTTP/1.1" 400 132
[INFO] 2026-07-20 09:41:33,313 base_service 564075 123815740810944 User logged in with password: 09184423221
[INFO] 2026-07-20 09:41:33,436 basehttp 564075 123815740810944 "POST /api/v1/auth/login/ HTTP/1.1" 200 1118
[INFO] 2026-07-20 09:41:33,681 basehttp 564075 123815740810944 "GET /api/v1/cms/blogs/?page=1&page_size=10 HTTP/1.1" 200 109
[INFO] 2026-07-20 09:41:33,894 basehttp 564075 123815740810944 "GET /api/v1/cms/blogs/?page=1&page_size=10 HTTP/1.1" 200 109
[INFO] 2026-07-20 09:41:44,274 basehttp 564075 123815740810944 "GET /api/v1/geography/provinces/ HTTP/1.1" 200 152
[INFO] 2026-07-20 09:41:44,417 basehttp 564075 123815384315584 "GET /api/v1/pricing/official-prices/?page=1&is_today=true HTTP/1.1" 200 109
[INFO] 2026-07-20 09:41:44,627 basehttp 564075 123815740810944 "GET /api/v1/geography/provinces/ HTTP/1.1" 200 152
[INFO] 2026-07-20 09:41:44,682 basehttp 564075 123815384315584 "GET /api/v1/pricing/official-prices/?page=1&is_today=true HTTP/1.1" 200 109
[INFO] 2026-07-20 09:42:26,986 basehttp 564075 123815749203648 "GET /admin/accounts/user/ HTTP/1.1" 200 42472
[INFO] 2026-07-20 09:42:27,122 basehttp 564075 123815749203648 "GET /admin/jsi18n/ HTTP/1.1" 200 3343
[INFO] 2026-07-20 09:42:29,958 basehttp 564075 123815749203648 "GET /admin/accounts/user/7/change/ HTTP/1.1" 200 66431
[INFO] 2026-07-20 09:42:30,117 basehttp 564075 123815749203648 "GET /admin/jsi18n/ HTTP/1.1" 200 3343
[INFO] 2026-07-20 09:42:30,246 basehttp 564075 123815749203648 "GET /static/admin/img/selector-icons.svg HTTP/1.1" 304 0
[INFO] 2026-07-20 09:42:39,757 basehttp 564075 123815749203648 "POST /admin/accounts/user/7/change/ HTTP/1.1" 302 0
[INFO] 2026-07-20 09:42:40,028 basehttp 564075 123815749203648 "GET /admin/accounts/user/ HTTP/1.1" 200 42708
[INFO] 2026-07-20 09:42:40,191 basehttp 564075 123815749203648 "GET /admin/jsi18n/ HTTP/1.1" 200 3343
[INFO] 2026-07-20 09:42:46,261 basehttp 564075 123815740810944 "GET /api/v1/complaints/my/?page_size=5 HTTP/1.1" 200 2
[INFO] 2026-07-20 09:42:46,495 basehttp 564075 123815384315584 "GET /api/v1/stores/?page_size=1 HTTP/1.1" 200 435
[INFO] 2026-07-20 09:42:46,684 basehttp 564075 123815740810944 "GET /api/v1/complaints/my/?page_size=5 HTTP/1.1" 200 2
[INFO] 2026-07-20 09:42:46,768 basehttp 564075 123815384315584 "GET /api/v1/stores/?page_size=1 HTTP/1.1" 200 435
[WARNING] 2026-07-20 09:42:49,478 log 564075 123815384315584 Bad Request: /api/v1/auth/logout/
[WARNING] 2026-07-20 09:42:49,478 basehttp 564075 123815384315584 "POST /api/v1/auth/logout/ HTTP/1.1" 400 132
[INFO] 2026-07-20 09:42:59,657 base_service 564075 123815384315584 User logged in with password: 09184423221
[INFO] 2026-07-20 09:42:59,785 basehttp 564075 123815384315584 "POST /api/v1/auth/login/ HTTP/1.1" 200 1140
[INFO] 2026-07-20 09:43:00,288 basehttp 564075 123815384315584 "GET /api/v1/stores/?page_size=1 HTTP/1.1" 200 435
[INFO] 2026-07-20 09:43:00,493 basehttp 564075 123815740810944 "GET /api/v1/complaints/my/?page_size=5 HTTP/1.1" 200 2
[INFO] 2026-07-20 09:43:00,682 basehttp 564075 123815384315584 "GET /api/v1/stores/?page_size=1 HTTP/1.1" 200 435
[INFO] 2026-07-20 09:43:00,729 basehttp 564075 123815740810944 "GET /api/v1/complaints/my/?page_size=5 HTTP/1.1" 200 2
[INFO] 2026-07-20 09:43:02,122 basehttp 564075 123815740810944 "OPTIONS /api/v1/stores/my-stores/ HTTP/1.1" 200 0
[INFO] 2026-07-20 09:43:02,122 basehttp 564075 123815384315584 "OPTIONS /api/v1/stores/my-stores/ HTTP/1.1" 200 0
[INFO] 2026-07-20 09:43:02,337 basehttp 564075 123815384315584 "GET /api/v1/stores/my-stores/ HTTP/1.1" 200 352
[INFO] 2026-07-20 09:43:02,558 basehttp 564075 123815384315584 "GET /api/v1/stores/my-stores/ HTTP/1.1" 200 352
[INFO] 2026-07-20 09:43:06,923 basehttp 564075 123815740810944 "OPTIONS /api/v1/geography/provinces/?page_size=50 HTTP/1.1" 200 0
[INFO] 2026-07-20 09:43:06,924 basehttp 564075 123815790114496 "OPTIONS /api/v1/geography/provinces/?page_size=50 HTTP/1.1" 200 0
[INFO] 2026-07-20 09:43:07,066 basehttp 564075 123815384315584 "GET /api/v1/auth/me/ HTTP/1.1" 200 404
[INFO] 2026-07-20 09:43:07,205 basehttp 564075 123815740810944 "GET /api/v1/geography/provinces/?page_size=50 HTTP/1.1" 200 152
[INFO] 2026-07-20 09:43:07,298 basehttp 564075 123815384315584 "GET /api/v1/auth/me/ HTTP/1.1" 200 404
[INFO] 2026-07-20 09:43:07,448 basehttp 564075 123815740810944 "GET /api/v1/geography/provinces/?page_size=50 HTTP/1.1" 200 152
[INFO] 2026-07-20 09:43:11,334 basehttp 564075 123815740810944 "OPTIONS /api/v1/geography/provinces/1/cities/ HTTP/1.1" 200 0
[INFO] 2026-07-20 09:43:11,492 basehttp 564075 123815740810944 "GET /api/v1/geography/provinces/1/cities/ HTTP/1.1" 200 83
[INFO] 2026-07-20 09:43:13,281 basehttp 564075 123815740810944 "OPTIONS /api/v1/organizations/unions/?city=1&page_size=100 HTTP/1.1" 200 0
[INFO] 2026-07-20 09:43:13,582 basehttp 564075 123815740810944 "GET /api/v1/organizations/unions/?city=1&page_size=100 HTTP/1.1" 200 344
[INFO] 2026-07-20 09:43:57,024 basehttp 564075 123815740810944 "OPTIONS /api/v1/stores/ HTTP/1.1" 200 0
[INFO] 2026-07-20 09:43:57,108 signals 564075 123815740810944 New store registered: فروشگاه تست 1 in union: اتحادیه مرغ و گوشت همدان
[INFO] 2026-07-20 09:43:57,109 base_service 564075 123815740810944 Store registered: فروشگاه تست 1 in union: اتحادیه مرغ و گوشت همدان
[INFO] 2026-07-20 09:43:57,397 basehttp 564075 123815740810944 "POST /api/v1/stores/ HTTP/1.1" 201 881
[INFO] 2026-07-20 09:44:00,145 basehttp 564075 123815740810944 "GET /api/v1/stores/my-stores/ HTTP/1.1" 200 695
[INFO] 2026-07-20 09:44:00,348 basehttp 564075 123815740810944 "GET /api/v1/stores/my-stores/ HTTP/1.1" 200 695
[INFO] 2026-07-20 09:44:06,953 basehttp 564075 123815740810944 "GET /api/v1/auth/me/ HTTP/1.1" 200 404
[INFO] 2026-07-20 09:44:07,085 basehttp 564075 123815384315584 "GET /api/v1/geography/provinces/?page_size=50 HTTP/1.1" 200 152
[INFO] 2026-07-20 09:44:07,197 basehttp 564075 123815740810944 "GET /api/v1/auth/me/ HTTP/1.1" 200 404
[INFO] 2026-07-20 09:44:07,273 basehttp 564075 123815384315584 "GET /api/v1/geography/provinces/?page_size=50 HTTP/1.1" 200 152
[INFO] 2026-07-20 09:44:09,041 basehttp 564075 123815384315584 "GET /api/v1/stores/my-stores/ HTTP/1.1" 200 695
[INFO] 2026-07-20 09:44:09,239 basehttp 564075 123815384315584 "GET /api/v1/stores/my-stores/ HTTP/1.1" 200 695
[INFO] 2026-07-20 09:44:15,962 basehttp 564075 123815384315584 "GET /api/v1/stores/my-stores/ HTTP/1.1" 200 695
[INFO] 2026-07-20 09:44:16,154 basehttp 564075 123815384315584 "GET /api/v1/stores/my-stores/ HTTP/1.1" 200 695
[INFO] 2026-07-20 09:44:20,016 basehttp 564075 123815384315584 "OPTIONS /api/v1/stores/1/ HTTP/1.1" 200 0
[INFO] 2026-07-20 09:44:20,016 basehttp 564075 123815740810944 "OPTIONS /api/v1/stores/1/ HTTP/1.1" 200 0
[INFO] 2026-07-20 09:44:20,254 basehttp 564075 123815384315584 "GET /api/v1/stores/1/ HTTP/1.1" 200 749
[INFO] 2026-07-20 09:44:20,515 basehttp 564075 123815384315584 "GET /api/v1/stores/1/ HTTP/1.1" 200 749
[INFO] 2026-07-20 09:44:25,443 basehttp 564075 123815384315584 "GET /api/v1/stores/my-stores/ HTTP/1.1" 200 695
[INFO] 2026-07-20 09:44:25,666 basehttp 564075 123815384315584 "GET /api/v1/stores/my-stores/ HTTP/1.1" 200 695
[WARNING] 2026-07-20 09:44:32,498 log 564075 123815384315584 Bad Request: /api/v1/auth/logout/
[WARNING] 2026-07-20 09:44:32,499 basehttp 564075 123815384315584 "POST /api/v1/auth/logout/ HTTP/1.1" 400 132
[WARNING] 2026-07-20 09:44:41,929 log 564075 123815384315584 Unauthorized: /api/v1/auth/login/
[WARNING] 2026-07-20 09:44:41,929 basehttp 564075 123815384315584 "POST /api/v1/auth/login/ HTTP/1.1" 401 134
[INFO] 2026-07-20 09:44:48,907 base_service 564075 123815384315584 User logged in with password: 09056419609
[INFO] 2026-07-20 09:44:49,019 basehttp 564075 123815384315584 "POST /api/v1/auth/login/ HTTP/1.1" 200 1128
[INFO] 2026-07-20 09:44:49,338 basehttp 564075 123815384315584 "GET /api/v1/stores/my-stores/ HTTP/1.1" 200 26
[INFO] 2026-07-20 09:44:49,510 basehttp 564075 123815384315584 "GET /api/v1/stores/my-stores/ HTTP/1.1" 200 26
[INFO] 2026-07-20 09:44:53,058 basehttp 564075 123815384315584 "GET /api/v1/stores/?page=1&page_size=10 HTTP/1.1" 200 435
[INFO] 2026-07-20 09:44:53,209 basehttp 564075 123815384315584 "GET /api/v1/stores/?page=1&page_size=10 HTTP/1.1" 200 435
[INFO] 2026-07-20 09:45:00,771 basehttp 564075 123815384315584 "OPTIONS /api/v1/stores/?page=1&page_size=10&status=pending HTTP/1.1" 200 0
[INFO] 2026-07-20 09:45:00,980 basehttp 564075 123815384315584 "GET /api/v1/stores/?page=1&page_size=10&status=pending HTTP/1.1" 200 435
[INFO] 2026-07-20 09:45:09,087 basehttp 564075 123815740810944 "GET /api/v1/products/units/ HTTP/1.1" 200 89
[INFO] 2026-07-20 09:45:09,353 basehttp 564075 123815790114496 "GET /api/v1/products/?page=1&page_size=12 HTTP/1.1" 200 341
[INFO] 2026-07-20 09:45:09,364 basehttp 564075 123815384315584 "GET /api/v1/products/categories/?page_size=200 HTTP/1.1" 200 198
[INFO] 2026-07-20 09:45:09,626 basehttp 564075 123815740810944 "GET /api/v1/products/units/ HTTP/1.1" 200 89
[INFO] 2026-07-20 09:45:09,739 basehttp 564075 123815384315584 "GET /api/v1/products/categories/?page_size=200 HTTP/1.1" 200 198
[INFO] 2026-07-20 09:45:09,819 basehttp 564075 123815767037632 "GET /api/v1/products/?page=1&page_size=12 HTTP/1.1" 200 341
[INFO] 2026-07-20 10:13:56,037 basehttp 564075 123815384315584 "OPTIONS /api/v1/auth/me/ HTTP/1.1" 200 0
[INFO] 2026-07-20 10:13:56,258 basehttp 564075 123815384315584 "GET /api/v1/auth/me/ HTTP/1.1" 200 408
[INFO] 2026-07-20 10:13:56,590 basehttp 564075 123815384315584 "GET /api/v1/geography/cities/?page_size=500 HTTP/1.1" 200 141
[INFO] 2026-07-20 10:13:56,770 basehttp 564075 123815740810944 "GET /api/v1/organizations/chambers/?page=1&page_size=9 HTTP/1.1" 200 279
[INFO] 2026-07-20 10:13:56,944 basehttp 564075 123815384315584 "GET /api/v1/geography/cities/?page_size=500 HTTP/1.1" 200 141
[INFO] 2026-07-20 10:13:57,049 basehttp 564075 123815740810944 "GET /api/v1/organizations/chambers/?page=1&page_size=9 HTTP/1.1" 200 279
[INFO] 2026-07-20 10:14:07,696 basehttp 564075 123815384315584 "GET /api/v1/organizations/unions/?page=1&page_size=9 HTTP/1.1" 200 344
[INFO] 2026-07-20 10:14:07,954 basehttp 564075 123815740810944 "GET /api/v1/organizations/chambers/?page_size=500 HTTP/1.1" 200 279
[INFO] 2026-07-20 10:14:08,309 basehttp 564075 123815384315584 "GET /api/v1/organizations/unions/?page=1&page_size=9 HTTP/1.1" 200 344
[INFO] 2026-07-20 10:14:08,315 basehttp 564075 123815740810944 "GET /api/v1/organizations/chambers/?page_size=500 HTTP/1.1" 200 279
[INFO] 2026-07-20 10:14:10,804 basehttp 564075 123815740810944 "GET /api/v1/geography/cities/?page_size=500 HTTP/1.1" 200 141
[INFO] 2026-07-20 10:14:11,016 basehttp 564075 123815384315584 "GET /api/v1/organizations/chambers/?page=1&page_size=9 HTTP/1.1" 200 279
[INFO] 2026-07-20 10:14:11,204 basehttp 564075 123815740810944 "GET /api/v1/geography/cities/?page_size=500 HTTP/1.1" 200 141
[INFO] 2026-07-20 10:14:11,313 basehttp 564075 123815384315584 "GET /api/v1/organizations/chambers/?page=1&page_size=9 HTTP/1.1" 200 279
[INFO] 2026-07-20 10:14:12,920 basehttp 564075 123815384315584 "OPTIONS /api/v1/geography/provinces/?page_size=100 HTTP/1.1" 200 0
[INFO] 2026-07-20 10:14:12,939 basehttp 564075 123815790114496 "OPTIONS /api/v1/geography/provinces/?page_size=100 HTTP/1.1" 200 0
[INFO] 2026-07-20 10:14:13,127 basehttp 564075 123815384315584 "GET /api/v1/geography/provinces/?page_size=100 HTTP/1.1" 200 152
[INFO] 2026-07-20 10:14:13,234 basehttp 564075 123815740810944 "GET /api/v1/organizations/province-offices/?page=1&page_size=10 HTTP/1.1" 200 109
[INFO] 2026-07-20 10:14:13,473 basehttp 564075 123815740810944 "GET /api/v1/organizations/province-offices/?page=1&page_size=10 HTTP/1.1" 200 109
[INFO] 2026-07-20 10:14:13,529 basehttp 564075 123815384315584 "GET /api/v1/geography/provinces/?page_size=100 HTTP/1.1" 200 152
[INFO] 2026-07-20 10:14:15,043 basehttp 564075 123815384315584 "GET /api/v1/geography/cities/?page_size=500 HTTP/1.1" 200 141
[INFO] 2026-07-20 10:14:15,229 basehttp 564075 123815740810944 "GET /api/v1/organizations/chambers/?page=1&page_size=9 HTTP/1.1" 200 279
[INFO] 2026-07-20 10:14:15,485 basehttp 564075 123815384315584 "GET /api/v1/geography/cities/?page_size=500 HTTP/1.1" 200 141
[INFO] 2026-07-20 10:14:15,586 basehttp 564075 123815740810944 "GET /api/v1/organizations/chambers/?page=1&page_size=9 HTTP/1.1" 200 279
[INFO] 2026-07-20 10:14:22,321 basehttp 564075 123815740810944 "OPTIONS /api/v1/organizations/chambers/1/unions/ HTTP/1.1" 200 0
[INFO] 2026-07-20 10:14:22,322 basehttp 564075 123815384315584 "OPTIONS /api/v1/organizations/chambers/1/unions/ HTTP/1.1" 200 0
[INFO] 2026-07-20 10:14:22,614 basehttp 564075 123815740810944 "GET /api/v1/organizations/chambers/1/unions/ HTTP/1.1" 200 261
[INFO] 2026-07-20 10:14:22,851 basehttp 564075 123815740810944 "GET /api/v1/organizations/chambers/1/unions/ HTTP/1.1" 200 261
[INFO] 2026-07-20 10:44:46,128 basehttp 564075 123815384315584 "GET /api/v1/auth/me/ HTTP/1.1" 200 408
[INFO] 2026-07-20 10:44:46,233 basehttp 564075 123815384315584 "OPTIONS /api/v1/geography/cities/?page_size=500 HTTP/1.1" 200 0
[INFO] 2026-07-20 10:44:46,234 basehttp 564075 123815740810944 "OPTIONS /api/v1/organizations/chambers/?page=1&page_size=9 HTTP/1.1" 200 0
[INFO] 2026-07-20 10:44:46,243 basehttp 564075 123815384315584 "OPTIONS /api/v1/organizations/chambers/?page=1&page_size=9 HTTP/1.1" 200 0
[INFO] 2026-07-20 10:44:46,243 basehttp 564075 123815790114496 "OPTIONS /api/v1/geography/cities/?page_size=500 HTTP/1.1" 200 0
[INFO] 2026-07-20 10:44:46,447 basehttp 564075 123815740810944 "GET /api/v1/geography/cities/?page_size=500 HTTP/1.1" 200 141
[INFO] 2026-07-20 10:44:46,657 basehttp 564075 123815749203648 "GET /api/v1/organizations/chambers/?page=1&page_size=9 HTTP/1.1" 200 279
[INFO] 2026-07-20 10:44:46,879 basehttp 564075 123815740810944 "GET /api/v1/geography/cities/?page_size=500 HTTP/1.1" 200 141
[INFO] 2026-07-20 10:44:46,972 basehttp 564075 123815749203648 "GET /api/v1/organizations/chambers/?page=1&page_size=9 HTTP/1.1" 200 279
[INFO] 2026-07-20 10:45:01,133 basehttp 564075 123815740810944 "OPTIONS /api/v1/organizations/unions/?page=1&page_size=9 HTTP/1.1" 200 0
[INFO] 2026-07-20 10:45:01,133 basehttp 564075 123815790114496 "OPTIONS /api/v1/organizations/unions/?page=1&page_size=9 HTTP/1.1" 200 0
[INFO] 2026-07-20 10:45:01,133 basehttp 564075 123815384315584 "OPTIONS /api/v1/organizations/chambers/?page_size=500 HTTP/1.1" 200 0
[INFO] 2026-07-20 10:45:01,133 basehttp 564075 123815749203648 "OPTIONS /api/v1/organizations/chambers/?page_size=500 HTTP/1.1" 200 0
[INFO] 2026-07-20 10:45:01,543 basehttp 564075 123815749203648 "GET /api/v1/organizations/chambers/?page_size=500 HTTP/1.1" 200 279
[INFO] 2026-07-20 10:45:01,555 basehttp 564075 123815740810944 "GET /api/v1/organizations/unions/?page=1&page_size=9 HTTP/1.1" 200 344
[INFO] 2026-07-20 10:45:01,823 basehttp 564075 123815749203648 "GET /api/v1/organizations/chambers/?page_size=500 HTTP/1.1" 200 279
[INFO] 2026-07-20 10:45:01,885 basehttp 564075 123815740810944 "GET /api/v1/organizations/unions/?page=1&page_size=9 HTTP/1.1" 200 344
[INFO] 2026-07-20 10:45:05,096 basehttp 564075 123815740810944 "GET /api/v1/geography/cities/?page_size=500 HTTP/1.1" 200 141
[INFO] 2026-07-20 10:45:05,351 basehttp 564075 123815749203648 "GET /api/v1/organizations/chambers/?page=1&page_size=9 HTTP/1.1" 200 279
[INFO] 2026-07-20 10:45:05,526 basehttp 564075 123815740810944 "GET /api/v1/geography/cities/?page_size=500 HTTP/1.1" 200 141
[INFO] 2026-07-20 10:45:05,612 basehttp 564075 123815749203648 "GET /api/v1/organizations/chambers/?page=1&page_size=9 HTTP/1.1" 200 279
[INFO] 2026-07-20 13:26:58,709 basehttp 564075 123815384315584 "OPTIONS /api/v1/auth/me/ HTTP/1.1" 200 0
[WARNING] 2026-07-20 13:26:58,867 log 564075 123815384315584 Unauthorized: /api/v1/auth/me/
[WARNING] 2026-07-20 13:26:58,868 basehttp 564075 123815384315584 "GET /api/v1/auth/me/ HTTP/1.1" 401 293
[INFO] 2026-07-20 13:26:58,915 basehttp 564075 123815384315584 "OPTIONS /api/v1/auth/token/refresh/ HTTP/1.1" 200 0
[INFO] 2026-07-20 13:26:59,141 basehttp 564075 123815384315584 "POST /api/v1/auth/token/refresh/ HTTP/1.1" 200 352
[WARNING] 2026-07-20 13:26:59,247 log 564075 123815384315584 Unauthorized: /api/v1/auth/me/
[WARNING] 2026-07-20 13:26:59,247 basehttp 564075 123815384315584 "GET /api/v1/auth/me/ HTTP/1.1" 401 293
[INFO] 2026-07-20 13:27:08,164 basehttp 564075 123815384315584 "OPTIONS /api/v1/auth/login/ HTTP/1.1" 200 0
[WARNING] 2026-07-20 13:27:08,231 log 564075 123815384315584 Unauthorized: /api/v1/auth/login/
[WARNING] 2026-07-20 13:27:08,232 basehttp 564075 123815384315584 "POST /api/v1/auth/login/ HTTP/1.1" 401 293
[WARNING] 2026-07-20 13:27:17,918 log 564075 123815384315584 Unauthorized: /api/v1/auth/login/
[WARNING] 2026-07-20 13:27:17,918 basehttp 564075 123815384315584 "POST /api/v1/auth/login/ HTTP/1.1" 401 293
[INFO] 2026-07-20 13:27:51,167 base_service 564075 123815384315584 User logged in with password: 09056419609
[INFO] 2026-07-20 13:27:51,300 basehttp 564075 123815384315584 "POST /api/v1/auth/login/ HTTP/1.1" 200 1128
[INFO] 2026-07-20 13:27:51,827 basehttp 564075 123815384315584 "GET /api/v1/auth/me/ HTTP/1.1" 200 408
[INFO] 2026-07-20 13:27:52,315 basehttp 564075 123815384315584 "GET /api/v1/geography/cities/?page_size=500 HTTP/1.1" 200 141
[INFO] 2026-07-20 13:27:52,604 basehttp 564075 123815749203648 "GET /api/v1/organizations/chambers/?page=1&page_size=9 HTTP/1.1" 200 279
[INFO] 2026-07-20 13:27:52,795 basehttp 564075 123815384315584 "GET /api/v1/geography/cities/?page_size=500 HTTP/1.1" 200 141
[INFO] 2026-07-20 13:27:52,881 basehttp 564075 123815749203648 "GET /api/v1/organizations/chambers/?page=1&page_size=9 HTTP/1.1" 200 279
[INFO] 2026-07-20 13:30:20,222 basehttp 564075 123815749203648 "GET /api/v1/auth/me/ HTTP/1.1" 200 408
[INFO] 2026-07-20 13:55:14,628 basehttp 564075 123815749203648 "GET /api/v1/auth/me/ HTTP/1.1" 200 408
[INFO] 2026-07-20 13:55:16,955 basehttp 564075 123815749203648 "OPTIONS /api/v1/products/categories/?page_size=200 HTTP/1.1" 200 0
[INFO] 2026-07-20 13:55:16,956 basehttp 564075 123815384315584 "OPTIONS /api/v1/products/categories/?page_size=200 HTTP/1.1" 200 0
[INFO] 2026-07-20 13:55:17,184 basehttp 564075 123815749203648 "GET /api/v1/products/categories/?page_size=200 HTTP/1.1" 200 198
[INFO] 2026-07-20 13:55:17,384 basehttp 564075 123815749203648 "GET /api/v1/products/categories/?page_size=200 HTTP/1.1" 200 198
[INFO] 2026-07-20 13:55:19,563 basehttp 564075 123815749203648 "OPTIONS /api/v1/auth/logout/ HTTP/1.1" 200 0
[WARNING] 2026-07-20 13:55:19,669 log 564075 123815749203648 Bad Request: /api/v1/auth/logout/
[WARNING] 2026-07-20 13:55:19,669 basehttp 564075 123815749203648 "POST /api/v1/auth/logout/ HTTP/1.1" 400 132
[INFO] 2026-07-20 13:55:28,947 base_service 564075 123815749203648 User logged in with password: 09184423221
[INFO] 2026-07-20 13:55:29,060 basehttp 564075 123815749203648 "POST /api/v1/auth/login/ HTTP/1.1" 200 1140
[INFO] 2026-07-20 13:55:29,428 basehttp 564075 123815749203648 "GET /api/v1/products/categories/?page_size=200 HTTP/1.1" 200 198
[INFO] 2026-07-20 13:55:29,593 basehttp 564075 123815749203648 "GET /api/v1/products/categories/?page_size=200 HTTP/1.1" 200 198
[INFO] 2026-07-20 13:55:31,982 basehttp 564075 123815384315584 "OPTIONS /api/v1/geography/provinces/?page_size=50 HTTP/1.1" 200 0
[INFO] 2026-07-20 13:55:32,000 basehttp 564075 123815740810944 "OPTIONS /api/v1/geography/provinces/?page_size=50 HTTP/1.1" 200 0
[INFO] 2026-07-20 13:55:32,189 basehttp 564075 123815749203648 "GET /api/v1/auth/me/ HTTP/1.1" 200 404
[INFO] 2026-07-20 13:55:32,355 basehttp 564075 123815384315584 "GET /api/v1/geography/provinces/?page_size=50 HTTP/1.1" 200 152
[INFO] 2026-07-20 13:55:32,487 basehttp 564075 123815749203648 "GET /api/v1/auth/me/ HTTP/1.1" 200 404
[INFO] 2026-07-20 13:55:32,637 basehttp 564075 123815384315584 "GET /api/v1/geography/provinces/?page_size=50 HTTP/1.1" 200 152
[INFO] 2026-07-20 13:55:33,978 basehttp 564075 123815749203648 "OPTIONS /api/v1/stores/my-stores/ HTTP/1.1" 200 0
[INFO] 2026-07-20 13:55:33,978 basehttp 564075 123815384315584 "OPTIONS /api/v1/stores/my-stores/ HTTP/1.1" 200 0
[INFO] 2026-07-20 13:55:34,261 basehttp 564075 123815749203648 "GET /api/v1/stores/my-stores/ HTTP/1.1" 200 695
[INFO] 2026-07-20 13:55:34,526 basehttp 564075 123815749203648 "GET /api/v1/stores/my-stores/ HTTP/1.1" 200 695
[INFO] 2026-07-20 13:55:36,067 basehttp 564075 123815749203648 "GET /api/v1/auth/me/ HTTP/1.1" 200 404
[INFO] 2026-07-20 13:55:36,215 basehttp 564075 123815384315584 "GET /api/v1/geography/provinces/?page_size=50 HTTP/1.1" 200 152
[INFO] 2026-07-20 13:55:36,384 basehttp 564075 123815749203648 "GET /api/v1/auth/me/ HTTP/1.1" 200 404
[INFO] 2026-07-20 13:55:36,474 basehttp 564075 123815384315584 "GET /api/v1/geography/provinces/?page_size=50 HTTP/1.1" 200 152
[INFO] 2026-07-20 13:55:37,158 basehttp 564075 123815384315584 "GET /api/v1/stores/my-stores/ HTTP/1.1" 200 695
[INFO] 2026-07-20 13:55:37,372 basehttp 564075 123815384315584 "GET /api/v1/stores/my-stores/ HTTP/1.1" 200 695
[INFO] 2026-07-20 13:55:40,683 basehttp 564075 123815384315584 "GET /api/v1/stores/my-stores/ HTTP/1.1" 200 695
[INFO] 2026-07-20 13:55:40,690 basehttp 564075 123815749203648 "OPTIONS /api/v1/stores/2/license/ HTTP/1.1" 200 0
[INFO] 2026-07-20 13:55:40,698 basehttp 564075 123815740810944 "OPTIONS /api/v1/stores/1/license/ HTTP/1.1" 200 0
[WARNING] 2026-07-20 13:55:41,281 log 564075 123815749203648 Not Found: /api/v1/stores/2/license/
[WARNING] 2026-07-20 13:55:41,298 basehttp 564075 123815749203648 "GET /api/v1/stores/2/license/ HTTP/1.1" 404 103
[WARNING] 2026-07-20 13:55:41,434 log 564075 123815740810944 Not Found: /api/v1/stores/1/license/
[WARNING] 2026-07-20 13:55:41,465 basehttp 564075 123815740810944 "GET /api/v1/stores/1/license/ HTTP/1.1" 404 103
[INFO] 2026-07-20 13:55:41,540 basehttp 564075 123815384315584 "GET /api/v1/stores/my-stores/ HTTP/1.1" 200 695
[WARNING] 2026-07-20 13:55:41,987 log 564075 123815740810944 Not Found: /api/v1/stores/1/license/
[WARNING] 2026-07-20 13:55:41,988 basehttp 564075 123815740810944 "GET /api/v1/stores/1/license/ HTTP/1.1" 404 103
[WARNING] 2026-07-20 13:55:41,992 log 564075 123815384315584 Not Found: /api/v1/stores/2/license/
[WARNING] 2026-07-20 13:55:41,992 basehttp 564075 123815384315584 "GET /api/v1/stores/2/license/ HTTP/1.1" 404 103
[INFO] 2026-07-20 13:55:49,042 basehttp 564075 123815384315584 "OPTIONS /api/v1/stores/?page_size=1 HTTP/1.1" 200 0
[INFO] 2026-07-20 13:55:49,045 basehttp 564075 123815749203648 "OPTIONS /api/v1/stores/?page_size=1 HTTP/1.1" 200 0
[INFO] 2026-07-20 13:55:49,046 basehttp 564075 123815740810944 "OPTIONS /api/v1/complaints/my/?page_size=5 HTTP/1.1" 200 0
[INFO] 2026-07-20 13:55:49,053 basehttp 564075 123815790114496 "OPTIONS /api/v1/complaints/my/?page_size=5 HTTP/1.1" 200 0
[INFO] 2026-07-20 13:55:49,289 basehttp 564075 123815749203648 "GET /api/v1/complaints/my/?page_size=5 HTTP/1.1" 200 2
[INFO] 2026-07-20 13:55:49,537 basehttp 564075 123815384315584 "GET /api/v1/stores/?page_size=1 HTTP/1.1" 200 435
[INFO] 2026-07-20 13:55:49,670 basehttp 564075 123815749203648 "GET /api/v1/complaints/my/?page_size=5 HTTP/1.1" 200 2
[INFO] 2026-07-20 13:55:49,875 basehttp 564075 123815384315584 "GET /api/v1/stores/?page_size=1 HTTP/1.1" 200 435
[INFO] 2026-07-20 13:55:53,633 basehttp 564075 123815384315584 "GET /api/v1/auth/me/ HTTP/1.1" 200 404
[INFO] 2026-07-20 13:55:53,962 basehttp 564075 123815384315584 "GET /api/v1/stores/my-stores/ HTTP/1.1" 200 695
[INFO] 2026-07-20 13:55:54,212 basehttp 564075 123815384315584 "GET /api/v1/stores/my-stores/ HTTP/1.1" 200 695
[WARNING] 2026-07-20 13:55:56,668 log 564075 123815384315584 Bad Request: /api/v1/auth/logout/
[WARNING] 2026-07-20 13:55:56,669 basehttp 564075 123815384315584 "POST /api/v1/auth/logout/ HTTP/1.1" 400 132
[INFO] 2026-07-20 13:56:05,386 base_service 564075 123815384315584 User logged in with password: 09056419609
[INFO] 2026-07-20 13:56:05,523 basehttp 564075 123815384315584 "POST /api/v1/auth/login/ HTTP/1.1" 200 1128
[INFO] 2026-07-20 13:56:05,837 basehttp 564075 123815384315584 "GET /api/v1/stores/my-stores/ HTTP/1.1" 200 26
[INFO] 2026-07-20 13:56:05,971 basehttp 564075 123815384315584 "GET /api/v1/stores/my-stores/ HTTP/1.1" 200 26
[INFO] 2026-07-20 14:09:09,798 autoreload 20692 132791679959168 Watching for file changes with StatReloader
[INFO] 2026-07-20 14:09:24,218 basehttp 20692 132790952654528 "OPTIONS /api/v1/auth/me/ HTTP/1.1" 200 0
[INFO] 2026-07-20 14:09:25,168 basehttp 20692 132790952654528 "GET /api/v1/auth/me/ HTTP/1.1" 200 408
[INFO] 2026-07-20 14:09:29,091 basehttp 20692 132790939018944 "GET /admin/accounts/user/ HTTP/1.1" 200 42483
[INFO] 2026-07-20 14:09:29,275 basehttp 20692 132790939018944 "GET /admin/jsi18n/ HTTP/1.1" 200 3343
[INFO] 2026-07-20 14:09:40,217 basehttp 20692 132790939018944 "GET /admin/accounts/user/ HTTP/1.1" 200 42483
[INFO] 2026-07-20 14:09:40,346 basehttp 20692 132790939018944 "GET /admin/jsi18n/ HTTP/1.1" 200 3343
[INFO] 2026-07-20 14:09:46,385 basehttp 20692 132790939018944 "GET /admin/accounts/user/7/change/ HTTP/1.1" 200 66430
[INFO] 2026-07-20 14:09:46,631 basehttp 20692 132790939018944 "GET /admin/jsi18n/ HTTP/1.1" 200 3343
[INFO] 2026-07-20 14:09:46,826 basehttp 20692 132790939018944 "GET /static/admin/img/icon-unknown.svg HTTP/1.1" 304 0
[INFO] 2026-07-20 14:09:46,827 basehttp 20692 132790856185536 "GET /static/admin/img/icon-unknown-alt.svg HTTP/1.1" 304 0
[INFO] 2026-07-20 14:09:53,343 basehttp 20692 132790856185536 "POST /admin/accounts/user/7/change/ HTTP/1.1" 302 0
[INFO] 2026-07-20 14:09:53,757 basehttp 20692 132790856185536 "GET /admin/accounts/user/ HTTP/1.1" 200 42695
[INFO] 2026-07-20 14:09:53,884 basehttp 20692 132790856185536 "GET /admin/jsi18n/ HTTP/1.1" 200 3343
[INFO] 2026-07-20 14:09:57,970 basehttp 20692 132790952654528 "OPTIONS /api/v1/auth/logout/ HTTP/1.1" 200 0
[WARNING] 2026-07-20 14:09:58,099 log 20692 132790952654528 Bad Request: /api/v1/auth/logout/
[WARNING] 2026-07-20 14:09:58,100 basehttp 20692 132790952654528 "POST /api/v1/auth/logout/ HTTP/1.1" 400 132
[INFO] 2026-07-20 14:10:06,584 basehttp 20692 132790952654528 "OPTIONS /api/v1/auth/login/ HTTP/1.1" 200 0
[INFO] 2026-07-20 14:10:06,918 base_service 20692 132790952654528 User logged in with password: 09184423221
[INFO] 2026-07-20 14:10:07,075 basehttp 20692 132790952654528 "POST /api/v1/auth/login/ HTTP/1.1" 200 1119
[INFO] 2026-07-20 14:10:12,268 basehttp 20692 132790952654528 "OPTIONS /api/v1/complaints/?page=1&page_size=15 HTTP/1.1" 200 0
[INFO] 2026-07-20 14:10:12,269 basehttp 20692 132790846744256 "OPTIONS /api/v1/complaints/?page=1&page_size=15 HTTP/1.1" 200 0
[WARNING] 2026-07-20 14:10:12,468 log 20692 132790952654528 Method Not Allowed: /api/v1/complaints/
[WARNING] 2026-07-20 14:10:12,468 basehttp 20692 132790952654528 "GET /api/v1/complaints/?page=1&page_size=15 HTTP/1.1" 405 137
[WARNING] 2026-07-20 14:10:12,702 log 20692 132790952654528 Method Not Allowed: /api/v1/complaints/
[WARNING] 2026-07-20 14:10:12,702 basehttp 20692 132790952654528 "GET /api/v1/complaints/?page=1&page_size=15 HTTP/1.1" 405 137
[INFO] 2026-07-20 14:10:16,912 basehttp 20692 132790846744256 "OPTIONS /api/v1/pricing/overpriced/?page=1&page_size=15&ordering=-violation_amount HTTP/1.1" 200 0
[INFO] 2026-07-20 14:10:16,913 basehttp 20692 132790952654528 "OPTIONS /api/v1/pricing/overpriced/?page=1&page_size=15&ordering=-violation_amount HTTP/1.1" 200 0
[INFO] 2026-07-20 14:10:17,297 basehttp 20692 132790952654528 "GET /api/v1/pricing/overpriced/?page=1&page_size=15&ordering=-violation_amount HTTP/1.1" 200 26
[INFO] 2026-07-20 14:10:17,527 basehttp 20692 132790952654528 "GET /api/v1/pricing/overpriced/?page=1&page_size=15&ordering=-violation_amount HTTP/1.1" 200 26
[INFO] 2026-07-20 14:10:21,318 basehttp 20692 132790952654528 "OPTIONS /api/v1/stores/?page=1&page_size=15 HTTP/1.1" 200 0
[INFO] 2026-07-20 14:10:21,321 basehttp 20692 132790846744256 "OPTIONS /api/v1/stores/?page=1&page_size=15 HTTP/1.1" 200 0
[INFO] 2026-07-20 14:10:21,942 basehttp 20692 132790952654528 "GET /api/v1/stores/?page=1&page_size=15 HTTP/1.1" 200 435
[INFO] 2026-07-20 14:10:22,335 basehttp 20692 132790952654528 "GET /api/v1/stores/?page=1&page_size=15 HTTP/1.1" 200 435
[WARNING] 2026-07-20 14:10:25,404 log 20692 132790952654528 Method Not Allowed: /api/v1/complaints/
[WARNING] 2026-07-20 14:10:25,405 basehttp 20692 132790952654528 "GET /api/v1/complaints/?page=1&page_size=15 HTTP/1.1" 405 137
[WARNING] 2026-07-20 14:10:25,598 log 20692 132790952654528 Method Not Allowed: /api/v1/complaints/
[WARNING] 2026-07-20 14:10:25,599 basehttp 20692 132790952654528 "GET /api/v1/complaints/?page=1&page_size=15 HTTP/1.1" 405 137
[INFO] 2026-07-20 14:10:29,579 basehttp 20692 132790952654528 "OPTIONS /api/v1/complaints/?page_size=5 HTTP/1.1" 200 0
[INFO] 2026-07-20 14:10:29,579 basehttp 20692 132790846744256 "OPTIONS /api/v1/pricing/overpriced/?page_size=5 HTTP/1.1" 200 0
[INFO] 2026-07-20 14:10:29,582 basehttp 20692 132790836254400 "OPTIONS /api/v1/complaints/?page_size=5 HTTP/1.1" 200 0
[INFO] 2026-07-20 14:10:29,583 basehttp 20692 132790827861696 "OPTIONS /api/v1/pricing/overpriced/?page_size=5 HTTP/1.1" 200 0
[WARNING] 2026-07-20 14:10:29,851 log 20692 132790827861696 Method Not Allowed: /api/v1/complaints/
[WARNING] 2026-07-20 14:10:29,852 basehttp 20692 132790827861696 "GET /api/v1/complaints/?page_size=5 HTTP/1.1" 405 137
[INFO] 2026-07-20 14:10:30,087 basehttp 20692 132790846744256 "GET /api/v1/pricing/overpriced/?page_size=5 HTTP/1.1" 200 26
[WARNING] 2026-07-20 14:10:30,361 log 20692 132790827861696 Method Not Allowed: /api/v1/complaints/
[WARNING] 2026-07-20 14:10:30,395 basehttp 20692 132790827861696 "GET /api/v1/complaints/?page_size=5 HTTP/1.1" 405 137
[INFO] 2026-07-20 14:10:30,530 basehttp 20692 132790846744256 "GET /api/v1/pricing/overpriced/?page_size=5 HTTP/1.1" 200 26
[INFO] 2026-07-20 14:10:45,275 basehttp 20692 132790856185536 "GET /admin/accounts/user/7/change/ HTTP/1.1" 200 66430
[INFO] 2026-07-20 14:10:45,498 basehttp 20692 132790856185536 "GET /admin/jsi18n/ HTTP/1.1" 200 3343
[INFO] 2026-07-20 14:10:55,611 basehttp 20692 132790856185536 "POST /admin/accounts/user/7/change/ HTTP/1.1" 302 0
[INFO] 2026-07-20 14:10:56,045 basehttp 20692 132790856185536 "GET /admin/accounts/user/ HTTP/1.1" 200 42697
[INFO] 2026-07-20 14:10:56,274 basehttp 20692 132790856185536 "GET /admin/jsi18n/ HTTP/1.1" 200 3343
[INFO] 2026-07-20 14:10:59,480 basehttp 20692 132790846744256 "GET /api/v1/auth/me/ HTTP/1.1" 200 390
[WARNING] 2026-07-20 14:10:59,749 log 20692 132790846744256 Method Not Allowed: /api/v1/complaints/
[WARNING] 2026-07-20 14:10:59,750 basehttp 20692 132790846744256 "GET /api/v1/complaints/?page_size=5 HTTP/1.1" 405 137
[INFO] 2026-07-20 14:11:00,031 basehttp 20692 132790827861696 "GET /api/v1/pricing/overpriced/?page_size=5 HTTP/1.1" 200 26
[WARNING] 2026-07-20 14:11:00,213 log 20692 132790846744256 Method Not Allowed: /api/v1/complaints/
[WARNING] 2026-07-20 14:11:00,216 basehttp 20692 132790846744256 "GET /api/v1/complaints/?page_size=5 HTTP/1.1" 405 137
[INFO] 2026-07-20 14:11:00,330 basehttp 20692 132790827861696 "GET /api/v1/pricing/overpriced/?page_size=5 HTTP/1.1" 200 26
[WARNING] 2026-07-20 14:11:02,510 log 20692 132790827861696 Bad Request: /api/v1/auth/logout/
[WARNING] 2026-07-20 14:11:02,511 basehttp 20692 132790827861696 "POST /api/v1/auth/logout/ HTTP/1.1" 400 132
[INFO] 2026-07-20 14:11:11,437 base_service 20692 132790827861696 User logged in with password: 09184423221
[INFO] 2026-07-20 14:11:11,595 basehttp 20692 132790827861696 "POST /api/v1/auth/login/ HTTP/1.1" 200 1118
[WARNING] 2026-07-20 14:11:12,168 log 20692 132790827861696 Method Not Allowed: /api/v1/complaints/
[WARNING] 2026-07-20 14:11:12,170 basehttp 20692 132790827861696 "GET /api/v1/complaints/?page_size=5 HTTP/1.1" 405 137
[INFO] 2026-07-20 14:11:12,332 basehttp 20692 132790846744256 "GET /api/v1/pricing/overpriced/?page_size=5 HTTP/1.1" 200 26
[WARNING] 2026-07-20 14:11:12,630 log 20692 132790827861696 Method Not Allowed: /api/v1/complaints/
[WARNING] 2026-07-20 14:11:12,632 basehttp 20692 132790827861696 "GET /api/v1/complaints/?page_size=5 HTTP/1.1" 405 137
[INFO] 2026-07-20 14:11:12,755 basehttp 20692 132790846744256 "GET /api/v1/pricing/overpriced/?page_size=5 HTTP/1.1" 200 26
[INFO] 2026-07-20 14:11:16,090 basehttp 20692 132790846744256 "OPTIONS /api/v1/complaints/my/?page=1&page_size=10 HTTP/1.1" 200 0
[INFO] 2026-07-20 14:11:16,091 basehttp 20692 132790827861696 "OPTIONS /api/v1/complaints/my/?page=1&page_size=10 HTTP/1.1" 200 0
[INFO] 2026-07-20 14:11:16,389 basehttp 20692 132790846744256 "GET /api/v1/complaints/my/?page=1&page_size=10 HTTP/1.1" 200 2
[INFO] 2026-07-20 14:11:16,628 basehttp 20692 132790846744256 "GET /api/v1/complaints/my/?page=1&page_size=10 HTTP/1.1" 200 2
[INFO] 2026-07-20 14:11:22,801 basehttp 20692 132790846744256 "OPTIONS /api/v1/stores/?search=lv&status=active HTTP/1.1" 200 0
[INFO] 2026-07-20 14:11:23,028 basehttp 20692 132790846744256 "GET /api/v1/stores/?search=lv&status=active HTTP/1.1" 200 109
[INFO] 2026-07-20 14:11:27,249 basehttp 20692 132790846744256 "OPTIONS /api/v1/stores/?search=%D9%85%D8%B1%D8%BA&status=active HTTP/1.1" 200 0
[INFO] 2026-07-20 14:11:27,651 basehttp 20692 132790846744256 "GET /api/v1/stores/?search=%D9%85%D8%B1%D8%BA&status=active HTTP/1.1" 200 435
[INFO] 2026-07-20 14:11:28,457 basehttp 20692 132790846744256 "OPTIONS /api/v1/products/ HTTP/1.1" 200 0
[INFO] 2026-07-20 14:11:28,723 basehttp 20692 132790846744256 "GET /api/v1/products/ HTTP/1.1" 200 341
[INFO] 2026-07-20 14:11:30,996 basehttp 20692 132790846744256 "OPTIONS /api/v1/pricing/official-prices/today/?union=1&product=1 HTTP/1.1" 200 0
[INFO] 2026-07-20 14:11:31,311 basehttp 20692 132790846744256 "GET /api/v1/pricing/official-prices/today/?union=1&product=1 HTTP/1.1" 200 26
[INFO] 2026-07-20 14:11:46,431 basehttp 20692 132790846744256 "OPTIONS /api/v1/complaints/ HTTP/1.1" 200 0
[WARNING] 2026-07-20 14:11:46,640 log 20692 132790846744256 Bad Request: /api/v1/complaints/
[WARNING] 2026-07-20 14:11:46,641 basehttp 20692 132790846744256 "POST /api/v1/complaints/ HTTP/1.1" 400 146
[WARNING] 2026-07-20 14:11:47,978 log 20692 132790846744256 Bad Request: /api/v1/complaints/
[WARNING] 2026-07-20 14:11:47,979 basehttp 20692 132790846744256 "POST /api/v1/complaints/ HTTP/1.1" 400 146
[WARNING] 2026-07-20 14:11:49,520 log 20692 132790846744256 Bad Request: /api/v1/complaints/
[WARNING] 2026-07-20 14:11:49,521 basehttp 20692 132790846744256 "POST /api/v1/complaints/ HTTP/1.1" 400 146
[WARNING] 2026-07-20 14:11:50,817 log 20692 132790846744256 Bad Request: /api/v1/complaints/
[WARNING] 2026-07-20 14:11:50,817 basehttp 20692 132790846744256 "POST /api/v1/complaints/ HTTP/1.1" 400 146
[WARNING] 2026-07-20 14:13:01,133 log 20692 132790846744256 Bad Request: /api/v1/complaints/
[WARNING] 2026-07-20 14:13:01,133 basehttp 20692 132790846744256 "POST /api/v1/complaints/ HTTP/1.1" 400 146
[WARNING] 2026-07-20 14:13:07,051 log 20692 132790846744256 Bad Request: /api/v1/complaints/
[WARNING] 2026-07-20 14:13:07,051 basehttp 20692 132790846744256 "POST /api/v1/complaints/ HTTP/1.1" 400 146
[WARNING] 2026-07-20 14:13:30,792 log 20692 132790846744256 Bad Request: /api/v1/complaints/
[WARNING] 2026-07-20 14:13:30,793 basehttp 20692 132790846744256 "POST /api/v1/complaints/ HTTP/1.1" 400 146
[WARNING] 2026-07-20 14:51:25,258 log 20692 132790836254400 Bad Request: /api/v1/complaints/
[WARNING] 2026-07-20 14:51:25,263 basehttp 20692 132790836254400 "POST /api/v1/complaints/ HTTP/1.1" 400 146
[WARNING] 2026-07-20 14:51:35,907 log 20692 132790836254400 Bad Request: /api/v1/complaints/
[WARNING] 2026-07-20 14:51:35,913 basehttp 20692 132790836254400 "POST /api/v1/complaints/ HTTP/1.1" 400 146
[INFO] 2026-07-20 15:01:16,823 basehttp 20692 132790836254400 "OPTIONS /api/v1/geography/provinces/ HTTP/1.1" 200 0
[INFO] 2026-07-20 15:01:16,824 basehttp 20692 132790856185536 "OPTIONS /api/v1/pricing/official-prices/?page=1&is_today=true HTTP/1.1" 200 0
[INFO] 2026-07-20 15:01:16,825 basehttp 20692 132790952654528 "OPTIONS /api/v1/pricing/official-prices/?page=1&is_today=true HTTP/1.1" 200 0
[INFO] 2026-07-20 15:01:16,826 basehttp 20692 132790827861696 "OPTIONS /api/v1/geography/provinces/ HTTP/1.1" 200 0
[INFO] 2026-07-20 15:01:17,531 basehttp 20692 132790827861696 "GET /api/v1/geography/provinces/ HTTP/1.1" 200 152
[INFO] 2026-07-20 15:01:19,274 basehttp 20692 132790952654528 "GET /api/v1/pricing/official-prices/?page=1&is_today=true HTTP/1.1" 200 109
[INFO] 2026-07-20 15:01:19,810 basehttp 20692 132790827861696 "GET /api/v1/geography/provinces/ HTTP/1.1" 200 152
[INFO] 2026-07-20 15:01:19,991 basehttp 20692 132790952654528 "GET /api/v1/pricing/official-prices/?page=1&is_today=true HTTP/1.1" 200 109
[INFO] 2026-07-20 15:01:20,393 basehttp 20692 132790827861696 "OPTIONS /api/v1/pricing/official-prices/?page=1&is_today=true&province=1 HTTP/1.1" 200 0
[INFO] 2026-07-20 15:01:20,394 basehttp 20692 132790952654528 "OPTIONS /api/v1/geography/provinces/1/cities/ HTTP/1.1" 200 0
[INFO] 2026-07-20 15:01:21,870 basehttp 20692 132790827861696 "GET /api/v1/pricing/official-prices/?page=1&is_today=true&province=1 HTTP/1.1" 200 109
[INFO] 2026-07-20 15:01:22,237 basehttp 20692 132790952654528 "GET /api/v1/geography/provinces/1/cities/ HTTP/1.1" 200 83
[INFO] 2026-07-20 15:01:24,309 basehttp 20692 132790952654528 "OPTIONS /api/v1/pricing/official-prices/?page=1&is_today=true&city=1 HTTP/1.1" 200 0
[INFO] 2026-07-20 15:01:25,041 basehttp 20692 132790952654528 "GET /api/v1/pricing/official-prices/?page=1&is_today=true&city=1 HTTP/1.1" 200 109
[INFO] 2026-07-20 15:01:26,230 basehttp 20692 132790952654528 "OPTIONS /api/v1/pricing/official-prices/?page=1&search=%D9%85&is_today=true&city=1 HTTP/1.1" 200 0
[INFO] 2026-07-20 15:01:26,492 basehttp 20692 132790827861696 "OPTIONS /api/v1/pricing/official-prices/?page=1&search=%D9%85%D8%B1&is_today=true&city=1 HTTP/1.1" 200 0
[INFO] 2026-07-20 15:01:26,766 basehttp 20692 132790856185536 "OPTIONS /api/v1/pricing/official-prices/?page=1&search=%D9%85%D8%B1%D8%BA&is_today=true&city=1 HTTP/1.1" 200 0
[INFO] 2026-07-20 15:01:27,117 basehttp 20692 132790952654528 "GET /api/v1/pricing/official-prices/?page=1&search=%D9%85&is_today=true&city=1 HTTP/1.1" 200 109
[INFO] 2026-07-20 15:01:27,301 basehttp 20692 132790827861696 "GET /api/v1/pricing/official-prices/?page=1&search=%D9%85%D8%B1&is_today=true&city=1 HTTP/1.1" 200 109
[INFO] 2026-07-20 15:01:27,570 basehttp 20692 132790856185536 "GET /api/v1/pricing/official-prices/?page=1&search=%D9%85%D8%B1%D8%BA&is_today=true&city=1 HTTP/1.1" 200 109
[INFO] 2026-07-20 15:01:28,386 basehttp 20692 132790856185536 "OPTIONS /api/v1/pricing/official-prices/?page=1&search=%D9%85%D8%B1%D8%BA+&is_today=true&city=1 HTTP/1.1" 200 0
[INFO] 2026-07-20 15:01:28,863 basehttp 20692 132790856185536 "GET /api/v1/pricing/official-prices/?page=1&search=%D9%85%D8%B1%D8%BA+&is_today=true&city=1 HTTP/1.1" 200 109
[INFO] 2026-07-20 15:01:29,797 basehttp 20692 132790856185536 "OPTIONS /api/v1/pricing/official-prices/?page=1&search=%D9%85%D8%B1%D8%BA+%D8%B4&is_today=true&city=1 HTTP/1.1" 200 0
[INFO] 2026-07-20 15:01:30,223 basehttp 20692 132790827861696 "OPTIONS /api/v1/pricing/official-prices/?page=1&search=%D9%85%D8%B1%D8%BA+%D8%B4%D9%85&is_today=true&city=1 HTTP/1.1" 200 0
[INFO] 2026-07-20 15:01:30,445 basehttp 20692 132790952654528 "OPTIONS /api/v1/pricing/official-prices/?page=1&search=%D9%85%D8%B1%D8%BA+%D8%B4%D9%85%D8%A7&is_today=true&city=1 HTTP/1.1" 200 0
[INFO] 2026-07-20 15:01:30,635 basehttp 20692 132790836254400 "OPTIONS /api/v1/pricing/official-prices/?page=1&search=%D9%85%D8%B1%D8%BA+%D8%B4%D9%85%D8%A7%D9%84&is_today=true&city=1 HTTP/1.1" 200 0
[INFO] 2026-07-20 15:01:30,707 basehttp 20692 132790856185536 "GET /api/v1/pricing/official-prices/?page=1&search=%D9%85%D8%B1%D8%BA+%D8%B4&is_today=true&city=1 HTTP/1.1" 200 109
[INFO] 2026-07-20 15:01:32,359 basehttp 20692 132790952654528 "GET /api/v1/pricing/official-prices/?page=1&search=%D9%85%D8%B1%D8%BA+%D8%B4%D9%85%D8%A7&is_today=true&city=1 HTTP/1.1" 200 109
[INFO] 2026-07-20 15:01:32,481 basehttp 20692 132790836254400 "GET /api/v1/pricing/official-prices/?page=1&search=%D9%85%D8%B1%D8%BA+%D8%B4%D9%85%D8%A7%D9%84&is_today=true&city=1 HTTP/1.1" 200 109
[INFO] 2026-07-20 15:01:32,484 basehttp 20692 132790827861696 "GET /api/v1/pricing/official-prices/?page=1&search=%D9%85%D8%B1%D8%BA+%D8%B4%D9%85&is_today=true&city=1 HTTP/1.1" 200 109
[INFO] 2026-07-20 15:01:32,810 basehttp 20692 132790827861696 "GET /api/v1/pricing/official-prices/?page=1&search=%D9%85%D8%B1%D8%BA+%D8%B4%D9%85%D8%A7%D9%84&is_today=true&city=1 HTTP/1.1" 200 109
[INFO] 2026-07-20 15:35:52,574 basehttp 20692 132790952654528 "GET /api/v1/auth/me/ HTTP/1.1" 200 390
[INFO] 2026-07-20 15:35:52,730 basehttp 20692 132790827861696 "OPTIONS /api/v1/stores/?page_size=1 HTTP/1.1" 200 0
[INFO] 2026-07-20 15:35:52,731 basehttp 20692 132790952654528 "OPTIONS /api/v1/stores/?page_size=1 HTTP/1.1" 200 0
[INFO] 2026-07-20 15:35:52,734 basehttp 20692 132790856185536 "OPTIONS /api/v1/complaints/my/?page_size=5 HTTP/1.1" 200 0
[INFO] 2026-07-20 15:35:52,737 basehttp 20692 132790836254400 "OPTIONS /api/v1/complaints/my/?page_size=5 HTTP/1.1" 200 0
[INFO] 2026-07-20 15:35:53,857 basehttp 20692 132790836254400 "GET /api/v1/complaints/my/?page_size=5 HTTP/1.1" 200 2
[INFO] 2026-07-20 15:35:54,832 basehttp 20692 132790952654528 "GET /api/v1/stores/?page_size=1 HTTP/1.1" 200 435
[INFO] 2026-07-20 15:35:55,407 basehttp 20692 132790836254400 "GET /api/v1/complaints/my/?page_size=5 HTTP/1.1" 200 2
[INFO] 2026-07-20 15:35:55,718 basehttp 20692 132790952654528 "GET /api/v1/stores/?page_size=1 HTTP/1.1" 200 435
[WARNING] 2026-07-20 15:35:56,792 log 20692 132790952654528 Bad Request: /api/v1/auth/logout/
[WARNING] 2026-07-20 15:35:56,794 basehttp 20692 132790952654528 "POST /api/v1/auth/logout/ HTTP/1.1" 400 132
[INFO] 2026-07-20 15:36:15,799 base_service 20692 132790952654528 User logged in with password: 09056419609
[INFO] 2026-07-20 15:36:16,347 basehttp 20692 132790952654528 "POST /api/v1/auth/login/ HTTP/1.1" 200 1128
[INFO] 2026-07-20 15:36:17,683 basehttp 20692 132790836254400 "GET /api/v1/complaints/my/?page_size=5 HTTP/1.1" 200 2
[INFO] 2026-07-20 15:36:18,401 basehttp 20692 132790952654528 "GET /api/v1/stores/?page_size=1 HTTP/1.1" 200 435
[INFO] 2026-07-20 15:36:19,161 basehttp 20692 132790827861696 "GET /api/v1/complaints/my/?page_size=5 HTTP/1.1" 200 2
[INFO] 2026-07-20 15:36:19,348 basehttp 20692 132790952654528 "GET /api/v1/stores/?page_size=1 HTTP/1.1" 200 435
[INFO] 2026-07-20 17:22:29,536 basehttp 20692 132790827861696 "OPTIONS /api/v1/complaints/?page_size=1 HTTP/1.1" 200 0
[INFO] 2026-07-20 17:22:29,537 basehttp 20692 132790952654528 "OPTIONS /api/v1/complaints/?status=reviewing&page_size=1 HTTP/1.1" 200 0
[INFO] 2026-07-20 17:22:29,539 basehttp 20692 132790836254400 "OPTIONS /api/v1/complaints/?status=submitted&page_size=1 HTTP/1.1" 200 0
[INFO] 2026-07-20 17:22:29,541 basehttp 20692 132790856185536 "OPTIONS /api/v1/complaints/?status=confirmed&page_size=1 HTTP/1.1" 200 0
[INFO] 2026-07-20 17:22:29,543 basehttp 20692 132790939018944 "OPTIONS /api/v1/complaints/?status=closed&page_size=1 HTTP/1.1" 200 0
[INFO] 2026-07-20 17:22:29,556 basehttp 20692 132790952654528 "OPTIONS /api/v1/complaints/?status=reviewing&page_size=1 HTTP/1.1" 200 0
[INFO] 2026-07-20 17:22:29,558 basehttp 20692 132790939018944 "OPTIONS /api/v1/complaints/?status=confirmed&page_size=1 HTTP/1.1" 200 0
[INFO] 2026-07-20 17:22:29,558 basehttp 20692 132790827861696 "OPTIONS /api/v1/complaints/?status=submitted&page_size=1 HTTP/1.1" 200 0
[INFO] 2026-07-20 17:22:29,560 basehttp 20692 132790836254400 "OPTIONS /api/v1/complaints/?page_size=1 HTTP/1.1" 200 0
[INFO] 2026-07-20 17:22:29,561 basehttp 20692 132790846744256 "OPTIONS /api/v1/complaints/?page=1&page_size=15 HTTP/1.1" 200 0
[INFO] 2026-07-20 17:22:29,564 basehttp 20692 132790846744256 "OPTIONS /api/v1/complaints/?status=closed&page_size=1 HTTP/1.1" 200 0
[INFO] 2026-07-20 17:22:29,608 basehttp 20692 132790836254400 "OPTIONS /api/v1/complaints/?page=1&page_size=15 HTTP/1.1" 200 0
[WARNING] 2026-07-20 17:22:30,340 log 20692 132790836254400 Method Not Allowed: /api/v1/complaints/
[WARNING] 2026-07-20 17:22:30,347 basehttp 20692 132790836254400 "GET /api/v1/complaints/?page=1&page_size=15 HTTP/1.1" 405 137
[WARNING] 2026-07-20 17:22:30,638 log 20692 132790827861696 Method Not Allowed: /api/v1/complaints/
[WARNING] 2026-07-20 17:22:30,640 basehttp 20692 132790827861696 "GET /api/v1/complaints/?page_size=1 HTTP/1.1" 405 137
[WARNING] 2026-07-20 17:22:30,659 log 20692 132790939018944 Method Not Allowed: /api/v1/complaints/
[WARNING] 2026-07-20 17:22:30,676 basehttp 20692 132790939018944 "GET /api/v1/complaints/?status=confirmed&page_size=1 HTTP/1.1" 405 137
[WARNING] 2026-07-20 17:22:30,700 log 20692 132790856185536 Method Not Allowed: /api/v1/complaints/
[WARNING] 2026-07-20 17:22:30,701 basehttp 20692 132790856185536 "GET /api/v1/complaints/?status=submitted&page_size=1 HTTP/1.1" 405 137
[WARNING] 2026-07-20 17:22:30,754 log 20692 132790952654528 Method Not Allowed: /api/v1/complaints/
[WARNING] 2026-07-20 17:22:30,777 basehttp 20692 132790952654528 "GET /api/v1/complaints/?status=reviewing&page_size=1 HTTP/1.1" 405 137
[WARNING] 2026-07-20 17:22:30,791 log 20692 132790846744256 Method Not Allowed: /api/v1/complaints/
[WARNING] 2026-07-20 17:22:30,814 basehttp 20692 132790846744256 "GET /api/v1/complaints/?status=closed&page_size=1 HTTP/1.1" 405 137
[WARNING] 2026-07-20 17:22:31,079 log 20692 132790836254400 Method Not Allowed: /api/v1/complaints/
[WARNING] 2026-07-20 17:22:31,080 basehttp 20692 132790836254400 "GET /api/v1/complaints/?page=1&page_size=15 HTTP/1.1" 405 137
[WARNING] 2026-07-20 17:22:31,275 log 20692 132790939018944 Method Not Allowed: /api/v1/complaints/
[WARNING] 2026-07-20 17:22:31,281 basehttp 20692 132790939018944 "GET /api/v1/complaints/?status=confirmed&page_size=1 HTTP/1.1" 405 137
[WARNING] 2026-07-20 17:22:31,359 log 20692 132790952654528 Method Not Allowed: /api/v1/complaints/
[WARNING] 2026-07-20 17:22:31,376 basehttp 20692 132790952654528 "GET /api/v1/complaints/?status=reviewing&page_size=1 HTTP/1.1" 405 137
[WARNING] 2026-07-20 17:22:31,387 log 20692 132790856185536 Method Not Allowed: /api/v1/complaints/
[WARNING] 2026-07-20 17:22:31,397 log 20692 132790827861696 Method Not Allowed: /api/v1/complaints/
[WARNING] 2026-07-20 17:22:31,399 basehttp 20692 132790856185536 "GET /api/v1/complaints/?status=submitted&page_size=1 HTTP/1.1" 405 137
[WARNING] 2026-07-20 17:22:31,403 basehttp 20692 132790827861696 "GET /api/v1/complaints/?page_size=1 HTTP/1.1" 405 137
[WARNING] 2026-07-20 17:22:31,411 log 20692 132790846744256 Method Not Allowed: /api/v1/complaints/
[WARNING] 2026-07-20 17:22:31,412 basehttp 20692 132790846744256 "GET /api/v1/complaints/?status=closed&page_size=1 HTTP/1.1" 405 137
[WARNING] 2026-07-20 17:55:56,098 log 20692 132790836254400 Unauthorized: /api/v1/complaints/
[WARNING] 2026-07-20 17:55:56,099 basehttp 20692 132790836254400 "GET /api/v1/complaints/?page_size=1 HTTP/1.1" 401 293
[INFO] 2026-07-20 17:55:56,105 basehttp 20692 132790836254400 "OPTIONS /api/v1/auth/token/refresh/ HTTP/1.1" 200 0
[WARNING] 2026-07-20 17:55:56,146 log 20692 132790846744256 Unauthorized: /api/v1/complaints/
[WARNING] 2026-07-20 17:55:56,150 basehttp 20692 132790846744256 "GET /api/v1/complaints/?status=confirmed&page_size=1 HTTP/1.1" 401 293
[WARNING] 2026-07-20 17:55:56,378 log 20692 132790939018944 Unauthorized: /api/v1/complaints/
[WARNING] 2026-07-20 17:55:56,397 basehttp 20692 132790939018944 "GET /api/v1/complaints/?status=closed&page_size=1 HTTP/1.1" 401 293
[WARNING] 2026-07-20 17:55:56,407 log 20692 132790952654528 Unauthorized: /api/v1/complaints/
[WARNING] 2026-07-20 17:55:56,422 basehttp 20692 132790952654528 "GET /api/v1/complaints/?status=reviewing&page_size=1 HTTP/1.1" 401 293
[WARNING] 2026-07-20 17:55:56,496 log 20692 132790827861696 Unauthorized: /api/v1/complaints/
[WARNING] 2026-07-20 17:55:56,503 log 20692 132790856185536 Unauthorized: /api/v1/complaints/
[WARNING] 2026-07-20 17:55:56,504 basehttp 20692 132790827861696 "GET /api/v1/complaints/?page=1&page_size=15 HTTP/1.1" 401 293
[WARNING] 2026-07-20 17:55:56,504 basehttp 20692 132790856185536 "GET /api/v1/complaints/?status=submitted&page_size=1 HTTP/1.1" 401 293
[INFO] 2026-07-20 17:55:56,558 basehttp 20692 132790836254400 "POST /api/v1/auth/token/refresh/ HTTP/1.1" 200 352
[WARNING] 2026-07-20 17:55:56,853 log 20692 132790939018944 Unauthorized: /api/v1/complaints/
[WARNING] 2026-07-20 17:55:56,856 basehttp 20692 132790939018944 "GET /api/v1/complaints/?page=1&page_size=15 HTTP/1.1" 401 293
[WARNING] 2026-07-20 17:55:57,174 log 20692 132790846744256 Unauthorized: /api/v1/complaints/
[WARNING] 2026-07-20 17:55:57,178 log 20692 132790827861696 Unauthorized: /api/v1/complaints/
[WARNING] 2026-07-20 17:55:57,181 basehttp 20692 132790846744256 "GET /api/v1/complaints/?status=submitted&page_size=1 HTTP/1.1" 401 293
[WARNING] 2026-07-20 17:55:57,218 basehttp 20692 132790827861696 "GET /api/v1/complaints/?status=closed&page_size=1 HTTP/1.1" 401 293
[WARNING] 2026-07-20 17:55:57,263 log 20692 132790952654528 Unauthorized: /api/v1/complaints/
[WARNING] 2026-07-20 17:55:57,264 log 20692 132790836254400 Unauthorized: /api/v1/complaints/
[WARNING] 2026-07-20 17:55:57,265 basehttp 20692 132790836254400 "GET /api/v1/complaints/?page_size=1 HTTP/1.1" 401 293
[WARNING] 2026-07-20 17:55:57,266 basehttp 20692 132790952654528 "GET /api/v1/complaints/?status=reviewing&page_size=1 HTTP/1.1" 401 293
[WARNING] 2026-07-20 17:55:57,275 log 20692 132790856185536 Unauthorized: /api/v1/complaints/
[WARNING] 2026-07-20 17:55:57,278 basehttp 20692 132790856185536 "GET /api/v1/complaints/?status=confirmed&page_size=1 HTTP/1.1" 401 293
[INFO] 2026-07-20 17:55:57,365 basehttp 20692 132790939018944 "POST /api/v1/auth/token/refresh/ HTTP/1.1" 200 352
[WARNING] 2026-07-20 17:55:57,618 log 20692 132790827861696 Unauthorized: /api/v1/complaints/
[WARNING] 2026-07-20 17:55:57,642 basehttp 20692 132790827861696 "GET /api/v1/complaints/?status=confirmed&page_size=1 HTTP/1.1" 401 293
[WARNING] 2026-07-20 17:55:57,655 log 20692 132790836254400 Unauthorized: /api/v1/complaints/
[WARNING] 2026-07-20 17:55:57,659 basehttp 20692 132790836254400 "GET /api/v1/complaints/?status=submitted&page_size=1 HTTP/1.1" 401 293
[WARNING] 2026-07-20 17:55:57,900 log 20692 132790856185536 Unauthorized: /api/v1/complaints/
[WARNING] 2026-07-20 17:55:57,950 basehttp 20692 132790856185536 "GET /api/v1/complaints/?status=closed&page_size=1 HTTP/1.1" 401 293
[WARNING] 2026-07-20 17:55:57,963 log 20692 132790939018944 Unauthorized: /api/v1/complaints/
[WARNING] 2026-07-20 17:55:57,966 basehttp 20692 132790939018944 "GET /api/v1/complaints/?page=1&page_size=15 HTTP/1.1" 401 293
[WARNING] 2026-07-20 17:55:57,975 log 20692 132790952654528 Unauthorized: /api/v1/complaints/
[WARNING] 2026-07-20 17:55:57,977 basehttp 20692 132790952654528 "GET /api/v1/complaints/?status=reviewing&page_size=1 HTTP/1.1" 401 293
[INFO] 2026-07-20 17:55:58,033 basehttp 20692 132790827861696 "POST /api/v1/auth/token/refresh/ HTTP/1.1" 200 352
[WARNING] 2026-07-20 17:55:58,230 log 20692 132790827861696 Unauthorized: /api/v1/complaints/
[WARNING] 2026-07-20 17:55:58,231 basehttp 20692 132790827861696 "GET /api/v1/complaints/?status=confirmed&page_size=1 HTTP/1.1" 401 293
[WARNING] 2026-07-20 17:55:58,300 log 20692 132790952654528 Unauthorized: /api/v1/complaints/
[WARNING] 2026-07-20 17:55:58,312 basehttp 20692 132790952654528 "GET /api/v1/complaints/?status=closed&page_size=1 HTTP/1.1" 401 293
[WARNING] 2026-07-20 17:55:58,467 log 20692 132790856185536 Unauthorized: /api/v1/complaints/
[WARNING] 2026-07-20 17:55:58,472 basehttp 20692 132790856185536 "GET /api/v1/complaints/?status=reviewing&page_size=1 HTTP/1.1" 401 293
[WARNING] 2026-07-20 17:55:58,486 log 20692 132790939018944 Unauthorized: /api/v1/complaints/
[WARNING] 2026-07-20 17:55:58,512 basehttp 20692 132790939018944 "GET /api/v1/complaints/?status=submitted&page_size=1 HTTP/1.1" 401 293
[INFO] 2026-07-20 17:55:58,595 basehttp 20692 132790952654528 "POST /api/v1/auth/token/refresh/ HTTP/1.1" 200 352
[WARNING] 2026-07-20 17:55:58,777 log 20692 132790939018944 Unauthorized: /api/v1/complaints/
[WARNING] 2026-07-20 17:55:58,778 basehttp 20692 132790939018944 "GET /api/v1/complaints/?status=reviewing&page_size=1 HTTP/1.1" 401 293
[WARNING] 2026-07-20 17:55:58,994 log 20692 132790952654528 Unauthorized: /api/v1/complaints/
[WARNING] 2026-07-20 17:55:59,005 log 20692 132790856185536 Unauthorized: /api/v1/complaints/
[WARNING] 2026-07-20 17:55:59,005 basehttp 20692 132790952654528 "GET /api/v1/complaints/?status=closed&page_size=1 HTTP/1.1" 401 293
[WARNING] 2026-07-20 17:55:59,026 basehttp 20692 132790856185536 "GET /api/v1/complaints/?status=submitted&page_size=1 HTTP/1.1" 401 293
[INFO] 2026-07-20 17:55:59,125 basehttp 20692 132790939018944 "POST /api/v1/auth/token/refresh/ HTTP/1.1" 200 352
[WARNING] 2026-07-20 17:55:59,246 log 20692 132790952654528 Unauthorized: /api/v1/complaints/
[WARNING] 2026-07-20 17:55:59,247 basehttp 20692 132790952654528 "GET /api/v1/complaints/?status=submitted&page_size=1 HTTP/1.1" 401 293
[WARNING] 2026-07-20 17:55:59,369 log 20692 132790939018944 Unauthorized: /api/v1/complaints/
[WARNING] 2026-07-20 17:55:59,376 basehttp 20692 132790939018944 "GET /api/v1/complaints/?status=reviewing&page_size=1 HTTP/1.1" 401 293
[INFO] 2026-07-20 17:55:59,467 basehttp 20692 132790952654528 "POST /api/v1/auth/token/refresh/ HTTP/1.1" 200 352
[WARNING] 2026-07-20 17:55:59,589 log 20692 132790952654528 Unauthorized: /api/v1/complaints/
[WARNING] 2026-07-20 17:55:59,590 basehttp 20692 132790952654528 "GET /api/v1/complaints/?status=submitted&page_size=1 HTTP/1.1" 401 293
[INFO] 2026-07-20 18:15:57,465 autoreload 317279 125654753570944 Watching for file changes with StatReloader
[INFO] 2026-07-20 18:16:28,640 basehttp 317279 125654025631424 "OPTIONS /api/v1/geography/provinces/ HTTP/1.1" 200 0
[INFO] 2026-07-20 18:16:28,642 basehttp 317279 125654017238720 "OPTIONS /api/v1/pricing/official-prices/?page=1&is_today=true HTTP/1.1" 200 0
[INFO] 2026-07-20 18:16:28,643 basehttp 317279 125654008846016 "OPTIONS /api/v1/geography/provinces/ HTTP/1.1" 200 0
[INFO] 2026-07-20 18:16:28,645 basehttp 317279 125654025631424 "OPTIONS /api/v1/pricing/official-prices/?page=1&is_today=true HTTP/1.1" 200 0
[WARNING] 2026-07-20 18:16:29,153 log 317279 125654000453312 Unauthorized: /api/v1/geography/provinces/
[WARNING] 2026-07-20 18:16:29,154 basehttp 317279 125654000453312 "GET /api/v1/geography/provinces/ HTTP/1.1" 401 293
[WARNING] 2026-07-20 18:16:29,156 log 317279 125654017238720 Unauthorized: /api/v1/pricing/official-prices/
[WARNING] 2026-07-20 18:16:29,159 basehttp 317279 125654017238720 "GET /api/v1/pricing/official-prices/?page=1&is_today=true HTTP/1.1" 401 293
[INFO] 2026-07-20 18:16:29,163 basehttp 317279 125654000453312 "OPTIONS /api/v1/auth/token/refresh/ HTTP/1.1" 200 0
[WARNING] 2026-07-20 18:16:29,343 log 317279 125654025631424 Unauthorized: /api/v1/geography/provinces/
[WARNING] 2026-07-20 18:16:29,375 basehttp 317279 125654025631424 "GET /api/v1/geography/provinces/ HTTP/1.1" 401 293
[WARNING] 2026-07-20 18:16:29,494 log 317279 125654008846016 Unauthorized: /api/v1/pricing/official-prices/
[WARNING] 2026-07-20 18:16:29,495 basehttp 317279 125654008846016 "GET /api/v1/pricing/official-prices/?page=1&is_today=true HTTP/1.1" 401 293
[INFO] 2026-07-20 18:16:29,573 basehttp 317279 125654000453312 "POST /api/v1/auth/token/refresh/ HTTP/1.1" 200 352
[WARNING] 2026-07-20 18:16:29,739 log 317279 125654000453312 Unauthorized: /api/v1/geography/provinces/
[WARNING] 2026-07-20 18:16:29,755 basehttp 317279 125654000453312 "GET /api/v1/geography/provinces/ HTTP/1.1" 401 293
[WARNING] 2026-07-20 18:16:29,847 log 317279 125654008846016 Unauthorized: /api/v1/pricing/official-prices/
[WARNING] 2026-07-20 18:16:29,856 basehttp 317279 125654008846016 "GET /api/v1/pricing/official-prices/?page=1&is_today=true HTTP/1.1" 401 293
[WARNING] 2026-07-20 18:16:30,115 log 317279 125654025631424 Unauthorized: /api/v1/geography/provinces/
[WARNING] 2026-07-20 18:16:30,118 basehttp 317279 125654025631424 "GET /api/v1/geography/provinces/ HTTP/1.1" 401 293
[WARNING] 2026-07-20 18:16:30,179 log 317279 125654000453312 Unauthorized: /api/v1/pricing/official-prices/
[WARNING] 2026-07-20 18:16:30,180 basehttp 317279 125654000453312 "GET /api/v1/pricing/official-prices/?page=1&is_today=true HTTP/1.1" 401 293
[INFO] 2026-07-20 18:16:30,234 basehttp 317279 125654008846016 "POST /api/v1/auth/token/refresh/ HTTP/1.1" 200 352
[WARNING] 2026-07-20 18:16:30,399 log 317279 125654000453312 Unauthorized: /api/v1/geography/provinces/
[WARNING] 2026-07-20 18:16:30,400 basehttp 317279 125654000453312 "GET /api/v1/geography/provinces/ HTTP/1.1" 401 293
[WARNING] 2026-07-20 18:16:30,525 log 317279 125654008846016 Unauthorized: /api/v1/pricing/official-prices/
[WARNING] 2026-07-20 18:16:30,527 basehttp 317279 125654008846016 "GET /api/v1/pricing/official-prices/?page=1&is_today=true HTTP/1.1" 401 293
[INFO] 2026-07-20 18:16:30,662 basehttp 317279 125654000453312 "POST /api/v1/auth/token/refresh/ HTTP/1.1" 200 352
[WARNING] 2026-07-20 18:16:30,707 log 317279 125654025631424 Unauthorized: /api/v1/pricing/official-prices/
[WARNING] 2026-07-20 18:16:30,707 basehttp 317279 125654025631424 "GET /api/v1/pricing/official-prices/?page=1&is_today=true HTTP/1.1" 401 293
[WARNING] 2026-07-20 18:16:30,860 log 317279 125654025631424 Unauthorized: /api/v1/geography/provinces/
[WARNING] 2026-07-20 18:16:30,861 basehttp 317279 125654025631424 "GET /api/v1/geography/provinces/ HTTP/1.1" 401 293
[INFO] 2026-07-20 18:16:30,940 basehttp 317279 125654000453312 "POST /api/v1/auth/token/refresh/ HTTP/1.1" 200 352
[WARNING] 2026-07-20 18:16:31,088 log 317279 125654000453312 Unauthorized: /api/v1/pricing/official-prices/
[WARNING] 2026-07-20 18:16:31,089 basehttp 317279 125654000453312 "GET /api/v1/pricing/official-prices/?page=1&is_today=true HTTP/1.1" 401 293
[WARNING] 2026-07-20 18:27:49,015 log 317279 125654000453312 Unauthorized: /api/v1/pricing/official-prices/
[WARNING] 2026-07-20 18:27:49,019 log 317279 125654008846016 Unauthorized: /api/v1/geography/provinces/
[WARNING] 2026-07-20 18:27:49,019 basehttp 317279 125654000453312 "GET /api/v1/pricing/official-prices/?page=1&is_today=true HTTP/1.1" 401 293
[WARNING] 2026-07-20 18:27:49,019 basehttp 317279 125654008846016 "GET /api/v1/geography/provinces/ HTTP/1.1" 401 293
[INFO] 2026-07-20 18:27:49,222 basehttp 317279 125654008846016 "POST /api/v1/auth/token/refresh/ HTTP/1.1" 200 352
[WARNING] 2026-07-20 18:27:49,451 log 317279 125654008846016 Unauthorized: /api/v1/pricing/official-prices/
[WARNING] 2026-07-20 18:27:49,472 basehttp 317279 125654008846016 "GET /api/v1/pricing/official-prices/?page=1&is_today=true HTTP/1.1" 401 293
[WARNING] 2026-07-20 18:27:49,486 log 317279 125654000453312 Unauthorized: /api/v1/geography/provinces/
[WARNING] 2026-07-20 18:27:49,487 basehttp 317279 125654000453312 "GET /api/v1/geography/provinces/ HTTP/1.1" 401 293
[INFO] 2026-07-20 18:27:49,660 basehttp 317279 125654000453312 "POST /api/v1/auth/token/refresh/ HTTP/1.1" 200 352
[WARNING] 2026-07-20 18:27:49,789 log 317279 125654000453312 Unauthorized: /api/v1/geography/provinces/
[WARNING] 2026-07-20 18:27:49,789 basehttp 317279 125654000453312 "GET /api/v1/geography/provinces/ HTTP/1.1" 401 293
[INFO] 2026-07-20 18:47:47,379 autoreload 354014 128968906764416 Watching for file changes with StatReloader
[WARNING] 2026-07-20 18:47:52,084 log 354014 128968177960640 Not Found: /
[WARNING] 2026-07-20 18:47:52,085 basehttp 354014 128968177960640 "GET / HTTP/1.1" 404 16957
[INFO] 2026-07-20 18:47:56,685 basehttp 354014 128968177960640 "GET /admin/ HTTP/1.1" 200 41123
[INFO] 2026-07-20 18:48:31,196 basehttp 354014 128968162227904 "OPTIONS /api/v1/pricing/official-prices/today/?page_size=6 HTTP/1.1" 200 0
[WARNING] 2026-07-20 18:48:31,476 log 354014 128968162227904 Unauthorized: /api/v1/pricing/official-prices/today/
[WARNING] 2026-07-20 18:48:31,477 basehttp 354014 128968162227904 "GET /api/v1/pricing/official-prices/today/?page_size=6 HTTP/1.1" 401 293
[INFO] 2026-07-20 18:48:31,533 basehttp 354014 128968162227904 "OPTIONS /api/v1/auth/token/refresh/ HTTP/1.1" 200 0
[INFO] 2026-07-20 18:48:31,733 basehttp 354014 128968162227904 "POST /api/v1/auth/token/refresh/ HTTP/1.1" 200 352
[WARNING] 2026-07-20 18:48:31,866 log 354014 128968162227904 Unauthorized: /api/v1/pricing/official-prices/today/
[WARNING] 2026-07-20 18:48:31,866 basehttp 354014 128968162227904 "GET /api/v1/pricing/official-prices/today/?page_size=6 HTTP/1.1" 401 293
[WARNING] 2026-07-20 18:48:53,556 log 354014 128968162227904 Unauthorized: /api/v1/pricing/official-prices/today/
[WARNING] 2026-07-20 18:48:53,557 basehttp 354014 128968162227904 "GET /api/v1/pricing/official-prices/today/?page_size=6 HTTP/1.1" 401 293
[WARNING] 2026-07-20 18:48:53,684 log 354014 128968152786624 Unauthorized: /api/v1/pricing/official-prices/today/
[WARNING] 2026-07-20 18:48:53,685 basehttp 354014 128968152786624 "GET /api/v1/pricing/official-prices/today/?page_size=6 HTTP/1.1" 401 293
[INFO] 2026-07-20 18:48:53,733 basehttp 354014 128968162227904 "POST /api/v1/auth/token/refresh/ HTTP/1.1" 200 352
[WARNING] 2026-07-20 18:48:53,853 log 354014 128968162227904 Unauthorized: /api/v1/pricing/official-prices/today/
[WARNING] 2026-07-20 18:48:53,854 basehttp 354014 128968162227904 "GET /api/v1/pricing/official-prices/today/?page_size=6 HTTP/1.1" 401 293
[WARNING] 2026-07-20 18:48:53,998 log 354014 128968152786624 Unauthorized: /api/v1/pricing/official-prices/today/
[WARNING] 2026-07-20 18:48:53,999 basehttp 354014 128968152786624 "GET /api/v1/pricing/official-prices/today/?page_size=6 HTTP/1.1" 401 293
[INFO] 2026-07-20 18:48:55,313 basehttp 354014 128968162227904 "OPTIONS /api/v1/geography/provinces/ HTTP/1.1" 200 0
[INFO] 2026-07-20 18:48:55,313 basehttp 354014 128968152786624 "OPTIONS /api/v1/geography/provinces/ HTTP/1.1" 200 0
[WARNING] 2026-07-20 18:48:55,378 log 354014 128968152786624 Unauthorized: /api/v1/geography/provinces/
[WARNING] 2026-07-20 18:48:55,379 basehttp 354014 128968152786624 "GET /api/v1/geography/provinces/ HTTP/1.1" 401 293
[WARNING] 2026-07-20 18:48:55,546 log 354014 128968162227904 Unauthorized: /api/v1/geography/provinces/
[WARNING] 2026-07-20 18:48:55,546 basehttp 354014 128968162227904 "GET /api/v1/geography/provinces/ HTTP/1.1" 401 293
[INFO] 2026-07-20 18:48:55,621 basehttp 354014 128968152786624 "POST /api/v1/auth/token/refresh/ HTTP/1.1" 200 352
[INFO] 2026-07-20 18:48:55,715 basehttp 354014 128968162227904 "OPTIONS /api/v1/pricing/official-prices/today/?page_size=50&is_active=true HTTP/1.1" 200 0
[WARNING] 2026-07-20 18:48:55,790 log 354014 128968152786624 Unauthorized: /api/v1/geography/provinces/
[WARNING] 2026-07-20 18:48:55,791 basehttp 354014 128968152786624 "GET /api/v1/geography/provinces/ HTTP/1.1" 401 293
[WARNING] 2026-07-20 18:48:55,861 log 354014 128968162227904 Unauthorized: /api/v1/pricing/official-prices/today/
[WARNING] 2026-07-20 18:48:55,862 basehttp 354014 128968162227904 "GET /api/v1/pricing/official-prices/today/?page_size=50&is_active=true HTTP/1.1" 401 293
[WARNING] 2026-07-20 18:48:55,975 log 354014 128967935784640 Unauthorized: /api/v1/geography/provinces/
[WARNING] 2026-07-20 18:48:55,976 basehttp 354014 128967935784640 "GET /api/v1/geography/provinces/ HTTP/1.1" 401 293
[INFO] 2026-07-20 18:48:56,070 basehttp 354014 128968162227904 "POST /api/v1/auth/token/refresh/ HTTP/1.1" 200 352
[WARNING] 2026-07-20 18:48:56,190 log 354014 128968162227904 Unauthorized: /api/v1/pricing/official-prices/today/
[WARNING] 2026-07-20 18:48:56,191 basehttp 354014 128968162227904 "GET /api/v1/pricing/official-prices/today/?page_size=50&is_active=true HTTP/1.1" 401 293
[INFO] 2026-07-20 18:48:56,240 basehttp 354014 128968162227904 "OPTIONS /api/v1/pricing/official-prices/?page_size=50&is_active=true HTTP/1.1" 200 0
[WARNING] 2026-07-20 18:48:56,377 log 354014 128968162227904 Unauthorized: /api/v1/pricing/official-prices/
[WARNING] 2026-07-20 18:48:56,377 basehttp 354014 128968162227904 "GET /api/v1/pricing/official-prices/?page_size=50&is_active=true HTTP/1.1" 401 293
[INFO] 2026-07-20 18:48:56,555 basehttp 354014 128968162227904 "POST /api/v1/auth/token/refresh/ HTTP/1.1" 200 352
[WARNING] 2026-07-20 18:48:56,684 log 354014 128968162227904 Unauthorized: /api/v1/pricing/official-prices/
[WARNING] 2026-07-20 18:48:56,684 basehttp 354014 128968162227904 "GET /api/v1/pricing/official-prices/?page_size=50&is_active=true HTTP/1.1" 401 293
[WARNING] 2026-07-20 18:55:49,275 log 354014 128968177960640 Unauthorized: /api/v1/geography/provinces/
[WARNING] 2026-07-20 18:55:49,276 basehttp 354014 128968177960640 "GET /api/v1/geography/provinces/ HTTP/1.1" 401 293
[INFO] 2026-07-20 18:55:49,399 basehttp 354014 128968177960640 "POST /api/v1/auth/token/refresh/ HTTP/1.1" 200 352
[WARNING] 2026-07-20 18:55:49,510 log 354014 128968177960640 Unauthorized: /api/v1/geography/provinces/
[WARNING] 2026-07-20 18:55:49,510 basehttp 354014 128968177960640 "GET /api/v1/geography/provinces/ HTTP/1.1" 401 293
[WARNING] 2026-07-20 18:55:49,565 log 354014 128968162227904 Unauthorized: /api/v1/pricing/official-prices/today/
[WARNING] 2026-07-20 18:55:49,565 basehttp 354014 128968162227904 "GET /api/v1/pricing/official-prices/today/?page_size=50&is_active=true HTTP/1.1" 401 293
[INFO] 2026-07-20 18:55:49,676 basehttp 354014 128968162227904 "POST /api/v1/auth/token/refresh/ HTTP/1.1" 200 352
[WARNING] 2026-07-20 18:55:49,801 log 354014 128968162227904 Unauthorized: /api/v1/pricing/official-prices/today/
[WARNING] 2026-07-20 18:55:49,801 basehttp 354014 128968162227904 "GET /api/v1/pricing/official-prices/today/?page_size=50&is_active=true HTTP/1.1" 401 293
[WARNING] 2026-07-20 18:55:49,908 log 354014 128968162227904 Unauthorized: /api/v1/pricing/official-prices/
[WARNING] 2026-07-20 18:55:49,909 basehttp 354014 128968162227904 "GET /api/v1/pricing/official-prices/?page_size=50&is_active=true HTTP/1.1" 401 293
[INFO] 2026-07-20 18:55:50,081 basehttp 354014 128968162227904 "POST /api/v1/auth/token/refresh/ HTTP/1.1" 200 352
[WARNING] 2026-07-20 18:55:50,193 log 354014 128968162227904 Unauthorized: /api/v1/pricing/official-prices/
[WARNING] 2026-07-20 18:55:50,193 basehttp 354014 128968162227904 "GET /api/v1/pricing/official-prices/?page_size=50&is_active=true HTTP/1.1" 401 293
[INFO] 2026-07-20 21:35:46,265 autoreload 612050 140019290955904 Watching for file changes with StatReloader
[INFO] 2026-07-20 21:35:48,538 basehttp 612050 140018562627264 "OPTIONS /api/v1/auth/login/ HTTP/1.1" 200 0
[INFO] 2026-07-20 21:35:48,892 base_service 612050 140018562627264 User logged in with password: 09056419609
[INFO] 2026-07-20 21:35:48,999 basehttp 612050 140018562627264 "POST /api/v1/auth/login/ HTTP/1.1" 200 1128
[INFO] 2026-07-20 21:35:49,746 basehttp 612050 140018562627264 "OPTIONS /api/v1/stores/?page_size=1 HTTP/1.1" 200 0
[INFO] 2026-07-20 21:35:49,749 basehttp 612050 140018480838336 "OPTIONS /api/v1/complaints/my/?page_size=5 HTTP/1.1" 200 0
[INFO] 2026-07-20 21:35:49,750 basehttp 612050 140018464052928 "OPTIONS /api/v1/stores/?page_size=1 HTTP/1.1" 200 0
[INFO] 2026-07-20 21:35:49,758 basehttp 612050 140018472445632 "OPTIONS /api/v1/auth/me/ HTTP/1.1" 200 0
[INFO] 2026-07-20 21:35:49,758 basehttp 612050 140018455660224 "OPTIONS /api/v1/complaints/my/?page_size=5 HTTP/1.1" 200 0
[INFO] 2026-07-20 21:35:50,041 basehttp 612050 140018464052928 "GET /api/v1/complaints/my/?page_size=5 HTTP/1.1" 200 2
[INFO] 2026-07-20 21:35:50,095 basehttp 612050 140018472445632 "GET /api/v1/auth/me/ HTTP/1.1" 200 408
[INFO] 2026-07-20 21:35:50,313 basehttp 612050 140018562627264 "GET /api/v1/stores/?page_size=1 HTTP/1.1" 200 435
[INFO] 2026-07-20 21:35:50,389 basehttp 612050 140018464052928 "GET /api/v1/complaints/my/?page_size=5 HTTP/1.1" 200 2
[INFO] 2026-07-20 21:35:50,518 basehttp 612050 140018562627264 "GET /api/v1/stores/?page_size=1 HTTP/1.1" 200 435
[INFO] 2026-07-20 21:35:53,649 basehttp 612050 140018472445632 "OPTIONS /api/v1/complaints/?status=reviewing&page_size=1 HTTP/1.1" 200 0
[INFO] 2026-07-20 21:35:53,650 basehttp 612050 140018464052928 "OPTIONS /api/v1/complaints/?status=submitted&page_size=1 HTTP/1.1" 200 0
[INFO] 2026-07-20 21:35:53,650 basehttp 612050 140018455660224 "OPTIONS /api/v1/complaints/?status=confirmed&page_size=1 HTTP/1.1" 200 0
[INFO] 2026-07-20 21:35:53,650 basehttp 612050 140018562627264 "OPTIONS /api/v1/complaints/?page_size=1 HTTP/1.1" 200 0
[INFO] 2026-07-20 21:35:53,650 basehttp 612050 140018444121792 "OPTIONS /api/v1/complaints/?page=1&page_size=15 HTTP/1.1" 200 0
[INFO] 2026-07-20 21:35:53,650 basehttp 612050 140018480838336 "OPTIONS /api/v1/complaints/?status=closed&page_size=1 HTTP/1.1" 200 0
[INFO] 2026-07-20 21:35:53,663 basehttp 612050 140018480838336 "OPTIONS /api/v1/complaints/?status=closed&page_size=1 HTTP/1.1" 200 0
[INFO] 2026-07-20 21:35:53,664 basehttp 612050 140018472445632 "OPTIONS /api/v1/complaints/?status=submitted&page_size=1 HTTP/1.1" 200 0
[INFO] 2026-07-20 21:35:53,664 basehttp 612050 140018444121792 "OPTIONS /api/v1/complaints/?page=1&page_size=15 HTTP/1.1" 200 0
[INFO] 2026-07-20 21:35:53,664 basehttp 612050 140018455660224 "OPTIONS /api/v1/complaints/?status=reviewing&page_size=1 HTTP/1.1" 200 0
[INFO] 2026-07-20 21:35:53,664 basehttp 612050 140018464052928 "OPTIONS /api/v1/complaints/?status=confirmed&page_size=1 HTTP/1.1" 200 0
[INFO] 2026-07-20 21:35:53,664 basehttp 612050 140018562627264 "OPTIONS /api/v1/complaints/?page_size=1 HTTP/1.1" 200 0
[WARNING] 2026-07-20 21:35:54,088 log 612050 140018472445632 Method Not Allowed: /api/v1/complaints/
[WARNING] 2026-07-20 21:35:54,090 basehttp 612050 140018472445632 "GET /api/v1/complaints/?status=reviewing&page_size=1 HTTP/1.1" 405 137
[WARNING] 2026-07-20 21:35:54,118 log 612050 140018455660224 Method Not Allowed: /api/v1/complaints/
[WARNING] 2026-07-20 21:35:54,119 basehttp 612050 140018455660224 "GET /api/v1/complaints/?status=confirmed&page_size=1 HTTP/1.1" 405 137
[WARNING] 2026-07-20 21:35:54,400 log 612050 140018444121792 Method Not Allowed: /api/v1/complaints/
[WARNING] 2026-07-20 21:35:54,405 basehttp 612050 140018444121792 "GET /api/v1/complaints/?page=1&page_size=15 HTTP/1.1" 405 137
[WARNING] 2026-07-20 21:35:54,412 log 612050 140018464052928 Method Not Allowed: /api/v1/complaints/
[WARNING] 2026-07-20 21:35:54,413 basehttp 612050 140018464052928 "GET /api/v1/complaints/?status=submitted&page_size=1 HTTP/1.1" 405 137
[WARNING] 2026-07-20 21:35:54,429 log 612050 140018562627264 Method Not Allowed: /api/v1/complaints/
[WARNING] 2026-07-20 21:35:54,432 basehttp 612050 140018562627264 "GET /api/v1/complaints/?page_size=1 HTTP/1.1" 405 137
[WARNING] 2026-07-20 21:35:54,488 log 612050 140018480838336 Method Not Allowed: /api/v1/complaints/
[WARNING] 2026-07-20 21:35:54,494 basehttp 612050 140018480838336 "GET /api/v1/complaints/?status=closed&page_size=1 HTTP/1.1" 405 137
[WARNING] 2026-07-20 21:35:54,707 log 612050 140018455660224 Method Not Allowed: /api/v1/complaints/
[WARNING] 2026-07-20 21:35:54,709 basehttp 612050 140018455660224 "GET /api/v1/complaints/?status=confirmed&page_size=1 HTTP/1.1" 405 137
[WARNING] 2026-07-20 21:35:54,762 log 612050 140018480838336 Method Not Allowed: /api/v1/complaints/
[WARNING] 2026-07-20 21:35:54,763 basehttp 612050 140018480838336 "GET /api/v1/complaints/?status=closed&page_size=1 HTTP/1.1" 405 137
[WARNING] 2026-07-20 21:35:54,860 log 612050 140018444121792 Method Not Allowed: /api/v1/complaints/
[WARNING] 2026-07-20 21:35:54,861 basehttp 612050 140018444121792 "GET /api/v1/complaints/?page=1&page_size=15 HTTP/1.1" 405 137
[WARNING] 2026-07-20 21:35:54,911 log 612050 140018472445632 Method Not Allowed: /api/v1/complaints/
[WARNING] 2026-07-20 21:35:54,922 basehttp 612050 140018472445632 "GET /api/v1/complaints/?status=reviewing&page_size=1 HTTP/1.1" 405 137
[WARNING] 2026-07-20 21:35:54,948 log 612050 140018464052928 Method Not Allowed: /api/v1/complaints/
[WARNING] 2026-07-20 21:35:54,950 basehttp 612050 140018464052928 "GET /api/v1/complaints/?status=submitted&page_size=1 HTTP/1.1" 405 137
[WARNING] 2026-07-20 21:35:54,952 log 612050 140018562627264 Method Not Allowed: /api/v1/complaints/
[WARNING] 2026-07-20 21:35:54,952 basehttp 612050 140018562627264 "GET /api/v1/complaints/?page_size=1 HTTP/1.1" 405 137
[WARNING] 2026-07-20 21:36:00,974 log 612050 140018472445632 Method Not Allowed: /api/v1/complaints/
[WARNING] 2026-07-20 21:36:00,975 basehttp 612050 140018472445632 "GET /api/v1/complaints/?status=reviewing&page_size=1 HTTP/1.1" 405 137
[WARNING] 2026-07-20 21:36:00,981 log 612050 140018455660224 Method Not Allowed: /api/v1/complaints/
[WARNING] 2026-07-20 21:36:00,989 basehttp 612050 140018455660224 "GET /api/v1/complaints/?page=1&page_size=15 HTTP/1.1" 405 137
[WARNING] 2026-07-20 21:36:01,304 log 612050 140018480838336 Method Not Allowed: /api/v1/complaints/
[WARNING] 2026-07-20 21:36:01,309 basehttp 612050 140018480838336 "GET /api/v1/complaints/?status=closed&page_size=1 HTTP/1.1" 405 137
[WARNING] 2026-07-20 21:36:01,359 log 612050 140018562627264 Method Not Allowed: /api/v1/complaints/
[WARNING] 2026-07-20 21:36:01,361 basehttp 612050 140018562627264 "GET /api/v1/complaints/?page_size=1 HTTP/1.1" 405 137
[WARNING] 2026-07-20 21:36:01,382 log 612050 140018444121792 Method Not Allowed: /api/v1/complaints/
[WARNING] 2026-07-20 21:36:01,398 log 612050 140018464052928 Method Not Allowed: /api/v1/complaints/
[WARNING] 2026-07-20 21:36:01,409 basehttp 612050 140018444121792 "GET /api/v1/complaints/?status=confirmed&page_size=1 HTTP/1.1" 405 137
[WARNING] 2026-07-20 21:36:01,414 basehttp 612050 140018464052928 "GET /api/v1/complaints/?status=submitted&page_size=1 HTTP/1.1" 405 137
[WARNING] 2026-07-20 21:36:01,569 log 612050 140018455660224 Method Not Allowed: /api/v1/complaints/
[WARNING] 2026-07-20 21:36:01,570 basehttp 612050 140018455660224 "GET /api/v1/complaints/?page=1&page_size=15 HTTP/1.1" 405 137
[WARNING] 2026-07-20 21:36:01,616 log 612050 140018472445632 Method Not Allowed: /api/v1/complaints/
[WARNING] 2026-07-20 21:36:01,617 basehttp 612050 140018472445632 "GET /api/v1/complaints/?status=reviewing&page_size=1 HTTP/1.1" 405 137
[WARNING] 2026-07-20 21:36:01,710 log 612050 140018562627264 Method Not Allowed: /api/v1/complaints/
[WARNING] 2026-07-20 21:36:01,710 basehttp 612050 140018562627264 "GET /api/v1/complaints/?page_size=1 HTTP/1.1" 405 137
[WARNING] 2026-07-20 21:36:01,743 log 612050 140018444121792 Method Not Allowed: /api/v1/complaints/
[WARNING] 2026-07-20 21:36:01,744 basehttp 612050 140018444121792 "GET /api/v1/complaints/?status=confirmed&page_size=1 HTTP/1.1" 405 137
[WARNING] 2026-07-20 21:36:01,793 log 612050 140018464052928 Method Not Allowed: /api/v1/complaints/
[WARNING] 2026-07-20 21:36:01,794 basehttp 612050 140018464052928 "GET /api/v1/complaints/?status=submitted&page_size=1 HTTP/1.1" 405 137
[WARNING] 2026-07-20 21:36:01,798 log 612050 140018480838336 Method Not Allowed: /api/v1/complaints/
[WARNING] 2026-07-20 21:36:01,799 basehttp 612050 140018480838336 "GET /api/v1/complaints/?status=closed&page_size=1 HTTP/1.1" 405 137
[INFO] 2026-07-20 21:37:29,056 basehttp 612050 140018464052928 "OPTIONS /api/v1/products/categories/?page_size=200 HTTP/1.1" 200 0
[INFO] 2026-07-20 21:37:29,057 basehttp 612050 140018480838336 "OPTIONS /api/v1/products/categories/?page_size=200 HTTP/1.1" 200 0
[INFO] 2026-07-20 21:37:29,224 basehttp 612050 140018464052928 "GET /api/v1/products/categories/?page_size=200 HTTP/1.1" 200 198
[INFO] 2026-07-20 21:37:29,376 basehttp 612050 140018464052928 "GET /api/v1/products/categories/?page_size=200 HTTP/1.1" 200 198
[INFO] 2026-07-20 21:37:33,103 basehttp 612050 140018464052928 "OPTIONS /api/v1/geography/provinces/?page=1&page_size=15 HTTP/1.1" 200 0
[INFO] 2026-07-20 21:37:33,103 basehttp 612050 140018480838336 "OPTIONS /api/v1/geography/provinces/?page=1&page_size=15 HTTP/1.1" 200 0
[INFO] 2026-07-20 21:37:33,218 basehttp 612050 140018464052928 "GET /api/v1/geography/provinces/?page=1&page_size=15 HTTP/1.1" 200 152
[INFO] 2026-07-20 21:37:33,373 basehttp 612050 140018464052928 "GET /api/v1/geography/provinces/?page=1&page_size=15 HTTP/1.1" 200 152
[INFO] 2026-07-20 21:37:37,250 basehttp 612050 140018464052928 "OPTIONS /api/v1/geography/provinces/?page_size=100 HTTP/1.1" 200 0
[INFO] 2026-07-20 21:37:37,250 basehttp 612050 140018480838336 "OPTIONS /api/v1/geography/cities/?page=1&page_size=15 HTTP/1.1" 200 0
[INFO] 2026-07-20 21:37:37,251 basehttp 612050 140018444121792 "OPTIONS /api/v1/geography/provinces/?page_size=100 HTTP/1.1" 200 0
[INFO] 2026-07-20 21:37:37,251 basehttp 612050 140018562627264 "OPTIONS /api/v1/geography/cities/?page=1&page_size=15 HTTP/1.1" 200 0
[INFO] 2026-07-20 21:37:37,399 basehttp 612050 140018562627264 "GET /api/v1/geography/provinces/?page_size=100 HTTP/1.1" 200 152
[INFO] 2026-07-20 21:37:37,483 basehttp 612050 140018480838336 "GET /api/v1/geography/cities/?page=1&page_size=15 HTTP/1.1" 200 141
[INFO] 2026-07-20 21:37:37,648 basehttp 612050 140018562627264 "GET /api/v1/geography/provinces/?page_size=100 HTTP/1.1" 200 152
[INFO] 2026-07-20 21:37:37,711 basehttp 612050 140018480838336 "GET /api/v1/geography/cities/?page=1&page_size=15 HTTP/1.1" 200 141
[INFO] 2026-07-20 21:37:40,671 basehttp 612050 140018480838336 "OPTIONS /api/v1/cms/blogs/?page=1&page_size=10 HTTP/1.1" 200 0
[INFO] 2026-07-20 21:37:40,672 basehttp 612050 140018562627264 "OPTIONS /api/v1/cms/blogs/?page=1&page_size=10 HTTP/1.1" 200 0
[INFO] 2026-07-20 21:37:40,772 basehttp 612050 140018562627264 "GET /api/v1/cms/blogs/?page=1&page_size=10 HTTP/1.1" 200 109
[INFO] 2026-07-20 21:37:40,900 basehttp 612050 140018562627264 "GET /api/v1/cms/blogs/?page=1&page_size=10 HTTP/1.1" 200 109
[INFO] 2026-07-20 21:37:52,933 basehttp 612050 140018562627264 "OPTIONS /api/v1/cms/admin/pages/ HTTP/1.1" 200 0
[INFO] 2026-07-20 21:37:52,934 basehttp 612050 140018480838336 "OPTIONS /api/v1/cms/admin/pages/ HTTP/1.1" 200 0
[ERROR] 2026-07-20 21:37:52,950 api_exceptions 612050 140018562627264 Unhandled exception occurred
Traceback (most recent call last):
  File "/home/nimamakhmali/Documents/Rayan Pajouhan/Nazer-Bazaar/backend/venv/lib/python3.12/site-packages/rest_framework/views.py", line 506, in dispatch
    response = handler(request, *args, **kwargs)
               ^^^^^^^^^^^^^^^^^^^^^^^^^^^^^^^^^
  File "/home/nimamakhmali/Documents/Rayan Pajouhan/Nazer-Bazaar/backend/apps/cms/views/cms_views.py", line 70, in get
    pages = CmsSelector.get_published_pages() if not request.user.is_admin else Page.objects.all()
                                                                                ^^^^
NameError: name 'Page' is not defined
[ERROR] 2026-07-20 21:37:53,083 log 612050 140018562627264 Internal Server Error: /api/v1/cms/admin/pages/
[ERROR] 2026-07-20 21:37:53,084 basehttp 612050 140018562627264 "GET /api/v1/cms/admin/pages/ HTTP/1.1" 500 111
[ERROR] 2026-07-20 21:37:53,137 api_exceptions 612050 140018562627264 Unhandled exception occurred
Traceback (most recent call last):
  File "/home/nimamakhmali/Documents/Rayan Pajouhan/Nazer-Bazaar/backend/venv/lib/python3.12/site-packages/rest_framework/views.py", line 506, in dispatch
    response = handler(request, *args, **kwargs)
               ^^^^^^^^^^^^^^^^^^^^^^^^^^^^^^^^^
  File "/home/nimamakhmali/Documents/Rayan Pajouhan/Nazer-Bazaar/backend/apps/cms/views/cms_views.py", line 70, in get
    pages = CmsSelector.get_published_pages() if not request.user.is_admin else Page.objects.all()
                                                                                ^^^^
NameError: name 'Page' is not defined
[ERROR] 2026-07-20 21:37:53,196 log 612050 140018562627264 Internal Server Error: /api/v1/cms/admin/pages/
[ERROR] 2026-07-20 21:37:53,196 basehttp 612050 140018562627264 "GET /api/v1/cms/admin/pages/ HTTP/1.1" 500 111
[INFO] 2026-07-20 21:37:58,116 basehttp 612050 140018562627264 "OPTIONS /api/v1/auth/users/?page=1&page_size=10 HTTP/1.1" 200 0
[INFO] 2026-07-20 21:37:58,116 basehttp 612050 140018480838336 "OPTIONS /api/v1/auth/users/?page=1&page_size=10 HTTP/1.1" 200 0
[INFO] 2026-07-20 21:37:58,240 basehttp 612050 140018562627264 "GET /api/v1/auth/users/?page=1&page_size=10 HTTP/1.1" 200 2188
[INFO] 2026-07-20 21:37:58,374 basehttp 612050 140018562627264 "GET /api/v1/auth/users/?page=1&page_size=10 HTTP/1.1" 200 2188
[INFO] 2026-07-20 21:38:07,241 basehttp 612050 140018480838336 "OPTIONS /api/v1/organizations/province-offices/?page=1&page_size=10 HTTP/1.1" 200 0
[INFO] 2026-07-20 21:38:07,242 basehttp 612050 140018444121792 "OPTIONS /api/v1/organizations/province-offices/?page=1&page_size=10 HTTP/1.1" 200 0
[INFO] 2026-07-20 21:38:07,357 basehttp 612050 140018562627264 "GET /api/v1/geography/provinces/?page_size=100 HTTP/1.1" 200 152
[INFO] 2026-07-20 21:38:07,452 basehttp 612050 140018480838336 "GET /api/v1/organizations/province-offices/?page=1&page_size=10 HTTP/1.1" 200 109
[INFO] 2026-07-20 21:38:07,536 basehttp 612050 140018562627264 "GET /api/v1/geography/provinces/?page_size=100 HTTP/1.1" 200 152
[INFO] 2026-07-20 21:38:07,623 basehttp 612050 140018480838336 "GET /api/v1/organizations/province-offices/?page=1&page_size=10 HTTP/1.1" 200 109
[INFO] 2026-07-20 21:38:08,614 basehttp 612050 140018562627264 "OPTIONS /api/v1/organizations/chambers/?page=1&page_size=9 HTTP/1.1" 200 0
[INFO] 2026-07-20 21:38:08,614 basehttp 612050 140018444121792 "OPTIONS /api/v1/geography/cities/?page_size=500 HTTP/1.1" 200 0
[INFO] 2026-07-20 21:38:08,614 basehttp 612050 140018480838336 "OPTIONS /api/v1/geography/cities/?page_size=500 HTTP/1.1" 200 0
[INFO] 2026-07-20 21:38:08,615 basehttp 612050 140018464052928 "OPTIONS /api/v1/organizations/chambers/?page=1&page_size=9 HTTP/1.1" 200 0
[INFO] 2026-07-20 21:38:08,793 basehttp 612050 140018562627264 "GET /api/v1/organizations/chambers/?page=1&page_size=9 HTTP/1.1" 200 279
[INFO] 2026-07-20 21:38:08,843 basehttp 612050 140018464052928 "GET /api/v1/geography/cities/?page_size=500 HTTP/1.1" 200 141
[INFO] 2026-07-20 21:38:09,037 basehttp 612050 140018562627264 "GET /api/v1/organizations/chambers/?page=1&page_size=9 HTTP/1.1" 200 279
[INFO] 2026-07-20 21:38:09,085 basehttp 612050 140018464052928 "GET /api/v1/geography/cities/?page_size=500 HTTP/1.1" 200 141
[INFO] 2026-07-20 21:38:10,263 basehttp 612050 140018480838336 "OPTIONS /api/v1/organizations/chambers/?page_size=500 HTTP/1.1" 200 0
[INFO] 2026-07-20 21:38:10,263 basehttp 612050 140018562627264 "OPTIONS /api/v1/organizations/unions/?page=1&page_size=9 HTTP/1.1" 200 0
[INFO] 2026-07-20 21:38:10,263 basehttp 612050 140018464052928 "OPTIONS /api/v1/organizations/chambers/?page_size=500 HTTP/1.1" 200 0
[INFO] 2026-07-20 21:38:10,263 basehttp 612050 140018444121792 "OPTIONS /api/v1/organizations/unions/?page=1&page_size=9 HTTP/1.1" 200 0
[INFO] 2026-07-20 21:38:10,425 basehttp 612050 140018480838336 "GET /api/v1/organizations/chambers/?page_size=500 HTTP/1.1" 200 279
[INFO] 2026-07-20 21:38:10,584 basehttp 612050 140018464052928 "GET /api/v1/organizations/unions/?page=1&page_size=9 HTTP/1.1" 200 344
[INFO] 2026-07-20 21:38:10,767 basehttp 612050 140018480838336 "GET /api/v1/organizations/chambers/?page_size=500 HTTP/1.1" 200 279
[INFO] 2026-07-20 21:38:10,819 basehttp 612050 140018464052928 "GET /api/v1/organizations/unions/?page=1&page_size=9 HTTP/1.1" 200 344
[INFO] 2026-07-20 23:02:53,519 autoreload 675669 127371887399040 Watching for file changes with StatReloader
[INFO] 2026-07-20 23:05:31,094 autoreload 693455 129260356206720 Watching for file changes with StatReloader
[WARNING] 2026-07-20 23:05:57,807 log 693455 129259627607744 Not Found: /
[WARNING] 2026-07-20 23:05:57,808 basehttp 693455 129259627607744 "GET / HTTP/1.1" 404 16959
[INFO] 2026-07-20 23:06:04,369 basehttp 693455 129259627607744 "GET /admin/ HTTP/1.1" 200 41125
[INFO] 2026-07-20 23:06:04,423 basehttp 693455 129259627607744 "GET /static/admin/css/base.css HTTP/1.1" 304 0
[INFO] 2026-07-20 23:06:04,432 basehttp 693455 129259627607744 "GET /static/admin/css/dark_mode.css HTTP/1.1" 304 0
[INFO] 2026-07-20 23:06:04,449 basehttp 693455 129259611875008 "GET /static/admin/css/nav_sidebar.css HTTP/1.1" 304 0
[INFO] 2026-07-20 23:06:04,452 basehttp 693455 129259603482304 "GET /static/admin/css/responsive.css HTTP/1.1" 304 0
[INFO] 2026-07-20 23:06:04,469 basehttp 693455 129259611875008 "GET /static/admin/js/theme.js HTTP/1.1" 304 0
[INFO] 2026-07-20 23:06:04,469 basehttp 693455 129259603482304 "GET /static/admin/js/nav_sidebar.js HTTP/1.1" 304 0
[INFO] 2026-07-24 16:45:33,817 autoreload 345319 124174347071616 Watching for file changes with StatReloader
[WARNING] 2026-07-24 17:45:48,744 log 345319 124173619820224 Not Found: /
[WARNING] 2026-07-24 17:45:48,745 basehttp 345319 124173619820224 "GET / HTTP/1.1" 404 16957
[INFO] 2026-07-24 17:45:55,653 basehttp 345319 124173619820224 "GET /admin/ HTTP/1.1" 200 41123
[INFO] 2026-07-24 17:45:59,219 basehttp 345319 124173619820224 "GET /admin/accounts/user/ HTTP/1.1" 200 42472
[INFO] 2026-07-24 17:45:59,246 basehttp 345319 124173603038912 "GET /static/admin/img/icon-yes.svg HTTP/1.1" 200 436
[INFO] 2026-07-24 17:45:59,254 basehttp 345319 124173603038912 "GET /static/admin/img/icon-no.svg HTTP/1.1" 200 560
[INFO] 2026-07-24 17:45:59,317 basehttp 345319 124173619820224 "GET /admin/jsi18n/ HTTP/1.1" 200 3343
[INFO] 2026-07-24 17:45:59,379 basehttp 345319 124173619820224 "GET /static/admin/img/sorting-icons.svg HTTP/1.1" 200 1097
[INFO] 2026-07-24 17:46:10,386 basehttp 345319 124173619820224 "GET /admin/accounts/user/7/change/ HTTP/1.1" 200 66430
[INFO] 2026-07-24 17:46:10,425 basehttp 345319 124173603038912 "GET /static/admin/css/forms.css HTTP/1.1" 200 9090
[INFO] 2026-07-24 17:46:10,426 basehttp 345319 124173592549056 "GET /static/admin/js/collapse.js HTTP/1.1" 200 1803
[INFO] 2026-07-24 17:46:10,427 basehttp 345319 124173584156352 "GET /static/admin/js/SelectBox.js HTTP/1.1" 200 4530
[INFO] 2026-07-24 17:46:10,437 basehttp 345319 124173575763648 "GET /static/admin/js/SelectFilter2.js HTTP/1.1" 200 15292
[INFO] 2026-07-24 17:46:10,438 basehttp 345319 124173584156352 "GET /static/admin/css/widgets.css HTTP/1.1" 200 11921
[INFO] 2026-07-24 17:46:10,460 basehttp 345319 124173575763648 "GET /static/admin/js/prepopulate_init.js HTTP/1.1" 200 586
[INFO] 2026-07-24 17:46:10,514 basehttp 345319 124173575763648 "GET /static/admin/js/change_form.js HTTP/1.1" 200 606
[INFO] 2026-07-24 17:46:10,519 basehttp 345319 124173619820224 "GET /admin/jsi18n/ HTTP/1.1" 200 3343
[INFO] 2026-07-24 17:46:10,613 basehttp 345319 124173619820224 "GET /static/admin/img/icon-unknown.svg HTTP/1.1" 200 655
[INFO] 2026-07-24 17:46:10,614 basehttp 345319 124173575763648 "GET /static/admin/img/selector-icons.svg HTTP/1.1" 200 3291
[INFO] 2026-07-24 17:46:10,615 basehttp 345319 124173584156352 "GET /static/admin/img/icon-unknown-alt.svg HTTP/1.1" 200 655
[INFO] 2026-07-24 17:46:37,627 basehttp 345319 124173567370944 "OPTIONS /api/v1/auth/login/ HTTP/1.1" 200 0
[WARNING] 2026-07-24 17:46:37,971 log 345319 124173567370944 Unauthorized: /api/v1/auth/login/
[WARNING] 2026-07-24 17:46:37,971 basehttp 345319 124173567370944 "POST /api/v1/auth/login/ HTTP/1.1" 401 134
[INFO] 2026-07-24 17:46:38,023 basehttp 345319 124173567370944 "OPTIONS /api/v1/auth/token/refresh/ HTTP/1.1" 200 0
[INFO] 2026-07-24 17:46:38,166 basehttp 345319 124173567370944 "POST /api/v1/auth/token/refresh/ HTTP/1.1" 200 352
[WARNING] 2026-07-24 17:46:38,271 log 345319 124173567370944 Unauthorized: /api/v1/auth/login/
[WARNING] 2026-07-24 17:46:38,271 basehttp 345319 124173567370944 "POST /api/v1/auth/login/ HTTP/1.1" 401 293
[WARNING] 2026-07-24 17:46:42,821 log 345319 124173567370944 Unauthorized: /api/v1/auth/login/
[WARNING] 2026-07-24 17:46:42,821 basehttp 345319 124173567370944 "POST /api/v1/auth/login/ HTTP/1.1" 401 293
[INFO] 2026-07-24 17:46:42,934 basehttp 345319 124173567370944 "POST /api/v1/auth/token/refresh/ HTTP/1.1" 200 352
[WARNING] 2026-07-24 17:46:43,030 log 345319 124173567370944 Unauthorized: /api/v1/auth/login/
[WARNING] 2026-07-24 17:46:43,030 basehttp 345319 124173567370944 "POST /api/v1/auth/login/ HTTP/1.1" 401 293
[WARNING] 2026-07-24 17:46:48,420 log 345319 124173567370944 Unauthorized: /api/v1/auth/login/
[WARNING] 2026-07-24 17:46:48,420 basehttp 345319 124173567370944 "POST /api/v1/auth/login/ HTTP/1.1" 401 293
[INFO] 2026-07-24 17:46:48,511 basehttp 345319 124173567370944 "POST /api/v1/auth/token/refresh/ HTTP/1.1" 200 352
[WARNING] 2026-07-24 17:46:48,621 log 345319 124173567370944 Unauthorized: /api/v1/auth/login/
[WARNING] 2026-07-24 17:46:48,622 basehttp 345319 124173567370944 "POST /api/v1/auth/login/ HTTP/1.1" 401 293
[WARNING] 2026-07-24 17:46:56,056 log 345319 124173567370944 Unauthorized: /api/v1/auth/login/
[WARNING] 2026-07-24 17:46:56,056 basehttp 345319 124173567370944 "POST /api/v1/auth/login/ HTTP/1.1" 401 293
[INFO] 2026-07-24 17:46:56,147 basehttp 345319 124173567370944 "POST /api/v1/auth/token/refresh/ HTTP/1.1" 200 352
[WARNING] 2026-07-24 17:46:56,243 log 345319 124173567370944 Unauthorized: /api/v1/auth/login/
[WARNING] 2026-07-24 17:46:56,243 basehttp 345319 124173567370944 "POST /api/v1/auth/login/ HTTP/1.1" 401 293
[WARNING] 2026-07-24 17:47:03,821 log 345319 124173567370944 Unauthorized: /api/v1/auth/login/
[WARNING] 2026-07-24 17:47:03,821 basehttp 345319 124173567370944 "POST /api/v1/auth/login/ HTTP/1.1" 401 293
[INFO] 2026-07-24 17:47:03,931 basehttp 345319 124173567370944 "POST /api/v1/auth/token/refresh/ HTTP/1.1" 200 352
[WARNING] 2026-07-24 17:47:04,041 log 345319 124173567370944 Unauthorized: /api/v1/auth/login/
[WARNING] 2026-07-24 17:47:04,042 basehttp 345319 124173567370944 "POST /api/v1/auth/login/ HTTP/1.1" 401 293
[WARNING] 2026-07-24 17:47:08,017 log 345319 124173567370944 Unauthorized: /api/v1/auth/login/
[WARNING] 2026-07-24 17:47:08,018 basehttp 345319 124173567370944 "POST /api/v1/auth/login/ HTTP/1.1" 401 293
[INFO] 2026-07-24 17:47:08,129 basehttp 345319 124173567370944 "POST /api/v1/auth/token/refresh/ HTTP/1.1" 200 352
[WARNING] 2026-07-24 17:47:08,242 log 345319 124173567370944 Unauthorized: /api/v1/auth/login/
[WARNING] 2026-07-24 17:47:08,243 basehttp 345319 124173567370944 "POST /api/v1/auth/login/ HTTP/1.1" 401 293
[WARNING] 2026-07-24 17:47:11,773 log 345319 124173567370944 Unauthorized: /api/v1/auth/login/
[WARNING] 2026-07-24 17:47:11,774 basehttp 345319 124173567370944 "POST /api/v1/auth/login/ HTTP/1.1" 401 293
[INFO] 2026-07-24 17:47:11,863 basehttp 345319 124173567370944 "POST /api/v1/auth/token/refresh/ HTTP/1.1" 200 352
[WARNING] 2026-07-24 17:47:11,965 log 345319 124173567370944 Unauthorized: /api/v1/auth/login/
[WARNING] 2026-07-24 17:47:11,965 basehttp 345319 124173567370944 "POST /api/v1/auth/login/ HTTP/1.1" 401 293
[WARNING] 2026-07-24 17:47:16,427 log 345319 124173567370944 Unauthorized: /api/v1/auth/login/
[WARNING] 2026-07-24 17:47:16,427 basehttp 345319 124173567370944 "POST /api/v1/auth/login/ HTTP/1.1" 401 293
[INFO] 2026-07-24 17:47:16,579 basehttp 345319 124173567370944 "POST /api/v1/auth/token/refresh/ HTTP/1.1" 200 352
[WARNING] 2026-07-24 17:47:16,688 log 345319 124173567370944 Unauthorized: /api/v1/auth/login/
[WARNING] 2026-07-24 17:47:16,688 basehttp 345319 124173567370944 "POST /api/v1/auth/login/ HTTP/1.1" 401 293
[INFO] 2026-07-24 17:47:55,789 basehttp 345319 124173567370944 "OPTIONS /api/v1/auth/me/ HTTP/1.1" 200 0
[INFO] 2026-07-24 17:47:55,789 basehttp 345319 124173554783936 "OPTIONS /api/v1/auth/me/ HTTP/1.1" 200 0
[WARNING] 2026-07-24 17:47:55,862 log 345319 124173567370944 Unauthorized: /api/v1/auth/me/
[WARNING] 2026-07-24 17:47:55,862 basehttp 345319 124173567370944 "GET /api/v1/auth/me/ HTTP/1.1" 401 293
[INFO] 2026-07-24 17:47:56,043 basehttp 345319 124173567370944 "POST /api/v1/auth/token/refresh/ HTTP/1.1" 200 352
[WARNING] 2026-07-24 17:47:56,071 log 345319 124173554783936 Unauthorized: /api/v1/auth/me/
[WARNING] 2026-07-24 17:47:56,071 basehttp 345319 124173554783936 "GET /api/v1/auth/me/ HTTP/1.1" 401 293
[WARNING] 2026-07-24 17:47:56,139 log 345319 124173567370944 Unauthorized: /api/v1/auth/me/
[WARNING] 2026-07-24 17:47:56,140 basehttp 345319 124173567370944 "GET /api/v1/auth/me/ HTTP/1.1" 401 293
[WARNING] 2026-07-24 17:47:56,250 log 345319 124173554783936 Unauthorized: /api/v1/auth/me/
[WARNING] 2026-07-24 17:47:56,250 basehttp 345319 124173554783936 "GET /api/v1/auth/me/ HTTP/1.1" 401 293
[INFO] 2026-07-24 17:48:07,266 basehttp 345319 124173584156352 "GET /admin/accounts/user/ HTTP/1.1" 200 42472
[INFO] 2026-07-24 17:48:13,565 basehttp 345319 124173584156352 "GET /admin/accounts/user/4/change/ HTTP/1.1" 200 66477
[INFO] 2026-07-24 17:48:13,670 basehttp 345319 124173584156352 "GET /admin/jsi18n/ HTTP/1.1" 200 3343
[INFO] 2026-07-24 17:48:26,479 basehttp 345319 124173584156352 "GET /admin/accounts/user/ HTTP/1.1" 200 42472
[WARNING] 2026-07-24 17:48:38,680 log 345319 124173554783936 Unauthorized: /api/v1/auth/login/
[WARNING] 2026-07-24 17:48:38,680 basehttp 345319 124173554783936 "POST /api/v1/auth/login/ HTTP/1.1" 401 134
[INFO] 2026-07-24 17:48:42,392 base_service 345319 124173554783936 User logged in with password: 09056419609
[INFO] 2026-07-24 17:48:42,466 basehttp 345319 124173554783936 "POST /api/v1/auth/login/ HTTP/1.1" 200 1128
[INFO] 2026-07-24 17:48:43,307 basehttp 345319 124173554783936 "GET /api/v1/auth/me/ HTTP/1.1" 200 408
[INFO] 2026-07-24 17:48:43,403 basehttp 345319 124173567370944 "GET /api/v1/auth/me/ HTTP/1.1" 200 408
[INFO] 2026-07-24 17:48:43,512 basehttp 345319 124173554783936 "OPTIONS /api/v1/complaints/my/?page_size=5 HTTP/1.1" 200 0
[INFO] 2026-07-24 17:48:43,512 basehttp 345319 124173567370944 "OPTIONS /api/v1/stores/?page_size=1 HTTP/1.1" 200 0
[INFO] 2026-07-24 17:48:43,513 basehttp 345319 124173072463552 "OPTIONS /api/v1/stores/?page_size=1 HTTP/1.1" 200 0
[INFO] 2026-07-24 17:48:43,514 basehttp 345319 124173064070848 "OPTIONS /api/v1/complaints/my/?page_size=5 HTTP/1.1" 200 0
[INFO] 2026-07-24 17:48:43,755 basehttp 345319 124173072463552 "GET /api/v1/complaints/my/?page_size=5 HTTP/1.1" 200 2
[INFO] 2026-07-24 17:48:43,967 basehttp 345319 124173064070848 "GET /api/v1/stores/?page_size=1 HTTP/1.1" 200 435
[INFO] 2026-07-24 17:48:44,088 basehttp 345319 124173072463552 "GET /api/v1/complaints/my/?page_size=5 HTTP/1.1" 200 2
[INFO] 2026-07-24 17:48:44,216 basehttp 345319 124173064070848 "GET /api/v1/stores/?page_size=1 HTTP/1.1" 200 435
[INFO] 2026-07-24 17:48:50,163 basehttp 345319 124173064070848 "OPTIONS /api/v1/auth/users/?page=1&page_size=10 HTTP/1.1" 200 0
[INFO] 2026-07-24 17:48:50,163 basehttp 345319 124173072463552 "OPTIONS /api/v1/auth/users/?page=1&page_size=10 HTTP/1.1" 200 0
[INFO] 2026-07-24 17:48:50,320 basehttp 345319 124173072463552 "GET /api/v1/auth/users/?page=1&page_size=10 HTTP/1.1" 200 2188
[INFO] 2026-07-24 17:48:50,495 basehttp 345319 124173072463552 "GET /api/v1/auth/users/?page=1&page_size=10 HTTP/1.1" 200 2188
[INFO] 2026-07-24 17:48:56,482 basehttp 345319 124173072463552 "OPTIONS /api/v1/geography/provinces/?page_size=100 HTTP/1.1" 200 0
[INFO] 2026-07-24 17:48:56,482 basehttp 345319 124173567370944 "OPTIONS /api/v1/organizations/province-offices/?page=1&page_size=10 HTTP/1.1" 200 0
[INFO] 2026-07-24 17:48:56,483 basehttp 345319 124173064070848 "OPTIONS /api/v1/organizations/province-offices/?page=1&page_size=10 HTTP/1.1" 200 0
[INFO] 2026-07-24 17:48:56,483 basehttp 345319 124173554783936 "OPTIONS /api/v1/geography/provinces/?page_size=100 HTTP/1.1" 200 0
[INFO] 2026-07-24 17:48:56,629 basehttp 345319 124173554783936 "GET /api/v1/geography/provinces/?page_size=100 HTTP/1.1" 200 152
[INFO] 2026-07-24 17:48:56,708 basehttp 345319 124173064070848 "GET /api/v1/organizations/province-offices/?page=1&page_size=10 HTTP/1.1" 200 109
[INFO] 2026-07-24 17:48:56,896 basehttp 345319 124173064070848 "GET /api/v1/organizations/province-offices/?page=1&page_size=10 HTTP/1.1" 200 109
[INFO] 2026-07-24 17:48:56,952 basehttp 345319 124173554783936 "GET /api/v1/geography/provinces/?page_size=100 HTTP/1.1" 200 152
[INFO] 2026-07-24 17:48:58,361 basehttp 345319 124173554783936 "OPTIONS /api/v1/geography/cities/?page_size=500 HTTP/1.1" 200 0
[INFO] 2026-07-24 17:48:58,361 basehttp 345319 124173072463552 "OPTIONS /api/v1/organizations/chambers/?page=1&page_size=9 HTTP/1.1" 200 0
[INFO] 2026-07-24 17:48:58,362 basehttp 345319 124173064070848 "OPTIONS /api/v1/organizations/chambers/?page=1&page_size=9 HTTP/1.1" 200 0
[INFO] 2026-07-24 17:48:58,362 basehttp 345319 124173567370944 "OPTIONS /api/v1/geography/cities/?page_size=500 HTTP/1.1" 200 0
[INFO] 2026-07-24 17:48:58,616 basehttp 345319 124173064070848 "GET /api/v1/geography/cities/?page_size=500 HTTP/1.1" 200 141
[INFO] 2026-07-24 17:48:58,838 basehttp 345319 124173567370944 "GET /api/v1/organizations/chambers/?page=1&page_size=9 HTTP/1.1" 200 279
[INFO] 2026-07-24 17:48:58,986 basehttp 345319 124173064070848 "GET /api/v1/geography/cities/?page_size=500 HTTP/1.1" 200 141
[INFO] 2026-07-24 17:48:59,179 basehttp 345319 124173567370944 "GET /api/v1/organizations/chambers/?page=1&page_size=9 HTTP/1.1" 200 279
[INFO] 2026-07-24 17:48:59,824 basehttp 345319 124173567370944 "OPTIONS /api/v1/organizations/chambers/?page_size=500 HTTP/1.1" 200 0
[INFO] 2026-07-24 17:48:59,824 basehttp 345319 124173554783936 "OPTIONS /api/v1/organizations/unions/?page=1&page_size=9 HTTP/1.1" 200 0
[INFO] 2026-07-24 17:48:59,826 basehttp 345319 124173072463552 "OPTIONS /api/v1/organizations/chambers/?page_size=500 HTTP/1.1" 200 0
[INFO] 2026-07-24 17:48:59,826 basehttp 345319 124173064070848 "OPTIONS /api/v1/organizations/unions/?page=1&page_size=9 HTTP/1.1" 200 0
[INFO] 2026-07-24 17:49:00,121 basehttp 345319 124173072463552 "GET /api/v1/organizations/unions/?page=1&page_size=9 HTTP/1.1" 200 344
[INFO] 2026-07-24 17:49:00,209 basehttp 345319 124173064070848 "GET /api/v1/organizations/chambers/?page_size=500 HTTP/1.1" 200 279
[INFO] 2026-07-24 17:49:00,429 basehttp 345319 124173072463552 "GET /api/v1/organizations/unions/?page=1&page_size=9 HTTP/1.1" 200 344
[INFO] 2026-07-24 17:49:00,488 basehttp 345319 124173064070848 "GET /api/v1/organizations/chambers/?page_size=500 HTTP/1.1" 200 279
[INFO] 2026-07-24 17:49:01,590 basehttp 345319 124173064070848 "OPTIONS /api/v1/stores/?page=1&page_size=10 HTTP/1.1" 200 0
[INFO] 2026-07-24 17:49:01,590 basehttp 345319 124173072463552 "OPTIONS /api/v1/stores/?page=1&page_size=10 HTTP/1.1" 200 0
[INFO] 2026-07-24 17:49:01,778 basehttp 345319 124173072463552 "GET /api/v1/stores/?page=1&page_size=10 HTTP/1.1" 200 435
[INFO] 2026-07-24 17:49:01,945 basehttp 345319 124173072463552 "GET /api/v1/stores/?page=1&page_size=10 HTTP/1.1" 200 435
[INFO] 2026-07-24 17:49:03,859 basehttp 345319 124173072463552 "OPTIONS /api/v1/products/categories/?page_size=200 HTTP/1.1" 200 0
[INFO] 2026-07-24 17:49:03,861 basehttp 345319 124173064070848 "OPTIONS /api/v1/products/units/ HTTP/1.1" 200 0
[INFO] 2026-07-24 17:49:03,861 basehttp 345319 124173554783936 "OPTIONS /api/v1/products/?page=1&page_size=12 HTTP/1.1" 200 0
[INFO] 2026-07-24 17:49:03,862 basehttp 345319 124173567370944 "OPTIONS /api/v1/products/categories/?page_size=200 HTTP/1.1" 200 0
[INFO] 2026-07-24 17:49:03,864 basehttp 345319 124173051483840 "OPTIONS /api/v1/products/units/ HTTP/1.1" 200 0
[INFO] 2026-07-24 17:49:03,866 basehttp 345319 124173043091136 "OPTIONS /api/v1/products/?page=1&page_size=12 HTTP/1.1" 200 0
[INFO] 2026-07-24 17:49:04,135 basehttp 345319 124173554783936 "GET /api/v1/products/units/ HTTP/1.1" 200 89
[INFO] 2026-07-24 17:49:04,251 basehttp 345319 124173043091136 "GET /api/v1/products/categories/?page_size=200 HTTP/1.1" 200 198
[INFO] 2026-07-24 17:49:04,492 basehttp 345319 124173051483840 "GET /api/v1/products/?page=1&page_size=12 HTTP/1.1" 200 341
[INFO] 2026-07-24 17:49:04,615 basehttp 345319 124173554783936 "GET /api/v1/products/units/ HTTP/1.1" 200 89
[INFO] 2026-07-24 17:49:04,763 basehttp 345319 124173043091136 "GET /api/v1/products/categories/?page_size=200 HTTP/1.1" 200 198
[INFO] 2026-07-24 17:49:04,845 basehttp 345319 124173051483840 "GET /api/v1/products/?page=1&page_size=12 HTTP/1.1" 200 341
[INFO] 2026-07-24 17:49:06,545 basehttp 345319 124173051483840 "GET /api/v1/products/categories/?page_size=200 HTTP/1.1" 200 198
[INFO] 2026-07-24 17:49:06,696 basehttp 345319 124173051483840 "GET /api/v1/products/categories/?page_size=200 HTTP/1.1" 200 198
[INFO] 2026-07-24 17:49:08,800 basehttp 345319 124173051483840 "OPTIONS /api/v1/complaints/?page_size=1 HTTP/1.1" 200 0
[INFO] 2026-07-24 17:49:08,800 basehttp 345319 124173043091136 "OPTIONS /api/v1/complaints/?status=submitted&page_size=1 HTTP/1.1" 200 0
[INFO] 2026-07-24 17:49:08,801 basehttp 345319 124173554783936 "OPTIONS /api/v1/complaints/?status=reviewing&page_size=1 HTTP/1.1" 200 0
[INFO] 2026-07-24 17:49:08,802 basehttp 345319 124173567370944 "OPTIONS /api/v1/complaints/?status=confirmed&page_size=1 HTTP/1.1" 200 0
[INFO] 2026-07-24 17:49:08,805 basehttp 345319 124173064070848 "OPTIONS /api/v1/complaints/?status=closed&page_size=1 HTTP/1.1" 200 0
[INFO] 2026-07-24 17:49:08,806 basehttp 345319 124173072463552 "OPTIONS /api/v1/complaints/?page=1&page_size=15 HTTP/1.1" 200 0
[INFO] 2026-07-24 17:49:08,814 basehttp 345319 124173072463552 "OPTIONS /api/v1/complaints/?page=1&page_size=15 HTTP/1.1" 200 0
[INFO] 2026-07-24 17:49:08,814 basehttp 345319 124173043091136 "OPTIONS /api/v1/complaints/?page_size=1 HTTP/1.1" 200 0
[INFO] 2026-07-24 17:49:08,815 basehttp 345319 124173554783936 "OPTIONS /api/v1/complaints/?status=reviewing&page_size=1 HTTP/1.1" 200 0
[INFO] 2026-07-24 17:49:08,815 basehttp 345319 124173051483840 "OPTIONS /api/v1/complaints/?status=submitted&page_size=1 HTTP/1.1" 200 0
[INFO] 2026-07-24 17:49:08,815 basehttp 345319 124173064070848 "OPTIONS /api/v1/complaints/?status=closed&page_size=1 HTTP/1.1" 200 0
[INFO] 2026-07-24 17:49:08,816 basehttp 345319 124173567370944 "OPTIONS /api/v1/complaints/?status=confirmed&page_size=1 HTTP/1.1" 200 0
[WARNING] 2026-07-24 17:49:09,277 log 345319 124173064070848 Method Not Allowed: /api/v1/complaints/
[WARNING] 2026-07-24 17:49:09,287 log 345319 124173072463552 Method Not Allowed: /api/v1/complaints/
[WARNING] 2026-07-24 17:49:09,287 basehttp 345319 124173064070848 "GET /api/v1/complaints/?status=closed&page_size=1 HTTP/1.1" 405 137
[WARNING] 2026-07-24 17:49:09,297 basehttp 345319 124173072463552 "GET /api/v1/complaints/?page=1&page_size=15 HTTP/1.1" 405 137
[WARNING] 2026-07-24 17:49:09,436 log 345319 124173051483840 Method Not Allowed: /api/v1/complaints/
[WARNING] 2026-07-24 17:49:09,499 basehttp 345319 124173051483840 "GET /api/v1/complaints/?page_size=1 HTTP/1.1" 405 137
[WARNING] 2026-07-24 17:49:09,637 log 345319 124173567370944 Method Not Allowed: /api/v1/complaints/
[WARNING] 2026-07-24 17:49:09,652 log 345319 124173043091136 Method Not Allowed: /api/v1/complaints/
[WARNING] 2026-07-24 17:49:09,685 basehttp 345319 124173043091136 "GET /api/v1/complaints/?status=submitted&page_size=1 HTTP/1.1" 405 137
[WARNING] 2026-07-24 17:49:09,686 basehttp 345319 124173567370944 "GET /api/v1/complaints/?status=confirmed&page_size=1 HTTP/1.1" 405 137
[WARNING] 2026-07-24 17:49:09,726 log 345319 124173554783936 Method Not Allowed: /api/v1/complaints/
[WARNING] 2026-07-24 17:49:09,735 basehttp 345319 124173554783936 "GET /api/v1/complaints/?status=reviewing&page_size=1 HTTP/1.1" 405 137
[WARNING] 2026-07-24 17:49:10,110 log 345319 124173051483840 Method Not Allowed: /api/v1/complaints/
[WARNING] 2026-07-24 17:49:10,130 basehttp 345319 124173051483840 "GET /api/v1/complaints/?page_size=1 HTTP/1.1" 405 137
[WARNING] 2026-07-24 17:49:10,145 log 345319 124173072463552 Method Not Allowed: /api/v1/complaints/
[WARNING] 2026-07-24 17:49:10,154 basehttp 345319 124173072463552 "GET /api/v1/complaints/?page=1&page_size=15 HTTP/1.1" 405 137
[WARNING] 2026-07-24 17:49:10,170 log 345319 124173064070848 Method Not Allowed: /api/v1/complaints/
[WARNING] 2026-07-24 17:49:10,171 basehttp 345319 124173064070848 "GET /api/v1/complaints/?status=closed&page_size=1 HTTP/1.1" 405 137
[WARNING] 2026-07-24 17:49:10,257 log 345319 124173554783936 Method Not Allowed: /api/v1/complaints/
[WARNING] 2026-07-24 17:49:10,258 basehttp 345319 124173554783936 "GET /api/v1/complaints/?status=reviewing&page_size=1 HTTP/1.1" 405 137
[WARNING] 2026-07-24 17:49:10,302 log 345319 124173043091136 Method Not Allowed: /api/v1/complaints/
[WARNING] 2026-07-24 17:49:10,319 basehttp 345319 124173043091136 "GET /api/v1/complaints/?status=submitted&page_size=1 HTTP/1.1" 405 137
[WARNING] 2026-07-24 17:49:10,351 log 345319 124173567370944 Method Not Allowed: /api/v1/complaints/
[WARNING] 2026-07-24 17:49:10,352 basehttp 345319 124173567370944 "GET /api/v1/complaints/?status=confirmed&page_size=1 HTTP/1.1" 405 137
[INFO] 2026-07-24 17:49:14,568 basehttp 345319 124173567370944 "OPTIONS /api/v1/geography/provinces/?page=1&page_size=15 HTTP/1.1" 200 0
[INFO] 2026-07-24 17:49:14,569 basehttp 345319 124173043091136 "OPTIONS /api/v1/geography/provinces/?page=1&page_size=15 HTTP/1.1" 200 0
[INFO] 2026-07-24 17:49:14,698 basehttp 345319 124173043091136 "GET /api/v1/geography/provinces/?page=1&page_size=15 HTTP/1.1" 200 152
[INFO] 2026-07-24 17:49:14,840 basehttp 345319 124173043091136 "GET /api/v1/geography/provinces/?page=1&page_size=15 HTTP/1.1" 200 152
[INFO] 2026-07-24 17:49:16,977 basehttp 345319 124173567370944 "OPTIONS /api/v1/geography/provinces/3/cities/ HTTP/1.1" 200 0
[INFO] 2026-07-24 17:49:16,977 basehttp 345319 124173043091136 "OPTIONS /api/v1/geography/provinces/3/cities/ HTTP/1.1" 200 0
[INFO] 2026-07-24 17:49:17,122 basehttp 345319 124173567370944 "GET /api/v1/geography/provinces/3/cities/ HTTP/1.1" 200 26
[INFO] 2026-07-24 17:49:17,312 basehttp 345319 124173567370944 "GET /api/v1/geography/provinces/3/cities/ HTTP/1.1" 200 26
[INFO] 2026-07-24 17:49:19,216 basehttp 345319 124173043091136 "OPTIONS /api/v1/geography/provinces/1/cities/ HTTP/1.1" 200 0
[INFO] 2026-07-24 17:49:19,216 basehttp 345319 124173567370944 "OPTIONS /api/v1/geography/provinces/1/cities/ HTTP/1.1" 200 0
[INFO] 2026-07-24 17:49:19,394 basehttp 345319 124173567370944 "GET /api/v1/geography/provinces/1/cities/ HTTP/1.1" 200 83
[INFO] 2026-07-24 17:49:19,604 basehttp 345319 124173567370944 "GET /api/v1/geography/provinces/1/cities/ HTTP/1.1" 200 83
[INFO] 2026-07-24 17:49:26,448 basehttp 345319 124173567370944 "OPTIONS /api/v1/geography/provinces/1/ HTTP/1.1" 200 0
[INFO] 2026-07-24 17:49:26,503 base_service 345319 124173567370944 Province updated: همدان
[INFO] 2026-07-24 17:49:26,689 basehttp 345319 124173567370944 "PATCH /api/v1/geography/provinces/1/ HTTP/1.1" 200 256
[INFO] 2026-07-24 17:49:26,893 basehttp 345319 124173567370944 "GET /api/v1/geography/provinces/?page=1&page_size=15 HTTP/1.1" 200 109
[INFO] 2026-07-24 17:49:40,494 basehttp 345319 124173584156352 "GET /admin/ HTTP/1.1" 200 41123
[INFO] 2026-07-24 17:49:42,573 basehttp 345319 124173584156352 "GET /admin/geography/province/ HTTP/1.1" 200 39706
[INFO] 2026-07-24 17:49:42,673 basehttp 345319 124173584156352 "GET /admin/jsi18n/ HTTP/1.1" 200 3343
[INFO] 2026-07-24 17:49:48,022 basehttp 345319 124173584156352 "GET /admin/geography/city/ HTTP/1.1" 200 39329
[INFO] 2026-07-24 17:49:48,114 basehttp 345319 124173584156352 "GET /admin/jsi18n/ HTTP/1.1" 200 3343
[INFO] 2026-07-24 17:49:52,428 basehttp 345319 124173584156352 "GET /admin/geography/city/1/change/ HTTP/1.1" 200 40553
[INFO] 2026-07-24 17:49:52,456 basehttp 345319 124173592549056 "GET /static/admin/js/vendor/select2/i18n/en.js HTTP/1.1" 200 844
[INFO] 2026-07-24 17:49:52,462 basehttp 345319 124173619820224 "GET /static/admin/css/autocomplete.css HTTP/1.1" 200 9114
[INFO] 2026-07-24 17:49:52,463 basehttp 345319 124173033649856 "GET /static/admin/js/autocomplete.js HTTP/1.1" 200 1060
[INFO] 2026-07-24 17:49:52,464 basehttp 345319 124173575763648 "GET /static/admin/css/vendor/select2/select2.css HTTP/1.1" 200 17358
[INFO] 2026-07-24 17:49:52,474 basehttp 345319 124173603038912 "GET /static/admin/js/vendor/select2/select2.full.js HTTP/1.1" 200 173566
[INFO] 2026-07-24 17:49:52,496 basehttp 345319 124173603038912 "GET /static/admin/img/icon-deletelink.svg HTTP/1.1" 200 392
[INFO] 2026-07-24 17:49:52,551 basehttp 345319 124173584156352 "GET /admin/jsi18n/ HTTP/1.1" 200 3343
[INFO] 2026-07-24 17:49:54,910 basehttp 345319 124173584156352 "POST /admin/geography/city/1/change/ HTTP/1.1" 302 0
[INFO] 2026-07-24 17:49:55,141 basehttp 345319 124173584156352 "GET /admin/geography/city/ HTTP/1.1" 200 39547
[INFO] 2026-07-24 17:49:55,292 basehttp 345319 124173584156352 "GET /admin/jsi18n/ HTTP/1.1" 200 3343
[INFO] 2026-07-24 17:49:59,621 basehttp 345319 124173567370944 "GET /api/v1/auth/me/ HTTP/1.1" 200 408
[INFO] 2026-07-24 17:49:59,731 basehttp 345319 124173567370944 "GET /api/v1/auth/me/ HTTP/1.1" 200 408
[INFO] 2026-07-24 17:49:59,970 basehttp 345319 124173567370944 "GET /api/v1/geography/provinces/?page=1&page_size=15 HTTP/1.1" 200 109
[INFO] 2026-07-24 17:50:00,158 basehttp 345319 124173567370944 "GET /api/v1/geography/provinces/?page=1&page_size=15 HTTP/1.1" 200 109
[INFO] 2026-07-24 17:50:04,459 basehttp 345319 124173554783936 "OPTIONS /api/v1/geography/cities/?page=1&page_size=15 HTTP/1.1" 200 0
[INFO] 2026-07-24 17:50:04,463 basehttp 345319 124173043091136 "OPTIONS /api/v1/geography/cities/?page=1&page_size=15 HTTP/1.1" 200 0
[INFO] 2026-07-24 17:50:04,650 basehttp 345319 124173567370944 "GET /api/v1/geography/provinces/?page_size=100 HTTP/1.1" 200 109
[INFO] 2026-07-24 17:50:04,770 basehttp 345319 124173043091136 "GET /api/v1/geography/cities/?page=1&page_size=15 HTTP/1.1" 200 141
[INFO] 2026-07-24 17:50:04,917 basehttp 345319 124173567370944 "GET /api/v1/geography/provinces/?page_size=100 HTTP/1.1" 200 109
[INFO] 2026-07-24 17:50:04,998 basehttp 345319 124173043091136 "GET /api/v1/geography/cities/?page=1&page_size=15 HTTP/1.1" 200 141
[INFO] 2026-07-24 17:50:05,664 basehttp 345319 124173043091136 "GET /api/v1/geography/provinces/?page=1&page_size=15 HTTP/1.1" 200 109
[INFO] 2026-07-24 17:50:05,783 basehttp 345319 124173043091136 "GET /api/v1/geography/provinces/?page=1&page_size=15 HTTP/1.1" 200 109
[INFO] 2026-07-24 17:50:08,376 basehttp 345319 124173043091136 "GET /api/v1/auth/me/ HTTP/1.1" 200 408
[INFO] 2026-07-24 17:50:08,464 basehttp 345319 124173043091136 "GET /api/v1/auth/me/ HTTP/1.1" 200 408
[INFO] 2026-07-24 17:50:08,676 basehttp 345319 124173043091136 "GET /api/v1/geography/provinces/?page=1&page_size=15 HTTP/1.1" 200 109
[INFO] 2026-07-24 17:50:08,781 basehttp 345319 124173043091136 "GET /api/v1/geography/provinces/?page=1&page_size=15 HTTP/1.1" 200 109
[INFO] 2026-07-24 17:50:10,945 basehttp 345319 124173584156352 "GET /admin/geography/city/ HTTP/1.1" 200 39329
[INFO] 2026-07-24 17:50:11,040 basehttp 345319 124173584156352 "GET /admin/jsi18n/ HTTP/1.1" 200 3343
[INFO] 2026-07-24 17:50:13,385 basehttp 345319 124173043091136 "GET /api/v1/auth/me/ HTTP/1.1" 200 408
[INFO] 2026-07-24 17:50:13,471 basehttp 345319 124173043091136 "GET /api/v1/auth/me/ HTTP/1.1" 200 408
[INFO] 2026-07-24 17:50:13,691 basehttp 345319 124173043091136 "GET /api/v1/geography/provinces/?page=1&page_size=15 HTTP/1.1" 200 109
[INFO] 2026-07-24 17:50:13,793 basehttp 345319 124173043091136 "GET /api/v1/geography/provinces/?page=1&page_size=15 HTTP/1.1" 200 109
[INFO] 2026-07-24 17:50:23,996 basehttp 345319 124173043091136 "OPTIONS /api/v1/geography/provinces/ HTTP/1.1" 200 0
[WARNING] 2026-07-24 17:50:24,161 log 345319 124173043091136 Bad Request: /api/v1/geography/provinces/
[WARNING] 2026-07-24 17:50:24,161 basehttp 345319 124173043091136 "POST /api/v1/geography/provinces/ HTTP/1.1" 400 255
[WARNING] 2026-07-24 17:50:30,650 log 345319 124173043091136 Bad Request: /api/v1/geography/provinces/
[WARNING] 2026-07-24 17:50:30,650 basehttp 345319 124173043091136 "POST /api/v1/geography/provinces/ HTTP/1.1" 400 255
[INFO] 2026-07-24 17:50:42,375 basehttp 345319 124173043091136 "GET /api/v1/auth/me/ HTTP/1.1" 200 408
[INFO] 2026-07-24 17:50:42,481 basehttp 345319 124173043091136 "GET /api/v1/auth/me/ HTTP/1.1" 200 408
[INFO] 2026-07-24 17:50:42,671 basehttp 345319 124173043091136 "GET /api/v1/geography/provinces/?page=1&page_size=15 HTTP/1.1" 200 109
[INFO] 2026-07-24 17:50:42,767 basehttp 345319 124173043091136 "GET /api/v1/geography/provinces/?page=1&page_size=15 HTTP/1.1" 200 109
[INFO] 2026-07-24 17:50:46,285 basehttp 345319 124173043091136 "GET /api/v1/geography/provinces/?page_size=100 HTTP/1.1" 200 109
[INFO] 2026-07-24 17:50:46,454 basehttp 345319 124173567370944 "GET /api/v1/geography/cities/?page=1&page_size=15 HTTP/1.1" 200 141
[INFO] 2026-07-24 17:50:46,569 basehttp 345319 124173043091136 "GET /api/v1/geography/provinces/?page_size=100 HTTP/1.1" 200 109
[INFO] 2026-07-24 17:50:46,627 basehttp 345319 124173567370944 "GET /api/v1/geography/cities/?page=1&page_size=15 HTTP/1.1" 200 141
[INFO] 2026-07-24 17:50:48,207 basehttp 345319 124173567370944 "GET /api/v1/geography/provinces/?page=1&page_size=15 HTTP/1.1" 200 109
[INFO] 2026-07-24 17:50:48,324 basehttp 345319 124173567370944 "GET /api/v1/geography/provinces/?page=1&page_size=15 HTTP/1.1" 200 109
[INFO] 2026-07-24 17:50:51,504 basehttp 345319 124173043091136 "OPTIONS /api/v1/geography/provinces/2/cities/ HTTP/1.1" 200 0
[INFO] 2026-07-24 17:50:51,505 basehttp 345319 124173567370944 "OPTIONS /api/v1/geography/provinces/2/cities/ HTTP/1.1" 200 0
[INFO] 2026-07-24 17:50:51,657 basehttp 345319 124173043091136 "GET /api/v1/geography/provinces/2/cities/ HTTP/1.1" 200 83
[INFO] 2026-07-24 17:50:51,842 basehttp 345319 124173043091136 "GET /api/v1/geography/provinces/2/cities/ HTTP/1.1" 200 83
[INFO] 2026-07-24 17:50:55,232 basehttp 345319 124173043091136 "GET /api/v1/geography/provinces/3/cities/ HTTP/1.1" 200 26
[INFO] 2026-07-24 17:50:55,371 basehttp 345319 124173043091136 "GET /api/v1/geography/provinces/3/cities/ HTTP/1.1" 200 26
[INFO] 2026-07-24 17:50:56,899 basehttp 345319 124173567370944 "GET /api/v1/geography/cities/?page=1&page_size=15 HTTP/1.1" 200 141
[INFO] 2026-07-24 17:50:57,010 basehttp 345319 124173043091136 "GET /api/v1/geography/provinces/?page_size=100 HTTP/1.1" 200 109
[INFO] 2026-07-24 17:50:57,242 basehttp 345319 124173567370944 "GET /api/v1/geography/cities/?page=1&page_size=15 HTTP/1.1" 200 141
[INFO] 2026-07-24 17:50:57,294 basehttp 345319 124173043091136 "GET /api/v1/geography/provinces/?page_size=100 HTTP/1.1" 200 109
[INFO] 2026-07-24 17:51:12,284 basehttp 345319 124173567370944 "OPTIONS /api/v1/cms/blogs/?page=1&page_size=10 HTTP/1.1" 200 0
[INFO] 2026-07-24 17:51:12,284 basehttp 345319 124173043091136 "OPTIONS /api/v1/cms/blogs/?page=1&page_size=10 HTTP/1.1" 200 0
[INFO] 2026-07-24 17:51:12,429 basehttp 345319 124173567370944 "GET /api/v1/cms/blogs/?page=1&page_size=10 HTTP/1.1" 200 109
[INFO] 2026-07-24 17:51:12,596 basehttp 345319 124173567370944 "GET /api/v1/cms/blogs/?page=1&page_size=10 HTTP/1.1" 200 109
[INFO] 2026-07-24 17:51:17,339 basehttp 345319 124173567370944 "OPTIONS /api/v1/cms/admin/pages/ HTTP/1.1" 200 0
[INFO] 2026-07-24 17:51:17,339 basehttp 345319 124173043091136 "OPTIONS /api/v1/cms/admin/pages/ HTTP/1.1" 200 0
[ERROR] 2026-07-24 17:51:17,369 api_exceptions 345319 124173043091136 Unhandled exception occurred
Traceback (most recent call last):
  File "/home/nimamakhmali/Music/Nazer-Bazaar/backend/venv/lib/python3.12/site-packages/rest_framework/views.py", line 506, in dispatch
    response = handler(request, *args, **kwargs)
               ^^^^^^^^^^^^^^^^^^^^^^^^^^^^^^^^^
  File "/home/nimamakhmali/Music/Nazer-Bazaar/backend/apps/cms/views/cms_views.py", line 70, in get
    pages = CmsSelector.get_published_pages() if not request.user.is_admin else Page.objects.all()
                                                                                ^^^^
NameError: name 'Page' is not defined
[ERROR] 2026-07-24 17:51:17,442 log 345319 124173043091136 Internal Server Error: /api/v1/cms/admin/pages/
[ERROR] 2026-07-24 17:51:17,442 basehttp 345319 124173043091136 "GET /api/v1/cms/admin/pages/ HTTP/1.1" 500 111
[ERROR] 2026-07-24 17:51:17,521 api_exceptions 345319 124173043091136 Unhandled exception occurred
Traceback (most recent call last):
  File "/home/nimamakhmali/Music/Nazer-Bazaar/backend/venv/lib/python3.12/site-packages/rest_framework/views.py", line 506, in dispatch
    response = handler(request, *args, **kwargs)
               ^^^^^^^^^^^^^^^^^^^^^^^^^^^^^^^^^
  File "/home/nimamakhmali/Music/Nazer-Bazaar/backend/apps/cms/views/cms_views.py", line 70, in get
    pages = CmsSelector.get_published_pages() if not request.user.is_admin else Page.objects.all()
                                                                                ^^^^
NameError: name 'Page' is not defined
[ERROR] 2026-07-24 17:51:17,589 log 345319 124173043091136 Internal Server Error: /api/v1/cms/admin/pages/
[ERROR] 2026-07-24 17:51:17,590 basehttp 345319 124173043091136 "GET /api/v1/cms/admin/pages/ HTTP/1.1" 500 111
[INFO] 2026-07-24 17:51:22,482 basehttp 345319 124173043091136 "GET /api/v1/auth/users/?page=1&page_size=10 HTTP/1.1" 200 2188
[INFO] 2026-07-24 17:51:22,634 basehttp 345319 124173043091136 "GET /api/v1/auth/users/?page=1&page_size=10 HTTP/1.1" 200 2188
[INFO] 2026-07-24 17:51:25,871 basehttp 345319 124173567370944 "GET /api/v1/complaints/my/?page_size=5 HTTP/1.1" 200 2
[INFO] 2026-07-24 17:51:26,128 basehttp 345319 124173043091136 "GET /api/v1/stores/?page_size=1 HTTP/1.1" 200 435
[INFO] 2026-07-24 17:51:26,273 basehttp 345319 124173567370944 "GET /api/v1/complaints/my/?page_size=5 HTTP/1.1" 200 2
[INFO] 2026-07-24 17:51:26,367 basehttp 345319 124173043091136 "GET /api/v1/stores/?page_size=1 HTTP/1.1" 200 435
[INFO] 2026-07-24 17:53:21,558 basehttp 345319 124173584156352 "GET /admin/accounts/user/ HTTP/1.1" 200 42472
[INFO] 2026-07-24 17:53:21,573 basehttp 345319 124173603038912 "GET /static/admin/img/icon-yes.svg HTTP/1.1" 304 0
[INFO] 2026-07-24 17:53:21,581 basehttp 345319 124173603038912 "GET /static/admin/img/icon-no.svg HTTP/1.1" 304 0
[INFO] 2026-07-24 17:53:21,665 basehttp 345319 124173584156352 "GET /admin/jsi18n/ HTTP/1.1" 200 3343
[INFO] 2026-07-24 17:53:24,556 basehttp 345319 124173584156352 "GET /admin/accounts/user/7/change/ HTTP/1.1" 200 66430
[INFO] 2026-07-24 17:53:24,581 basehttp 345319 124173033649856 "GET /static/admin/js/SelectFilter2.js HTTP/1.1" 304 0
[INFO] 2026-07-24 17:53:24,583 basehttp 345319 124173619820224 "GET /static/admin/js/collapse.js HTTP/1.1" 304 0
[INFO] 2026-07-24 17:53:24,583 basehttp 345319 124173575763648 "GET /static/admin/js/SelectBox.js HTTP/1.1" 304 0
[INFO] 2026-07-24 17:53:24,589 basehttp 345319 124173603038912 "GET /static/admin/css/forms.css HTTP/1.1" 304 0
[INFO] 2026-07-24 17:53:24,598 basehttp 345319 124173603038912 "GET /static/admin/js/prepopulate_init.js HTTP/1.1" 304 0
[INFO] 2026-07-24 17:53:24,599 basehttp 345319 124173575763648 "GET /static/admin/css/widgets.css HTTP/1.1" 304 0
[INFO] 2026-07-24 17:53:24,650 basehttp 345319 124173575763648 "GET /static/admin/js/change_form.js HTTP/1.1" 304 0
[INFO] 2026-07-24 17:53:24,685 basehttp 345319 124173584156352 "GET /admin/jsi18n/ HTTP/1.1" 200 3343
[INFO] 2026-07-24 17:53:24,778 basehttp 345319 124173603038912 "GET /static/admin/img/icon-unknown-alt.svg HTTP/1.1" 304 0
[INFO] 2026-07-24 17:53:24,778 basehttp 345319 124173584156352 "GET /static/admin/img/icon-unknown.svg HTTP/1.1" 304 0
[INFO] 2026-07-24 17:53:24,778 basehttp 345319 124173575763648 "GET /static/admin/img/selector-icons.svg HTTP/1.1" 304 0
[INFO] 2026-07-24 17:55:53,696 basehttp 345319 124173043091136 "OPTIONS /api/v1/auth/logout/ HTTP/1.1" 200 0
[WARNING] 2026-07-24 17:55:53,811 log 345319 124173043091136 Bad Request: /api/v1/auth/logout/
[WARNING] 2026-07-24 17:55:53,811 basehttp 345319 124173043091136 "POST /api/v1/auth/logout/ HTTP/1.1" 400 132
[WARNING] 2026-07-24 17:56:03,806 log 345319 124173043091136 Unauthorized: /api/v1/auth/login/
[WARNING] 2026-07-24 17:56:03,807 basehttp 345319 124173043091136 "POST /api/v1/auth/login/ HTTP/1.1" 401 134
[WARNING] 2026-07-24 17:56:11,550 log 345319 124173043091136 Unauthorized: /api/v1/auth/login/
[WARNING] 2026-07-24 17:56:11,551 basehttp 345319 124173043091136 "POST /api/v1/auth/login/ HTTP/1.1" 401 134
[INFO] 2026-07-24 17:56:14,772 base_service 345319 124173043091136 User logged in with password: 09056419609
[INFO] 2026-07-24 17:56:14,862 basehttp 345319 124173043091136 "POST /api/v1/auth/login/ HTTP/1.1" 200 1128
[INFO] 2026-07-24 17:56:33,408 basehttp 345319 124173043091136 "GET /api/v1/auth/me/ HTTP/1.1" 200 408
[INFO] 2026-07-24 17:56:33,498 basehttp 345319 124173043091136 "GET /api/v1/auth/me/ HTTP/1.1" 200 408
[INFO] 2026-07-24 17:58:03,184 basehttp 345319 124173567370944 "GET /api/v1/complaints/my/?page_size=5 HTTP/1.1" 200 2
[INFO] 2026-07-24 17:58:03,458 basehttp 345319 124173043091136 "GET /api/v1/stores/?page_size=1 HTTP/1.1" 200 435
[INFO] 2026-07-24 17:58:03,600 basehttp 345319 124173567370944 "GET /api/v1/complaints/my/?page_size=5 HTTP/1.1" 200 2
[INFO] 2026-07-24 17:58:03,688 basehttp 345319 124173043091136 "GET /api/v1/stores/?page_size=1 HTTP/1.1" 200 435
[INFO] 2026-07-24 17:59:56,640 basehttp 345319 124173567370944 "GET /api/v1/complaints/my/?page_size=5 HTTP/1.1" 200 2
[INFO] 2026-07-24 17:59:56,798 basehttp 345319 124173043091136 "GET /api/v1/stores/?page_size=1 HTTP/1.1" 200 435
[INFO] 2026-07-24 17:59:56,977 basehttp 345319 124173567370944 "GET /api/v1/complaints/my/?page_size=5 HTTP/1.1" 200 2
[INFO] 2026-07-24 17:59:57,049 basehttp 345319 124173043091136 "GET /api/v1/stores/?page_size=1 HTTP/1.1" 200 435
[INFO] 2026-07-24 18:00:40,628 basehttp 345319 124173567370944 "GET /api/v1/complaints/my/?page_size=5 HTTP/1.1" 200 2
[INFO] 2026-07-24 18:00:40,787 basehttp 345319 124173043091136 "GET /api/v1/stores/?page_size=1 HTTP/1.1" 200 435
[INFO] 2026-07-24 18:00:40,943 basehttp 345319 124173567370944 "GET /api/v1/complaints/my/?page_size=5 HTTP/1.1" 200 2
[INFO] 2026-07-24 18:00:41,007 basehttp 345319 124173043091136 "GET /api/v1/stores/?page_size=1 HTTP/1.1" 200 435
[INFO] 2026-07-24 18:02:17,752 basehttp 345319 124173043091136 "GET /api/v1/auth/users/?page=1&page_size=10 HTTP/1.1" 200 2188
[INFO] 2026-07-24 18:02:17,868 basehttp 345319 124173043091136 "GET /api/v1/auth/users/?page=1&page_size=10 HTTP/1.1" 200 2188
[INFO] 2026-07-24 18:03:59,311 basehttp 345319 124173584156352 "OPTIONS /api/v1/pricing/official-prices/?page=1&is_today=true HTTP/1.1" 200 0
[INFO] 2026-07-24 18:03:59,311 basehttp 345319 124173567370944 "OPTIONS /api/v1/pricing/official-prices/?page=1&is_today=true HTTP/1.1" 200 0
[INFO] 2026-07-24 18:03:59,505 basehttp 345319 124173043091136 "GET /api/v1/geography/provinces/ HTTP/1.1" 200 109
[INFO] 2026-07-24 18:03:59,624 basehttp 345319 124173584156352 "GET /api/v1/pricing/official-prices/?page=1&is_today=true HTTP/1.1" 200 109
[INFO] 2026-07-24 18:03:59,777 basehttp 345319 124173043091136 "GET /api/v1/geography/provinces/ HTTP/1.1" 200 109
[INFO] 2026-07-24 18:03:59,889 basehttp 345319 124173584156352 "GET /api/v1/pricing/official-prices/?page=1&is_today=true HTTP/1.1" 200 109
[INFO] 2026-07-24 18:04:01,738 basehttp 345319 124173584156352 "GET /api/v1/auth/me/ HTTP/1.1" 200 408
[INFO] 2026-07-24 18:04:01,835 basehttp 345319 124173584156352 "GET /api/v1/auth/me/ HTTP/1.1" 200 408
[INFO] 2026-07-24 18:04:02,189 basehttp 345319 124173043091136 "GET /api/v1/complaints/my/?page_size=5 HTTP/1.1" 200 2
[INFO] 2026-07-24 18:04:02,401 basehttp 345319 124173584156352 "GET /api/v1/stores/?page_size=1 HTTP/1.1" 200 435
[INFO] 2026-07-24 18:04:02,545 basehttp 345319 124173043091136 "GET /api/v1/complaints/my/?page_size=5 HTTP/1.1" 200 2
[INFO] 2026-07-24 18:04:02,626 basehttp 345319 124173584156352 "GET /api/v1/stores/?page_size=1 HTTP/1.1" 200 435
[WARNING] 2026-07-24 18:04:03,968 log 345319 124173584156352 Bad Request: /api/v1/auth/logout/
[WARNING] 2026-07-24 18:04:03,969 basehttp 345319 124173584156352 "POST /api/v1/auth/logout/ HTTP/1.1" 400 132
[INFO] 2026-07-24 18:07:18,060 basehttp 345319 124173584156352 "OPTIONS /api/v1/auth/otp/request/ HTTP/1.1" 200 0
[INFO] 2026-07-24 18:07:18,115 otp_service 345319 124173584156352 [DEV] SMS to 09189082172: کد تایید سامانه پایش قیمت: 140814
[INFO] 2026-07-24 18:07:18,115 base_service 345319 124173584156352 OTP sent to 09189082172
[INFO] 2026-07-24 18:07:18,219 basehttp 345319 124173584156352 "POST /api/v1/auth/otp/request/ HTTP/1.1" 200 142
[INFO] 2026-07-24 18:09:54,794 base_service 345319 124173584156352 User logged in with password: 09056419609
[INFO] 2026-07-24 18:09:54,883 basehttp 345319 124173584156352 "POST /api/v1/auth/login/ HTTP/1.1" 200 1128
[INFO] 2026-07-24 18:09:55,457 basehttp 345319 124173584156352 "GET /api/v1/auth/users/?page=1&page_size=10 HTTP/1.1" 200 2188
[INFO] 2026-07-24 18:09:55,582 basehttp 345319 124173584156352 "GET /api/v1/auth/users/?page=1&page_size=10 HTTP/1.1" 200 2188
[INFO] 2026-07-24 18:10:25,585 basehttp 345319 124173584156352 "OPTIONS /api/v1/auth/users/?page=1&page_size=10&search=r HTTP/1.1" 200 0
[INFO] 2026-07-24 18:10:25,657 basehttp 345319 124173043091136 "OPTIONS /api/v1/auth/users/?page=1&page_size=10&search=re HTTP/1.1" 200 0
[INFO] 2026-07-24 18:10:25,865 basehttp 345319 124173584156352 "GET /api/v1/auth/users/?page=1&page_size=10&search=r HTTP/1.1" 200 545
[INFO] 2026-07-24 18:10:25,964 basehttp 345319 124173043091136 "GET /api/v1/auth/users/?page=1&page_size=10&search=re HTTP/1.1" 200 545
[INFO] 2026-07-24 18:10:27,379 basehttp 345319 124173043091136 "OPTIONS /api/v1/auth/users/?page=1&page_size=10&search=rez HTTP/1.1" 200 0
[INFO] 2026-07-24 18:10:27,475 basehttp 345319 124173584156352 "OPTIONS /api/v1/auth/users/?page=1&page_size=10&search=reza HTTP/1.1" 200 0
[INFO] 2026-07-24 18:10:27,588 basehttp 345319 124173043091136 "GET /api/v1/auth/users/?page=1&page_size=10&search=rez HTTP/1.1" 200 545
[INFO] 2026-07-24 18:10:27,743 basehttp 345319 124173584156352 "GET /api/v1/auth/users/?page=1&page_size=10&search=reza HTTP/1.1" 200 545
[INFO] 2026-07-24 18:10:29,043 basehttp 345319 124173584156352 "GET /api/v1/auth/users/?page=1&page_size=10&search=rez HTTP/1.1" 200 545
[INFO] 2026-07-24 18:10:29,198 basehttp 345319 124173584156352 "GET /api/v1/auth/users/?page=1&page_size=10&search=re HTTP/1.1" 200 545
[INFO] 2026-07-24 18:10:29,372 basehttp 345319 124173043091136 "GET /api/v1/auth/users/?page=1&page_size=10&search=r HTTP/1.1" 200 545
[INFO] 2026-07-24 18:10:29,500 basehttp 345319 124173584156352 "GET /api/v1/auth/users/?page=1&page_size=10 HTTP/1.1" 200 2188
[INFO] 2026-07-24 18:10:29,739 basehttp 345319 124173584156352 "OPTIONS /api/v1/auth/users/?page=1&page_size=10&search=0 HTTP/1.1" 200 0
[INFO] 2026-07-24 18:10:29,963 basehttp 345319 124173584156352 "GET /api/v1/auth/users/?page=1&page_size=10&search=0 HTTP/1.1" 200 2188
[INFO] 2026-07-24 18:10:30,007 basehttp 345319 124173584156352 "OPTIONS /api/v1/auth/users/?page=1&page_size=10&search=09 HTTP/1.1" 200 0
[INFO] 2026-07-24 18:10:30,203 basehttp 345319 124173584156352 "GET /api/v1/auth/users/?page=1&page_size=10&search=09 HTTP/1.1" 200 2188
[INFO] 2026-07-24 18:10:30,414 basehttp 345319 124173584156352 "OPTIONS /api/v1/auth/users/?page=1&page_size=10&search=091 HTTP/1.1" 200 0
[INFO] 2026-07-24 18:10:30,615 basehttp 345319 124173584156352 "GET /api/v1/auth/users/?page=1&page_size=10&search=091 HTTP/1.1" 200 931
[INFO] 2026-07-24 18:10:30,822 basehttp 345319 124173584156352 "OPTIONS /api/v1/auth/users/?page=1&page_size=10&search=0918 HTTP/1.1" 200 0
[INFO] 2026-07-24 18:10:30,978 basehttp 345319 124173584156352 "GET /api/v1/auth/users/?page=1&page_size=10&search=0918 HTTP/1.1" 200 931
[INFO] 2026-07-24 18:10:33,633 basehttp 345319 124173584156352 "OPTIONS /api/v1/auth/users/?page=1&page_size=10&search=09189 HTTP/1.1" 200 0
[INFO] 2026-07-24 18:10:33,785 basehttp 345319 124173584156352 "GET /api/v1/auth/users/?page=1&page_size=10&search=09189 HTTP/1.1" 200 494
[INFO] 2026-07-24 18:10:33,862 basehttp 345319 124173584156352 "OPTIONS /api/v1/auth/users/?page=1&page_size=10&search=091890 HTTP/1.1" 200 0
[INFO] 2026-07-24 18:10:34,090 basehttp 345319 124173584156352 "GET /api/v1/auth/users/?page=1&page_size=10&search=091890 HTTP/1.1" 200 494
[INFO] 2026-07-24 18:10:34,098 basehttp 345319 124173043091136 "OPTIONS /api/v1/auth/users/?page=1&page_size=10&search=0918908 HTTP/1.1" 200 0
[INFO] 2026-07-24 18:10:34,255 basehttp 345319 124173043091136 "GET /api/v1/auth/users/?page=1&page_size=10&search=0918908 HTTP/1.1" 200 494
[INFO] 2026-07-24 18:10:37,339 basehttp 345319 124173043091136 "GET /api/v1/auth/users/?page=1&page_size=10&search=091890 HTTP/1.1" 200 494
[INFO] 2026-07-24 18:10:38,334 basehttp 345319 124173043091136 "GET /api/v1/auth/users/?page=1&page_size=10&search=09189 HTTP/1.1" 200 494
[INFO] 2026-07-24 18:10:38,583 basehttp 345319 124173584156352 "GET /api/v1/auth/users/?page=1&page_size=10&search=0918 HTTP/1.1" 200 931
[INFO] 2026-07-24 18:10:38,624 basehttp 345319 124173619820224 "GET /api/v1/auth/users/?page=1&page_size=10 HTTP/1.1" 200 2188
[INFO] 2026-07-24 18:10:38,697 basehttp 345319 124173567370944 "GET /api/v1/auth/users/?page=1&page_size=10&search=091 HTTP/1.1" 200 931
[INFO] 2026-07-24 18:10:38,757 basehttp 345319 124173575763648 "GET /api/v1/auth/users/?page=1&page_size=10&search=0 HTTP/1.1" 200 2188
[INFO] 2026-07-24 18:10:38,765 basehttp 345319 124173603038912 "GET /api/v1/auth/users/?page=1&page_size=10&search=09 HTTP/1.1" 200 2188
[INFO] 2026-07-24 18:10:57,812 basehttp 345319 124173603038912 "GET /api/v1/auth/users/?page=1&page_size=10 HTTP/1.1" 200 2188
[INFO] 2026-07-24 18:10:57,928 basehttp 345319 124173603038912 "GET /api/v1/auth/users/?page=1&page_size=10 HTTP/1.1" 200 2188
[INFO] 2026-07-24 18:14:35,494 basehttp 345319 124173603038912 "GET /api/v1/geography/provinces/?page_size=100 HTTP/1.1" 200 109
[INFO] 2026-07-24 18:14:35,737 basehttp 345319 124173575763648 "GET /api/v1/organizations/province-offices/?page=1&page_size=10 HTTP/1.1" 200 109
[INFO] 2026-07-24 18:14:35,972 basehttp 345319 124173603038912 "GET /api/v1/geography/provinces/?page_size=100 HTTP/1.1" 200 109
[INFO] 2026-07-24 18:14:36,072 basehttp 345319 124173575763648 "GET /api/v1/organizations/province-offices/?page=1&page_size=10 HTTP/1.1" 200 109
[INFO] 2026-07-24 18:14:52,883 basehttp 345319 124173592549056 "GET /admin/accounts/user/ HTTP/1.1" 200 42472
[INFO] 2026-07-24 18:15:01,065 basehttp 345319 124173592549056 "GET /admin/geography/province/ HTTP/1.1" 200 39706
[INFO] 2026-07-24 18:15:01,087 basehttp 345319 124173554783936 "GET /static/admin/css/forms.css HTTP/1.1" 304 0
[INFO] 2026-07-24 18:15:01,104 basehttp 345319 124173554783936 "GET /static/admin/css/widgets.css HTTP/1.1" 304 0
[INFO] 2026-07-24 18:15:01,309 basehttp 345319 124173592549056 "GET /admin/jsi18n/ HTTP/1.1" 200 3343
[INFO] 2026-07-24 18:15:07,292 basehttp 345319 124173592549056 "POST /admin/geography/province/ HTTP/1.1" 302 0
[INFO] 2026-07-24 18:15:07,965 basehttp 345319 124173592549056 "GET /admin/geography/province/ HTTP/1.1" 200 39858
[INFO] 2026-07-24 18:15:08,196 basehttp 345319 124173592549056 "GET /admin/jsi18n/ HTTP/1.1" 200 3343
[INFO] 2026-07-24 18:15:08,271 basehttp 345319 124173592549056 "GET /static/admin/img/icon-yes.svg HTTP/1.1" 304 0
[INFO] 2026-07-24 18:15:12,706 basehttp 345319 124173575763648 "GET /api/v1/auth/me/ HTTP/1.1" 200 408
[INFO] 2026-07-24 18:15:12,888 basehttp 345319 124173575763648 "GET /api/v1/auth/me/ HTTP/1.1" 200 408
[INFO] 2026-07-24 18:15:13,346 basehttp 345319 124173603038912 "GET /api/v1/organizations/province-offices/?page=1&page_size=10 HTTP/1.1" 200 109
[INFO] 2026-07-24 18:15:13,582 basehttp 345319 124173575763648 "GET /api/v1/geography/provinces/?page_size=100 HTTP/1.1" 200 152
[INFO] 2026-07-24 18:15:13,850 basehttp 345319 124173603038912 "GET /api/v1/organizations/province-offices/?page=1&page_size=10 HTTP/1.1" 200 109
[INFO] 2026-07-24 18:15:13,957 basehttp 345319 124173575763648 "GET /api/v1/geography/provinces/?page_size=100 HTTP/1.1" 200 152
[INFO] 2026-07-24 18:20:26,866 basehttp 345319 124173603038912 "OPTIONS /api/v1/organizations/province-offices/ HTTP/1.1" 200 0
[INFO] 2026-07-24 18:20:26,936 signals 345319 124173603038912 ProvinceOffice created: استانداری همدان for province: همدان
[INFO] 2026-07-24 18:20:26,937 base_service 345319 124173603038912 ProvinceOffice created: استانداری همدان
[INFO] 2026-07-24 18:20:27,135 basehttp 345319 124173603038912 "POST /api/v1/organizations/province-offices/ HTTP/1.1" 201 550
[INFO] 2026-07-24 18:20:27,420 basehttp 345319 124173603038912 "GET /api/v1/organizations/province-offices/?page=1&page_size=10 HTTP/1.1" 200 252
[INFO] 2026-07-24 18:20:56,206 basehttp 345319 124173603038912 "OPTIONS /api/v1/organizations/province-offices/1/ HTTP/1.1" 200 0
[INFO] 2026-07-24 18:20:56,313 base_service 345319 124173603038912 ProvinceOffice updated: استانداری همدان
[INFO] 2026-07-24 18:20:56,622 basehttp 345319 124173603038912 "PATCH /api/v1/organizations/province-offices/1/ HTTP/1.1" 200 552
[INFO] 2026-07-24 18:20:56,976 basehttp 345319 124173603038912 "GET /api/v1/organizations/province-offices/?page=1&page_size=10 HTTP/1.1" 200 252
[INFO] 2026-07-24 18:22:04,102 basehttp 345319 124173043091136 "GET /admin/organizations/provinceoffice/ HTTP/1.1" 200 39225
[INFO] 2026-07-24 18:22:04,329 basehttp 345319 124173043091136 "GET /admin/jsi18n/ HTTP/1.1" 200 3343
[INFO] 2026-07-24 18:22:07,084 basehttp 345319 124173043091136 "GET /admin/organizations/provinceoffice/1/change/ HTTP/1.1" 200 45236
[INFO] 2026-07-24 18:22:07,126 basehttp 345319 124173575763648 "GET /static/admin/js/collapse.js HTTP/1.1" 304 0
[INFO] 2026-07-24 18:22:07,127 basehttp 345319 124173592549056 "GET /static/admin/css/vendor/select2/select2.css HTTP/1.1" 304 0
[INFO] 2026-07-24 18:22:07,133 basehttp 345319 124173584156352 "GET /static/admin/css/autocomplete.css HTTP/1.1" 304 0
[INFO] 2026-07-24 18:22:07,139 basehttp 345319 124173619820224 "GET /static/admin/js/vendor/select2/select2.full.js HTTP/1.1" 304 0
[INFO] 2026-07-24 18:22:07,160 basehttp 345319 124173584156352 "GET /static/admin/js/autocomplete.js HTTP/1.1" 304 0
[INFO] 2026-07-24 18:22:07,161 basehttp 345319 124173567370944 "GET /static/admin/js/vendor/select2/i18n/en.js HTTP/1.1" 304 0
[INFO] 2026-07-24 18:22:07,182 basehttp 345319 124173567370944 "GET /static/admin/img/icon-deletelink.svg HTTP/1.1" 304 0
[INFO] 2026-07-24 18:22:07,182 basehttp 345319 124173619820224 "GET /static/admin/js/prepopulate_init.js HTTP/1.1" 304 0
[INFO] 2026-07-24 18:22:07,221 basehttp 345319 124173619820224 "GET /static/admin/js/change_form.js HTTP/1.1" 304 0
[INFO] 2026-07-24 18:22:07,292 basehttp 345319 124173043091136 "GET /admin/jsi18n/ HTTP/1.1" 200 3343
[INFO] 2026-07-24 18:25:13,840 basehttp 345319 124173567370944 "GET /admin/organizations/provinceoffice/ HTTP/1.1" 200 39225
[INFO] 2026-07-24 18:25:21,853 basehttp 345319 124173567370944 "GET /admin/organizations/provinceoffice/1/change/ HTTP/1.1" 200 45236
[INFO] 2026-07-24 18:25:21,877 basehttp 345319 124173619820224 "GET /static/admin/css/forms.css HTTP/1.1" 304 0
[INFO] 2026-07-24 18:25:21,887 basehttp 345319 124173619820224 "GET /static/admin/css/widgets.css HTTP/1.1" 304 0
[INFO] 2026-07-24 18:25:22,038 basehttp 345319 124173567370944 "GET /admin/jsi18n/ HTTP/1.1" 200 3343
[INFO] 2026-07-24 18:25:51,272 base_service 345319 124173043091136 ProvinceOffice updated: استانداری همدان
[INFO] 2026-07-24 18:25:51,658 basehttp 345319 124173043091136 "PATCH /api/v1/organizations/province-offices/1/ HTTP/1.1" 200 469
[INFO] 2026-07-24 18:25:52,074 basehttp 345319 124173043091136 "GET /api/v1/organizations/province-offices/?page=1&page_size=10 HTTP/1.1" 200 252
[INFO] 2026-07-24 18:25:56,743 basehttp 345319 124173567370944 "GET /admin/organizations/provinceoffice/1/change/ HTTP/1.1" 200 45153
[INFO] 2026-07-24 18:25:56,937 basehttp 345319 124173567370944 "GET /admin/jsi18n/ HTTP/1.1" 200 3343
[INFO] 2026-07-24 18:26:29,396 basehttp 345319 124173567370944 "POST /admin/organizations/provinceoffice/1/change/ HTTP/1.1" 302 0
[INFO] 2026-07-24 18:26:29,695 basehttp 345319 124173567370944 "GET /admin/organizations/provinceoffice/ HTTP/1.1" 200 39484
[INFO] 2026-07-24 18:26:29,920 basehttp 345319 124173567370944 "GET /admin/jsi18n/ HTTP/1.1" 200 3343
[INFO] 2026-07-24 18:26:29,994 basehttp 345319 124173567370944 "GET /static/admin/img/icon-yes.svg HTTP/1.1" 304 0
[INFO] 2026-07-24 18:26:47,376 base_service 345319 124173043091136 ProvinceOffice updated: استانداری توالت همدان
[INFO] 2026-07-24 18:26:47,754 basehttp 345319 124173043091136 "PATCH /api/v1/organizations/province-offices/1/ HTTP/1.1" 200 563
[INFO] 2026-07-24 18:26:48,142 basehttp 345319 124173043091136 "GET /api/v1/organizations/province-offices/?page=1&page_size=10 HTTP/1.1" 200 263
[INFO] 2026-07-24 18:26:55,254 base_service 345319 124173043091136 ProvinceOffice updated: استانداری همدان
[INFO] 2026-07-24 18:26:55,643 basehttp 345319 124173043091136 "PATCH /api/v1/organizations/province-offices/1/ HTTP/1.1" 200 552
[INFO] 2026-07-24 18:26:55,892 basehttp 345319 124173043091136 "GET /api/v1/organizations/province-offices/?page=1&page_size=10 HTTP/1.1" 200 252
[INFO] 2026-07-24 18:28:39,278 signals 345319 124173043091136 ProvinceOffice created: استانداری تهران بزرگ for province: تهران
[INFO] 2026-07-24 18:28:39,279 base_service 345319 124173043091136 ProvinceOffice created: استانداری تهران بزرگ
[INFO] 2026-07-24 18:28:39,611 basehttp 345319 124173043091136 "POST /api/v1/organizations/province-offices/ HTTP/1.1" 201 589
[INFO] 2026-07-24 18:28:39,906 basehttp 345319 124173043091136 "GET /api/v1/organizations/province-offices/?page=1&page_size=10 HTTP/1.1" 200 405
[INFO] 2026-07-24 18:29:45,591 base_service 345319 124173043091136 ProvinceOffice updated: استانداری همدان
[INFO] 2026-07-24 18:29:45,916 basehttp 345319 124173043091136 "PATCH /api/v1/organizations/province-offices/1/ HTTP/1.1" 200 571
[INFO] 2026-07-24 18:29:46,167 basehttp 345319 124173043091136 "GET /api/v1/organizations/province-offices/?page=1&page_size=10 HTTP/1.1" 200 405
[INFO] 2026-07-24 18:29:50,228 basehttp 345319 124173043091136 "GET /api/v1/geography/cities/?page_size=500 HTTP/1.1" 200 141
[INFO] 2026-07-24 18:29:50,654 basehttp 345319 124173584156352 "GET /api/v1/organizations/chambers/?page=1&page_size=9 HTTP/1.1" 200 279
[INFO] 2026-07-24 18:29:51,009 basehttp 345319 124173043091136 "GET /api/v1/geography/cities/?page_size=500 HTTP/1.1" 200 141
[INFO] 2026-07-24 18:29:51,158 basehttp 345319 124173584156352 "GET /api/v1/organizations/chambers/?page=1&page_size=9 HTTP/1.1" 200 279
[INFO] 2026-07-24 18:31:28,807 basehttp 345319 124173584156352 "OPTIONS /api/v1/organizations/chambers/ HTTP/1.1" 200 0
[WARNING] 2026-07-24 18:31:29,074 log 345319 124173584156352 Bad Request: /api/v1/organizations/chambers/
[WARNING] 2026-07-24 18:31:29,075 basehttp 345319 124173584156352 "POST /api/v1/organizations/chambers/ HTTP/1.1" 400 140
[WARNING] 2026-07-24 18:31:37,510 log 345319 124173584156352 Bad Request: /api/v1/organizations/chambers/
[WARNING] 2026-07-24 18:31:37,511 basehttp 345319 124173584156352 "POST /api/v1/organizations/chambers/ HTTP/1.1" 400 140
[WARNING] 2026-07-24 18:35:09,150 log 345319 124173584156352 Bad Request: /api/v1/organizations/chambers/
[WARNING] 2026-07-24 18:35:09,151 basehttp 345319 124173584156352 "POST /api/v1/organizations/chambers/ HTTP/1.1" 400 125
[WARNING] 2026-07-24 18:35:17,792 log 345319 124173584156352 Bad Request: /api/v1/organizations/chambers/
[WARNING] 2026-07-24 18:35:17,793 basehttp 345319 124173584156352 "POST /api/v1/organizations/chambers/ HTTP/1.1" 400 125
[WARNING] 2026-07-24 18:35:24,663 log 345319 124173584156352 Bad Request: /api/v1/organizations/chambers/
[WARNING] 2026-07-24 18:35:24,664 basehttp 345319 124173584156352 "POST /api/v1/organizations/chambers/ HTTP/1.1" 400 125
[WARNING] 2026-07-24 18:35:47,366 log 345319 124173584156352 Bad Request: /api/v1/organizations/chambers/
[WARNING] 2026-07-24 18:35:47,366 basehttp 345319 124173584156352 "POST /api/v1/organizations/chambers/ HTTP/1.1" 400 125
[WARNING] 2026-07-24 18:35:57,173 log 345319 124173584156352 Bad Request: /api/v1/organizations/chambers/
[WARNING] 2026-07-24 18:35:57,173 basehttp 345319 124173584156352 "POST /api/v1/organizations/chambers/ HTTP/1.1" 400 140
[WARNING] 2026-07-24 18:36:10,255 log 345319 124173584156352 Bad Request: /api/v1/organizations/chambers/
[WARNING] 2026-07-24 18:36:10,256 basehttp 345319 124173584156352 "POST /api/v1/organizations/chambers/ HTTP/1.1" 400 140
[WARNING] 2026-07-24 18:36:15,317 log 345319 124173584156352 Bad Request: /api/v1/organizations/chambers/
[WARNING] 2026-07-24 18:36:15,318 basehttp 345319 124173584156352 "POST /api/v1/organizations/chambers/ HTTP/1.1" 400 140
[INFO] 2026-07-24 18:36:20,240 basehttp 345319 124173043091136 "GET /admin/organizations/provinceoffice/1/change/ HTTP/1.1" 200 45264
[INFO] 2026-07-24 18:36:25,413 basehttp 345319 124173043091136 "GET /admin/organizations/chamber/ HTTP/1.1" 200 39359
[INFO] 2026-07-24 18:36:25,448 basehttp 345319 124173567370944 "GET /static/admin/css/forms.css HTTP/1.1" 304 0
[INFO] 2026-07-24 18:36:25,470 basehttp 345319 124173567370944 "GET /static/admin/css/widgets.css HTTP/1.1" 304 0
[INFO] 2026-07-24 18:36:25,682 basehttp 345319 124173043091136 "GET /admin/jsi18n/ HTTP/1.1" 200 3343
[INFO] 2026-07-24 18:36:31,536 basehttp 345319 124173043091136 "GET /admin/organizations/chamber/1/change/ HTTP/1.1" 200 45631
[INFO] 2026-07-24 18:36:31,587 basehttp 345319 124173567370944 "GET /static/admin/css/vendor/select2/select2.css HTTP/1.1" 304 0
[INFO] 2026-07-24 18:36:31,593 basehttp 345319 124173619820224 "GET /static/admin/css/autocomplete.css HTTP/1.1" 304 0
[INFO] 2026-07-24 18:36:31,595 basehttp 345319 124173592549056 "GET /static/admin/js/vendor/select2/select2.full.js HTTP/1.1" 304 0
[INFO] 2026-07-24 18:36:31,601 basehttp 345319 124173603038912 "GET /static/admin/js/collapse.js HTTP/1.1" 304 0
[INFO] 2026-07-24 18:36:31,602 basehttp 345319 124173575763648 "GET /static/admin/js/vendor/select2/i18n/en.js HTTP/1.1" 304 0
[INFO] 2026-07-24 18:36:31,603 basehttp 345319 124173567370944 "GET /static/admin/js/autocomplete.js HTTP/1.1" 304 0
[INFO] 2026-07-24 18:36:31,620 basehttp 345319 124173603038912 "GET /static/admin/js/prepopulate_init.js HTTP/1.1" 304 0
[INFO] 2026-07-24 18:36:31,626 basehttp 345319 124173575763648 "GET /static/admin/img/icon-deletelink.svg HTTP/1.1" 304 0
[INFO] 2026-07-24 18:36:31,677 basehttp 345319 124173575763648 "GET /static/admin/js/change_form.js HTTP/1.1" 304 0
[INFO] 2026-07-24 18:36:31,828 basehttp 345319 124173043091136 "GET /admin/jsi18n/ HTTP/1.1" 200 3343
[INFO] 2026-07-24 18:36:34,726 basehttp 345319 124173043091136 "GET /admin/organizations/chamber/1/delete/ HTTP/1.1" 200 34751
[INFO] 2026-07-24 18:36:34,746 basehttp 345319 124173043091136 "GET /static/admin/js/cancel.js HTTP/1.1" 200 884
[INFO] 2026-07-24 18:36:40,127 basehttp 345319 124173043091136 "GET /admin/organizations/chamber/ HTTP/1.1" 200 39359
[INFO] 2026-07-24 18:36:40,353 basehttp 345319 124173043091136 "GET /admin/jsi18n/ HTTP/1.1" 200 3343
[INFO] 2026-07-24 18:36:45,081 basehttp 345319 124173043091136 "GET /admin/organizations/chamber/1/change/ HTTP/1.1" 200 45631
[INFO] 2026-07-24 18:36:45,305 basehttp 345319 124173043091136 "GET /admin/jsi18n/ HTTP/1.1" 200 3343
[INFO] 2026-07-24 18:36:47,295 basehttp 345319 124173043091136 "GET /admin/organizations/chamber/1/delete/ HTTP/1.1" 200 34751
[INFO] 2026-07-24 18:36:50,301 basehttp 345319 124173043091136 "GET /admin/organizations/union/1/change/ HTTP/1.1" 200 47815
[INFO] 2026-07-24 18:36:50,452 basehttp 345319 124173043091136 "GET /admin/jsi18n/ HTTP/1.1" 200 3343
[INFO] 2026-07-24 18:36:53,399 basehttp 345319 124173043091136 "GET /admin/organizations/union/1/delete/ HTTP/1.1" 200 34865
[INFO] 2026-07-24 18:36:56,164 basehttp 345319 124173043091136 "GET /admin/stores/store/1/change/ HTTP/1.1" 200 54840
[INFO] 2026-07-24 18:36:56,340 basehttp 345319 124173043091136 "GET /admin/jsi18n/ HTTP/1.1" 200 3343
[INFO] 2026-07-24 18:36:58,859 basehttp 345319 124173043091136 "GET /admin/stores/store/1/delete/ HTTP/1.1" 200 35097
[INFO] 2026-07-24 18:37:00,677 basehttp 345319 124173043091136 "POST /admin/stores/store/1/delete/ HTTP/1.1" 302 0
[INFO] 2026-07-24 18:37:01,660 basehttp 345319 124173043091136 "GET /admin/stores/store/ HTTP/1.1" 200 41202
[INFO] 2026-07-24 18:37:01,904 basehttp 345319 124173043091136 "GET /admin/jsi18n/ HTTP/1.1" 200 3343
[INFO] 2026-07-24 18:37:01,983 basehttp 345319 124173043091136 "GET /static/admin/img/icon-yes.svg HTTP/1.1" 304 0
[INFO] 2026-07-24 18:37:01,986 basehttp 345319 124173575763648 "GET /static/admin/img/sorting-icons.svg HTTP/1.1" 304 0
[INFO] 2026-07-24 18:37:05,718 basehttp 345319 124173043091136 "POST /admin/stores/store/ HTTP/1.1" 302 0
[INFO] 2026-07-24 18:37:06,586 basehttp 345319 124173043091136 "GET /admin/stores/store/ HTTP/1.1" 200 41013
[INFO] 2026-07-24 18:37:06,842 basehttp 345319 124173043091136 "GET /admin/jsi18n/ HTTP/1.1" 200 3343
[INFO] 2026-07-24 18:37:09,723 basehttp 345319 124173043091136 "GET /admin/stores/store/2/change/ HTTP/1.1" 200 54837
[INFO] 2026-07-24 18:37:09,968 basehttp 345319 124173043091136 "GET /admin/jsi18n/ HTTP/1.1" 200 3343
[INFO] 2026-07-24 18:37:12,528 basehttp 345319 124173043091136 "GET /admin/stores/store/2/delete/ HTTP/1.1" 200 35082
[INFO] 2026-07-24 18:37:14,118 basehttp 345319 124173043091136 "POST /admin/stores/store/2/delete/ HTTP/1.1" 302 0
[INFO] 2026-07-24 18:37:14,941 basehttp 345319 124173043091136 "GET /admin/stores/store/ HTTP/1.1" 200 37782
[INFO] 2026-07-24 18:37:15,196 basehttp 345319 124173043091136 "GET /admin/jsi18n/ HTTP/1.1" 200 3343
[INFO] 2026-07-24 18:37:20,498 basehttp 345319 124173043091136 "GET /admin/organizations/chamber/ HTTP/1.1" 200 39359
[INFO] 2026-07-24 18:37:20,622 basehttp 345319 124173043091136 "GET /admin/jsi18n/ HTTP/1.1" 200 3343
[INFO] 2026-07-24 18:37:22,330 basehttp 345319 124173043091136 "GET /admin/organizations/chamber/1/change/ HTTP/1.1" 200 45631
[INFO] 2026-07-24 18:37:22,547 basehttp 345319 124173043091136 "GET /admin/jsi18n/ HTTP/1.1" 200 3343
[INFO] 2026-07-24 18:37:24,175 basehttp 345319 124173043091136 "GET /admin/organizations/chamber/1/delete/ HTTP/1.1" 200 34751
[INFO] 2026-07-24 18:37:26,035 basehttp 345319 124173043091136 "GET /admin/organizations/union/1/change/ HTTP/1.1" 200 47815
[INFO] 2026-07-24 18:37:26,218 basehttp 345319 124173043091136 "GET /admin/jsi18n/ HTTP/1.1" 200 3343
[INFO] 2026-07-24 18:37:28,489 basehttp 345319 124173043091136 "GET /admin/organizations/union/1/delete/ HTTP/1.1" 200 35237
[INFO] 2026-07-24 18:37:30,429 basehttp 345319 124173043091136 "POST /admin/organizations/union/1/delete/ HTTP/1.1" 302 0
[INFO] 2026-07-24 18:37:30,911 basehttp 345319 124173043091136 "GET /admin/organizations/union/ HTTP/1.1" 200 37279
[INFO] 2026-07-24 18:37:31,123 basehttp 345319 124173043091136 "GET /admin/jsi18n/ HTTP/1.1" 200 3343
[INFO] 2026-07-24 18:37:35,068 basehttp 345319 124173043091136 "GET /admin/organizations/chamber/ HTTP/1.1" 200 39359
[INFO] 2026-07-24 18:37:35,221 basehttp 345319 124173043091136 "GET /admin/jsi18n/ HTTP/1.1" 200 3343
[INFO] 2026-07-24 18:37:37,527 basehttp 345319 124173043091136 "GET /admin/organizations/chamber/1/change/ HTTP/1.1" 200 45631
[INFO] 2026-07-24 18:37:37,757 basehttp 345319 124173043091136 "GET /admin/jsi18n/ HTTP/1.1" 200 3343
[INFO] 2026-07-24 18:37:39,363 basehttp 345319 124173043091136 "GET /admin/organizations/chamber/1/delete/ HTTP/1.1" 200 35154
[INFO] 2026-07-24 18:37:40,671 basehttp 345319 124173043091136 "POST /admin/organizations/chamber/1/delete/ HTTP/1.1" 302 0
[INFO] 2026-07-24 18:37:41,165 basehttp 345319 124173043091136 "GET /admin/organizations/chamber/ HTTP/1.1" 200 36908
[INFO] 2026-07-24 18:37:41,420 basehttp 345319 124173043091136 "GET /admin/jsi18n/ HTTP/1.1" 200 3343
[INFO] 2026-07-24 18:37:45,891 basehttp 345319 124173043091136 "GET /admin/organizations/chamber/add/ HTTP/1.1" 200 45175
[INFO] 2026-07-24 18:37:46,104 basehttp 345319 124173043091136 "GET /admin/jsi18n/ HTTP/1.1" 200 3343
[INFO] 2026-07-24 18:37:47,386 basehttp 345319 124173043091136 "GET /admin/autocomplete/?app_label=organizations&model_name=chamber&field_name=city HTTP/1.1" 200 220
[INFO] 2026-07-24 18:37:47,639 basehttp 345319 124173043091136 "GET /__debug__/history_sidebar/?store_id=4e954c38536942dbae0ae43bd586b408 HTTP/1.1" 200 10298
[INFO] 2026-07-24 18:37:59,215 basehttp 345319 124173043091136 "GET /admin/autocomplete/?app_label=organizations&model_name=chamber&field_name=manager HTTP/1.1" 200 46
[INFO] 2026-07-24 18:37:59,464 basehttp 345319 124173043091136 "GET /__debug__/history_sidebar/?store_id=eab623a2ae794f85b23799d70ee56b90 HTTP/1.1" 200 10301
[INFO] 2026-07-24 18:38:26,940 signals 345319 124173043091136 Chamber created: اتاق اصناف شهرستان همدان in city: همدان
[INFO] 2026-07-24 18:38:27,133 basehttp 345319 124173043091136 "POST /admin/organizations/chamber/add/ HTTP/1.1" 302 0
[INFO] 2026-07-24 18:38:27,618 basehttp 345319 124173043091136 "GET /admin/organizations/chamber/ HTTP/1.1" 200 39643
[INFO] 2026-07-24 18:38:27,911 basehttp 345319 124173043091136 "GET /admin/jsi18n/ HTTP/1.1" 200 3343
[INFO] 2026-07-24 18:38:35,956 basehttp 345319 124173584156352 "GET /api/v1/auth/me/ HTTP/1.1" 200 408
[INFO] 2026-07-24 18:38:36,054 basehttp 345319 124173584156352 "GET /api/v1/auth/me/ HTTP/1.1" 200 408
[INFO] 2026-07-24 18:38:36,467 basehttp 345319 124173584156352 "GET /api/v1/geography/cities/?page_size=500 HTTP/1.1" 200 141
[INFO] 2026-07-24 18:38:36,659 basehttp 345319 124173554783936 "GET /api/v1/organizations/chambers/?page=1&page_size=9 HTTP/1.1" 200 306
[INFO] 2026-07-24 18:38:36,890 basehttp 345319 124173584156352 "GET /api/v1/geography/cities/?page_size=500 HTTP/1.1" 200 141
[INFO] 2026-07-24 18:38:37,030 basehttp 345319 124173554783936 "GET /api/v1/organizations/chambers/?page=1&page_size=9 HTTP/1.1" 200 306
[INFO] 2026-07-24 18:38:54,088 basehttp 345319 124173584156352 "GET /api/v1/geography/cities/?page=1&page_size=15 HTTP/1.1" 200 141
[INFO] 2026-07-24 18:38:54,316 basehttp 345319 124173554783936 "GET /api/v1/geography/provinces/?page_size=100 HTTP/1.1" 200 152
[INFO] 2026-07-24 18:38:54,556 basehttp 345319 124173584156352 "GET /api/v1/geography/cities/?page=1&page_size=15 HTTP/1.1" 200 141
[INFO] 2026-07-24 18:38:54,652 basehttp 345319 124173554783936 "GET /api/v1/geography/provinces/?page_size=100 HTTP/1.1" 200 152
[INFO] 2026-07-24 18:39:01,641 basehttp 345319 124173554783936 "OPTIONS /api/v1/geography/cities/ HTTP/1.1" 200 0
[INFO] 2026-07-24 18:39:01,780 base_service 345319 124173554783936 City created: ملایر in همدان
[INFO] 2026-07-24 18:39:02,049 basehttp 345319 124173554783936 "POST /api/v1/geography/cities/ HTTP/1.1" 201 283
[INFO] 2026-07-24 18:39:02,253 basehttp 345319 124173554783936 "GET /api/v1/geography/cities/?page=1&page_size=15 HTTP/1.1" 200 199
[INFO] 2026-07-24 18:39:05,803 basehttp 345319 124173554783936 "GET /api/v1/geography/cities/?page_size=500 HTTP/1.1" 200 199
[INFO] 2026-07-24 18:39:06,306 basehttp 345319 124173584156352 "GET /api/v1/organizations/chambers/?page=1&page_size=9 HTTP/1.1" 200 306
[INFO] 2026-07-24 18:39:06,622 basehttp 345319 124173554783936 "GET /api/v1/geography/cities/?page_size=500 HTTP/1.1" 200 199
[INFO] 2026-07-24 18:39:06,726 basehttp 345319 124173584156352 "GET /api/v1/organizations/chambers/?page=1&page_size=9 HTTP/1.1" 200 306
[INFO] 2026-07-24 18:39:40,528 signals 345319 124173584156352 Chamber created: اتاق اصناف شهرستان ملایر in city: ملایر
[INFO] 2026-07-24 18:39:40,529 base_service 345319 124173584156352 Chamber created: اتاق اصناف شهرستان ملایر in city: ملایر
[INFO] 2026-07-24 18:39:40,851 basehttp 345319 124173584156352 "POST /api/v1/organizations/chambers/ HTTP/1.1" 201 580
[INFO] 2026-07-24 18:39:41,258 basehttp 345319 124173584156352 "GET /api/v1/organizations/chambers/?page=1&page_size=9 HTTP/1.1" 200 504
[INFO] 2026-07-24 18:39:56,483 basehttp 345319 124173584156352 "GET /api/v1/geography/provinces/?page_size=100 HTTP/1.1" 200 152
[INFO] 2026-07-24 18:39:56,760 basehttp 345319 124173554783936 "GET /api/v1/geography/cities/?page=1&page_size=15 HTTP/1.1" 200 199
[INFO] 2026-07-24 18:39:57,178 basehttp 345319 124173584156352 "GET /api/v1/geography/provinces/?page_size=100 HTTP/1.1" 200 152
[INFO] 2026-07-24 18:39:57,313 basehttp 345319 124173554783936 "GET /api/v1/geography/cities/?page=1&page_size=15 HTTP/1.1" 200 199
[INFO] 2026-07-24 18:40:19,516 base_service 345319 124173554783936 City created: بهار in همدان
[INFO] 2026-07-24 18:40:19,773 basehttp 345319 124173554783936 "POST /api/v1/geography/cities/ HTTP/1.1" 201 281
[INFO] 2026-07-24 18:40:19,924 basehttp 345319 124173554783936 "GET /api/v1/geography/cities/?page=1&page_size=15 HTTP/1.1" 200 255
[INFO] 2026-07-24 18:40:23,467 basehttp 345319 124173554783936 "GET /api/v1/geography/cities/?page_size=500 HTTP/1.1" 200 255
[INFO] 2026-07-24 18:40:23,816 basehttp 345319 124173584156352 "GET /api/v1/organizations/chambers/?page=1&page_size=9 HTTP/1.1" 200 504
[INFO] 2026-07-24 18:40:24,067 basehttp 345319 124173554783936 "GET /api/v1/geography/cities/?page_size=500 HTTP/1.1" 200 255
[INFO] 2026-07-24 18:40:24,350 basehttp 345319 124173584156352 "GET /api/v1/organizations/chambers/?page=1&page_size=9 HTTP/1.1" 200 504
[INFO] 2026-07-24 18:41:16,885 signals 345319 124173584156352 Chamber created: اتاق اصناف شهرستان بهار in city: بهار
[INFO] 2026-07-24 18:41:16,885 base_service 345319 124173584156352 Chamber created: اتاق اصناف شهرستان بهار in city: بهار
[INFO] 2026-07-24 18:41:17,108 basehttp 345319 124173584156352 "POST /api/v1/organizations/chambers/ HTTP/1.1" 201 566
[INFO] 2026-07-24 18:41:17,427 basehttp 345319 124173584156352 "GET /api/v1/organizations/chambers/?page=1&page_size=9 HTTP/1.1" 200 698
[INFO] 2026-07-24 18:42:09,506 basehttp 345319 124173584156352 "GET /api/v1/geography/provinces/?page_size=100 HTTP/1.1" 200 152
[INFO] 2026-07-24 18:42:09,741 basehttp 345319 124173554783936 "GET /api/v1/geography/cities/?page=1&page_size=15 HTTP/1.1" 200 255
[INFO] 2026-07-24 18:42:10,059 basehttp 345319 124173584156352 "GET /api/v1/geography/provinces/?page_size=100 HTTP/1.1" 200 152
[INFO] 2026-07-24 18:42:10,155 basehttp 345319 124173554783936 "GET /api/v1/geography/cities/?page=1&page_size=15 HTTP/1.1" 200 255
[INFO] 2026-07-24 18:42:18,826 base_service 345319 124173554783936 City created: رزن in همدان
[INFO] 2026-07-24 18:42:19,158 basehttp 345319 124173554783936 "POST /api/v1/geography/cities/ HTTP/1.1" 201 279
[INFO] 2026-07-24 18:42:19,346 basehttp 345319 124173554783936 "GET /api/v1/geography/cities/?page=1&page_size=15 HTTP/1.1" 200 309
[INFO] 2026-07-24 18:42:37,221 base_service 345319 124173554783936 City created: فامنین in همدان
[INFO] 2026-07-24 18:42:37,402 basehttp 345319 124173554783936 "POST /api/v1/geography/cities/ HTTP/1.1" 201 285
[INFO] 2026-07-24 18:42:37,609 basehttp 345319 124173554783936 "GET /api/v1/geography/cities/?page=1&page_size=15 HTTP/1.1" 200 369
[INFO] 2026-07-24 18:42:54,937 base_service 345319 124173554783936 City created: اسد آباد in همدان
[INFO] 2026-07-24 18:42:55,251 basehttp 345319 124173554783936 "POST /api/v1/geography/cities/ HTTP/1.1" 201 288
[INFO] 2026-07-24 18:42:55,495 basehttp 345319 124173554783936 "GET /api/v1/geography/cities/?page=1&page_size=15 HTTP/1.1" 200 432
[INFO] 2026-07-24 18:43:08,258 base_service 345319 124173554783936 City created: کبودر آهنگ in همدان
[INFO] 2026-07-24 18:43:08,518 basehttp 345319 124173554783936 "POST /api/v1/geography/cities/ HTTP/1.1" 201 292
[INFO] 2026-07-24 18:43:08,758 basehttp 345319 124173554783936 "GET /api/v1/geography/cities/?page=1&page_size=15 HTTP/1.1" 200 499
[INFO] 2026-07-24 18:43:17,924 base_service 345319 124173554783936 City created: تویسرکان in همدان
[INFO] 2026-07-24 18:43:18,193 basehttp 345319 124173554783936 "POST /api/v1/geography/cities/ HTTP/1.1" 201 289
[INFO] 2026-07-24 18:43:18,400 basehttp 345319 124173554783936 "GET /api/v1/geography/cities/?page=1&page_size=15 HTTP/1.1" 200 563
[INFO] 2026-07-24 18:43:26,455 base_service 345319 124173554783936 City created: نهاوند in همدان
[INFO] 2026-07-24 18:43:26,737 basehttp 345319 124173554783936 "POST /api/v1/geography/cities/ HTTP/1.1" 201 286
[INFO] 2026-07-24 18:43:26,943 basehttp 345319 124173554783936 "GET /api/v1/geography/cities/?page=1&page_size=15 HTTP/1.1" 200 624
[INFO] 2026-07-24 18:43:31,193 basehttp 345319 124173554783936 "GET /api/v1/geography/cities/?page_size=500 HTTP/1.1" 200 624
[INFO] 2026-07-24 18:43:31,427 basehttp 345319 124173584156352 "GET /api/v1/organizations/chambers/?page=1&page_size=9 HTTP/1.1" 200 698
[INFO] 2026-07-24 18:43:31,775 basehttp 345319 124173554783936 "GET /api/v1/geography/cities/?page_size=500 HTTP/1.1" 200 624
[INFO] 2026-07-24 18:43:32,019 basehttp 345319 124173584156352 "GET /api/v1/organizations/chambers/?page=1&page_size=9 HTTP/1.1" 200 698
[INFO] 2026-07-24 18:44:11,304 signals 345319 124173584156352 Chamber created: اتاق اصناف شهرستان رزن in city: رزن
[INFO] 2026-07-24 18:44:11,305 base_service 345319 124173584156352 Chamber created: اتاق اصناف شهرستان رزن in city: رزن
[INFO] 2026-07-24 18:44:11,545 basehttp 345319 124173584156352 "POST /api/v1/organizations/chambers/ HTTP/1.1" 201 592
[INFO] 2026-07-24 18:44:11,822 basehttp 345319 124173584156352 "GET /api/v1/organizations/chambers/?page=1&page_size=9 HTTP/1.1" 200 888
[INFO] 2026-07-24 18:45:55,495 signals 345319 124173584156352 Chamber created: اتاق اصناف شهرستان فامنین in city: فامنین
[INFO] 2026-07-24 18:45:55,496 base_service 345319 124173584156352 Chamber created: اتاق اصناف شهرستان فامنین in city: فامنین
[INFO] 2026-07-24 18:45:55,885 basehttp 345319 124173584156352 "POST /api/v1/organizations/chambers/ HTTP/1.1" 201 612
[INFO] 2026-07-24 18:45:56,390 basehttp 345319 124173584156352 "GET /api/v1/organizations/chambers/?page=1&page_size=9 HTTP/1.1" 200 1090
[INFO] 2026-07-24 18:46:37,757 signals 345319 124173584156352 Chamber created: اتاق اصناف شهرستان اسدآباد in city: اسد آباد
[INFO] 2026-07-24 18:46:37,758 base_service 345319 124173584156352 Chamber created: اتاق اصناف شهرستان اسدآباد in city: اسد آباد
[INFO] 2026-07-24 18:46:38,029 basehttp 345319 124173584156352 "POST /api/v1/organizations/chambers/ HTTP/1.1" 201 600
[INFO] 2026-07-24 18:46:38,800 basehttp 345319 124173584156352 "GET /api/v1/organizations/chambers/?page=1&page_size=9 HTTP/1.1" 200 1297
[INFO] 2026-07-24 18:47:14,783 signals 345319 124173584156352 Chamber created: اتاق اصناف شهرستان کبودر آهنگ in city: کبودر آهنگ
[INFO] 2026-07-24 18:47:14,784 base_service 345319 124173584156352 Chamber created: اتاق اصناف شهرستان کبودر آهنگ in city: کبودر آهنگ
[INFO] 2026-07-24 18:47:15,033 basehttp 345319 124173584156352 "POST /api/v1/organizations/chambers/ HTTP/1.1" 201 609
[INFO] 2026-07-24 18:47:15,592 basehttp 345319 124173584156352 "GET /api/v1/organizations/chambers/?page=1&page_size=9 HTTP/1.1" 200 1513
[WARNING] 2026-07-24 18:48:37,785 log 345319 124173584156352 Bad Request: /api/v1/organizations/chambers/
[WARNING] 2026-07-24 18:48:37,786 basehttp 345319 124173584156352 "POST /api/v1/organizations/chambers/ HTTP/1.1" 400 134
[WARNING] 2026-07-24 18:48:51,799 log 345319 124173584156352 Bad Request: /api/v1/organizations/chambers/
[WARNING] 2026-07-24 18:48:51,801 basehttp 345319 124173584156352 "POST /api/v1/organizations/chambers/ HTTP/1.1" 400 134
[WARNING] 2026-07-24 18:49:20,084 log 345319 124173584156352 Bad Request: /api/v1/organizations/chambers/
[WARNING] 2026-07-24 18:49:20,085 basehttp 345319 124173584156352 "POST /api/v1/organizations/chambers/ HTTP/1.1" 400 134
[INFO] 2026-07-24 18:49:26,857 basehttp 345319 124173584156352 "GET /api/v1/auth/me/ HTTP/1.1" 200 408
[INFO] 2026-07-24 18:49:26,975 basehttp 345319 124173584156352 "GET /api/v1/auth/me/ HTTP/1.1" 200 408
[INFO] 2026-07-24 18:49:27,284 basehttp 345319 124173584156352 "GET /api/v1/geography/cities/?page_size=500 HTTP/1.1" 200 624
[INFO] 2026-07-24 18:49:27,472 basehttp 345319 124173584156352 "GET /api/v1/geography/cities/?page_size=500 HTTP/1.1" 200 624
[INFO] 2026-07-24 18:49:27,651 basehttp 345319 124173554783936 "GET /api/v1/organizations/chambers/?page=1&page_size=9 HTTP/1.1" 200 1513
[INFO] 2026-07-24 18:49:28,035 basehttp 345319 124173554783936 "GET /api/v1/organizations/chambers/?page=1&page_size=9 HTTP/1.1" 200 1513
[INFO] 2026-07-24 18:54:31,246 basehttp 345319 124173584156352 "GET /api/v1/auth/me/ HTTP/1.1" 200 408
[INFO] 2026-07-24 18:54:31,409 basehttp 345319 124173584156352 "GET /api/v1/auth/me/ HTTP/1.1" 200 408
[INFO] 2026-07-24 18:54:31,872 basehttp 345319 124173584156352 "GET /api/v1/geography/cities/?page_size=500 HTTP/1.1" 200 624
[INFO] 2026-07-24 18:54:32,178 basehttp 345319 124173584156352 "GET /api/v1/geography/cities/?page_size=500 HTTP/1.1" 200 624
[INFO] 2026-07-24 18:54:32,477 basehttp 345319 124173554783936 "GET /api/v1/organizations/chambers/?page=1&page_size=9 HTTP/1.1" 200 1513
[INFO] 2026-07-24 18:54:32,846 basehttp 345319 124173554783936 "GET /api/v1/organizations/chambers/?page=1&page_size=9 HTTP/1.1" 200 1513
[INFO] 2026-07-24 18:55:21,355 signals 345319 124173554783936 Chamber created: اتاق اصناف شهرستان تویسرکان in city: تویسرکان
[INFO] 2026-07-24 18:55:21,356 base_service 345319 124173554783936 Chamber created: اتاق اصناف شهرستان تویسرکان in city: تویسرکان
[INFO] 2026-07-24 18:55:21,537 basehttp 345319 124173554783936 "POST /api/v1/organizations/chambers/ HTTP/1.1" 201 618
[INFO] 2026-07-24 18:55:22,023 basehttp 345319 124173554783936 "GET /api/v1/organizations/chambers/?page=1&page_size=9 HTTP/1.1" 200 1723
[INFO] 2026-07-24 18:56:34,621 signals 345319 124173554783936 Chamber created: اتاق اصناف شهرستان نهاوند in city: نهاوند
[INFO] 2026-07-24 18:56:34,622 base_service 345319 124173554783936 Chamber created: اتاق اصناف شهرستان نهاوند in city: نهاوند
[INFO] 2026-07-24 18:56:34,959 basehttp 345319 124173554783936 "POST /api/v1/organizations/chambers/ HTTP/1.1" 201 592
[INFO] 2026-07-24 18:56:35,650 basehttp 345319 124173554783936 "GET /api/v1/organizations/chambers/?page=1&page_size=9 HTTP/1.1" 200 1927
[INFO] 2026-07-24 18:56:55,490 basehttp 345319 124173584156352 "GET /api/v1/organizations/unions/?page=1&page_size=9 HTTP/1.1" 200 109
[INFO] 2026-07-24 18:56:56,061 basehttp 345319 124173584156352 "GET /api/v1/organizations/unions/?page=1&page_size=9 HTTP/1.1" 200 109
[INFO] 2026-07-24 18:56:56,156 basehttp 345319 124173554783936 "GET /api/v1/organizations/chambers/?page_size=500 HTTP/1.1" 200 1927
[INFO] 2026-07-24 18:56:56,505 basehttp 345319 124173554783936 "GET /api/v1/organizations/chambers/?page_size=500 HTTP/1.1" 200 1927
[INFO] 2026-07-24 18:56:59,599 basehttp 345319 124173554783936 "GET /api/v1/geography/cities/?page_size=500 HTTP/1.1" 200 624
[INFO] 2026-07-24 18:57:00,011 basehttp 345319 124173584156352 "GET /api/v1/organizations/chambers/?page=1&page_size=9 HTTP/1.1" 200 1927
[INFO] 2026-07-24 18:57:00,277 basehttp 345319 124173554783936 "GET /api/v1/geography/cities/?page_size=500 HTTP/1.1" 200 624
[INFO] 2026-07-24 18:57:00,714 basehttp 345319 124173584156352 "GET /api/v1/organizations/chambers/?page=1&page_size=9 HTTP/1.1" 200 1927
[INFO] 2026-07-24 18:57:03,687 basehttp 345319 124173554783936 "OPTIONS /api/v1/organizations/chambers/10/unions/ HTTP/1.1" 200 0
[INFO] 2026-07-24 18:57:03,688 basehttp 345319 124173584156352 "OPTIONS /api/v1/organizations/chambers/10/unions/ HTTP/1.1" 200 0
[INFO] 2026-07-24 18:57:03,931 basehttp 345319 124173554783936 "GET /api/v1/organizations/chambers/10/unions/ HTTP/1.1" 200 26
[INFO] 2026-07-24 18:57:04,151 basehttp 345319 124173554783936 "GET /api/v1/organizations/chambers/10/unions/ HTTP/1.1" 200 26
[INFO] 2026-07-24 18:58:28,845 basehttp 345319 124173554783936 "GET /api/v1/geography/provinces/ HTTP/1.1" 200 152
[INFO] 2026-07-24 18:58:29,076 basehttp 345319 124173584156352 "GET /api/v1/pricing/official-prices/?page=1&is_today=true HTTP/1.1" 200 109
[INFO] 2026-07-24 18:58:29,377 basehttp 345319 124173554783936 "GET /api/v1/geography/provinces/ HTTP/1.1" 200 152
[INFO] 2026-07-24 18:58:29,499 basehttp 345319 124173584156352 "GET /api/v1/pricing/official-prices/?page=1&is_today=true HTTP/1.1" 200 109
[INFO] 2026-07-24 18:58:32,103 basehttp 345319 124173584156352 "OPTIONS /api/v1/pricing/official-prices/?page=1 HTTP/1.1" 200 0
[INFO] 2026-07-24 18:58:32,366 basehttp 345319 124173584156352 "GET /api/v1/pricing/official-prices/?page=1 HTTP/1.1" 200 109
[INFO] 2026-07-24 18:58:33,511 basehttp 345319 124173584156352 "GET /api/v1/pricing/official-prices/?page=1&is_today=true HTTP/1.1" 200 109
[INFO] 2026-07-24 18:58:34,332 basehttp 345319 124173584156352 "GET /api/v1/pricing/official-prices/?page=1 HTTP/1.1" 200 109
[INFO] 2026-07-24 18:58:36,783 basehttp 345319 124173584156352 "GET /api/v1/pricing/official-prices/?page=1&is_today=true HTTP/1.1" 200 109
[INFO] 2026-07-24 18:58:53,307 basehttp 345319 124173584156352 "GET /api/v1/auth/me/ HTTP/1.1" 200 408
[INFO] 2026-07-24 18:58:53,557 basehttp 345319 124173584156352 "GET /api/v1/auth/me/ HTTP/1.1" 200 408
[INFO] 2026-07-24 18:58:54,071 basehttp 345319 124173554783936 "GET /api/v1/complaints/my/?page_size=5 HTTP/1.1" 200 2
[INFO] 2026-07-24 18:58:54,356 basehttp 345319 124173584156352 "GET /api/v1/stores/?page_size=1 HTTP/1.1" 200 109
[INFO] 2026-07-24 18:58:54,588 basehttp 345319 124173554783936 "GET /api/v1/complaints/my/?page_size=5 HTTP/1.1" 200 2
[INFO] 2026-07-24 18:58:54,706 basehttp 345319 124173584156352 "GET /api/v1/stores/?page_size=1 HTTP/1.1" 200 109
[INFO] 2026-07-24 18:59:01,583 basehttp 345319 124173554783936 "GET /api/v1/organizations/unions/?page=1&page_size=9 HTTP/1.1" 200 109
[INFO] 2026-07-24 18:59:02,212 basehttp 345319 124173554783936 "GET /api/v1/organizations/unions/?page=1&page_size=9 HTTP/1.1" 200 109
[INFO] 2026-07-24 18:59:02,355 basehttp 345319 124173584156352 "GET /api/v1/organizations/chambers/?page_size=500 HTTP/1.1" 200 1927
[INFO] 2026-07-24 18:59:02,866 basehttp 345319 124173584156352 "GET /api/v1/organizations/chambers/?page_size=500 HTTP/1.1" 200 1927
[INFO] 2026-07-24 19:01:11,568 basehttp 345319 124173584156352 "GET /api/v1/geography/cities/?page_size=500 HTTP/1.1" 200 624
[INFO] 2026-07-24 19:01:11,951 basehttp 345319 124173584156352 "GET /api/v1/geography/cities/?page_size=500 HTTP/1.1" 200 624
[INFO] 2026-07-24 19:01:12,229 basehttp 345319 124173554783936 "GET /api/v1/organizations/chambers/?page=1&page_size=9 HTTP/1.1" 200 1927
[INFO] 2026-07-24 19:01:12,824 basehttp 345319 124173554783936 "GET /api/v1/organizations/chambers/?page=1&page_size=9 HTTP/1.1" 200 1927
[INFO] 2026-07-24 19:02:31,911 basehttp 345319 124173584156352 "GET /api/v1/organizations/unions/?page=1&page_size=9 HTTP/1.1" 200 109
[INFO] 2026-07-24 19:02:32,257 basehttp 345319 124173584156352 "GET /api/v1/organizations/unions/?page=1&page_size=9 HTTP/1.1" 200 109
[INFO] 2026-07-24 19:02:32,536 basehttp 345319 124173554783936 "GET /api/v1/organizations/chambers/?page_size=500 HTTP/1.1" 200 1927
[INFO] 2026-07-24 19:02:33,198 basehttp 345319 124173554783936 "GET /api/v1/organizations/chambers/?page_size=500 HTTP/1.1" 200 1927
[INFO] 2026-07-24 19:06:18,575 basehttp 345319 124173554783936 "OPTIONS /api/v1/organizations/unions/ HTTP/1.1" 200 0
[INFO] 2026-07-24 19:06:18,684 signals 345319 124173554783936 Union created: اتحادیه صنف خواربار و بنکداران شهرستان همدان in chamber: اتاق اصناف شهرستان همدان
[INFO] 2026-07-24 19:06:18,685 base_service 345319 124173554783936 Union created: اتحادیه صنف خواربار و بنکداران شهرستان همدان in chamber: اتاق اصناف شهرستان همدان
[INFO] 2026-07-24 19:06:18,992 basehttp 345319 124173554783936 "POST /api/v1/organizations/unions/ HTTP/1.1" 201 921
[INFO] 2026-07-24 19:06:19,324 basehttp 345319 124173554783936 "GET /api/v1/organizations/unions/?page=1&page_size=9 HTTP/1.1" 200 409
[INFO] 2026-07-24 19:17:13,708 signals 345319 124173554783936 Union created: اتحادیه صنف قصابان in chamber: اتاق اصناف شهرستان همدان
[INFO] 2026-07-24 19:17:13,709 base_service 345319 124173554783936 Union created: اتحادیه صنف قصابان in chamber: اتاق اصناف شهرستان همدان
[INFO] 2026-07-24 19:17:13,982 basehttp 345319 124173554783936 "POST /api/v1/organizations/unions/ HTTP/1.1" 201 792
[INFO] 2026-07-24 19:17:14,394 basehttp 345319 124173554783936 "GET /api/v1/organizations/unions/?page=1&page_size=9 HTTP/1.1" 200 662
[ERROR] 2026-07-24 19:20:47,367 api_exceptions 345319 124173554783936 Unhandled exception occurred
Traceback (most recent call last):
  File "/home/nimamakhmali/Music/Nazer-Bazaar/backend/venv/lib/python3.12/site-packages/django/db/backends/utils.py", line 89, in _execute
    return self.cursor.execute(sql, params)
           ^^^^^^^^^^^^^^^^^^^^^^^^^^^^^^^^
psycopg2.errors.UniqueViolation: duplicate key value violates unique constraint "organizations_union_license_number_key"
DETAIL:  Key (license_number)=() already exists.


The above exception was the direct cause of the following exception:

Traceback (most recent call last):
  File "/home/nimamakhmali/Music/Nazer-Bazaar/backend/venv/lib/python3.12/site-packages/rest_framework/views.py", line 506, in dispatch
    response = handler(request, *args, **kwargs)
               ^^^^^^^^^^^^^^^^^^^^^^^^^^^^^^^^^
  File "/home/nimamakhmali/Music/Nazer-Bazaar/backend/apps/organizations/views/union_views.py", line 100, in post
    union = service.create(
            ^^^^^^^^^^^^^^^
  File "/home/nimamakhmali/Music/Nazer-Bazaar/backend/apps/organizations/services/union_service.py", line 71, in create
    union = Union.objects.create(
            ^^^^^^^^^^^^^^^^^^^^^
  File "/home/nimamakhmali/Music/Nazer-Bazaar/backend/venv/lib/python3.12/site-packages/django/db/models/manager.py", line 87, in manager_method
    return getattr(self.get_queryset(), name)(*args, **kwargs)
           ^^^^^^^^^^^^^^^^^^^^^^^^^^^^^^^^^^^^^^^^^^^^^^^^^^^
  File "/home/nimamakhmali/Music/Nazer-Bazaar/backend/venv/lib/python3.12/site-packages/django/db/models/query.py", line 658, in create
    obj.save(force_insert=True, using=self.db)
  File "/home/nimamakhmali/Music/Nazer-Bazaar/backend/venv/lib/python3.12/site-packages/django/db/models/base.py", line 814, in save
    self.save_base(
  File "/home/nimamakhmali/Music/Nazer-Bazaar/backend/venv/lib/python3.12/site-packages/django/db/models/base.py", line 877, in save_base
    updated = self._save_table(
              ^^^^^^^^^^^^^^^^^
  File "/home/nimamakhmali/Music/Nazer-Bazaar/backend/venv/lib/python3.12/site-packages/django/db/models/base.py", line 1020, in _save_table
    results = self._do_insert(
              ^^^^^^^^^^^^^^^^
  File "/home/nimamakhmali/Music/Nazer-Bazaar/backend/venv/lib/python3.12/site-packages/django/db/models/base.py", line 1061, in _do_insert
    return manager._insert(
           ^^^^^^^^^^^^^^^^
  File "/home/nimamakhmali/Music/Nazer-Bazaar/backend/venv/lib/python3.12/site-packages/django/db/models/manager.py", line 87, in manager_method
    return getattr(self.get_queryset(), name)(*args, **kwargs)
           ^^^^^^^^^^^^^^^^^^^^^^^^^^^^^^^^^^^^^^^^^^^^^^^^^^^
  File "/home/nimamakhmali/Music/Nazer-Bazaar/backend/venv/lib/python3.12/site-packages/django/db/models/query.py", line 1805, in _insert
    return query.get_compiler(using=using).execute_sql(returning_fields)
           ^^^^^^^^^^^^^^^^^^^^^^^^^^^^^^^^^^^^^^^^^^^^^^^^^^^^^^^^^^^^^
  File "/home/nimamakhmali/Music/Nazer-Bazaar/backend/venv/lib/python3.12/site-packages/django/db/models/sql/compiler.py", line 1822, in execute_sql
    cursor.execute(sql, params)
  File "/home/nimamakhmali/Music/Nazer-Bazaar/backend/venv/lib/python3.12/site-packages/debug_toolbar/panels/sql/tracking.py", line 235, in execute
    return self._record(super().execute, sql, params)
           ^^^^^^^^^^^^^^^^^^^^^^^^^^^^^^^^^^^^^^^^^^
  File "/home/nimamakhmali/Music/Nazer-Bazaar/backend/venv/lib/python3.12/site-packages/debug_toolbar/panels/sql/tracking.py", line 160, in _record
    return method(sql, params)
           ^^^^^^^^^^^^^^^^^^^
  File "/home/nimamakhmali/Music/Nazer-Bazaar/backend/venv/lib/python3.12/site-packages/django/db/backends/utils.py", line 102, in execute
    return super().execute(sql, params)
           ^^^^^^^^^^^^^^^^^^^^^^^^^^^^
  File "/home/nimamakhmali/Music/Nazer-Bazaar/backend/venv/lib/python3.12/site-packages/django/db/backends/utils.py", line 67, in execute
    return self._execute_with_wrappers(
           ^^^^^^^^^^^^^^^^^^^^^^^^^^^^
  File "/home/nimamakhmali/Music/Nazer-Bazaar/backend/venv/lib/python3.12/site-packages/django/db/backends/utils.py", line 80, in _execute_with_wrappers
    return executor(sql, params, many, context)
           ^^^^^^^^^^^^^^^^^^^^^^^^^^^^^^^^^^^^
  File "/home/nimamakhmali/Music/Nazer-Bazaar/backend/venv/lib/python3.12/site-packages/django/db/backends/utils.py", line 84, in _execute
    with self.db.wrap_database_errors:
  File "/home/nimamakhmali/Music/Nazer-Bazaar/backend/venv/lib/python3.12/site-packages/django/db/utils.py", line 91, in __exit__
    raise dj_exc_value.with_traceback(traceback) from exc_value
  File "/home/nimamakhmali/Music/Nazer-Bazaar/backend/venv/lib/python3.12/site-packages/django/db/backends/utils.py", line 89, in _execute
    return self.cursor.execute(sql, params)
           ^^^^^^^^^^^^^^^^^^^^^^^^^^^^^^^^
django.db.utils.IntegrityError: duplicate key value violates unique constraint "organizations_union_license_number_key"
DETAIL:  Key (license_number)=() already exists.

[ERROR] 2026-07-24 19:20:47,654 log 345319 124173554783936 Internal Server Error: /api/v1/organizations/unions/
[ERROR] 2026-07-24 19:20:47,655 basehttp 345319 124173554783936 "POST /api/v1/organizations/unions/ HTTP/1.1" 500 111
[ERROR] 2026-07-24 19:21:10,876 api_exceptions 345319 124173554783936 Unhandled exception occurred
Traceback (most recent call last):
  File "/home/nimamakhmali/Music/Nazer-Bazaar/backend/venv/lib/python3.12/site-packages/django/db/backends/utils.py", line 89, in _execute
    return self.cursor.execute(sql, params)
           ^^^^^^^^^^^^^^^^^^^^^^^^^^^^^^^^
psycopg2.errors.UniqueViolation: duplicate key value violates unique constraint "organizations_union_license_number_key"
DETAIL:  Key (license_number)=() already exists.


The above exception was the direct cause of the following exception:

Traceback (most recent call last):
  File "/home/nimamakhmali/Music/Nazer-Bazaar/backend/venv/lib/python3.12/site-packages/rest_framework/views.py", line 506, in dispatch
    response = handler(request, *args, **kwargs)
               ^^^^^^^^^^^^^^^^^^^^^^^^^^^^^^^^^
  File "/home/nimamakhmali/Music/Nazer-Bazaar/backend/apps/organizations/views/union_views.py", line 100, in post
    union = service.create(
            ^^^^^^^^^^^^^^^
  File "/home/nimamakhmali/Music/Nazer-Bazaar/backend/apps/organizations/services/union_service.py", line 71, in create
    union = Union.objects.create(
            ^^^^^^^^^^^^^^^^^^^^^
  File "/home/nimamakhmali/Music/Nazer-Bazaar/backend/venv/lib/python3.12/site-packages/django/db/models/manager.py", line 87, in manager_method
    return getattr(self.get_queryset(), name)(*args, **kwargs)
           ^^^^^^^^^^^^^^^^^^^^^^^^^^^^^^^^^^^^^^^^^^^^^^^^^^^
  File "/home/nimamakhmali/Music/Nazer-Bazaar/backend/venv/lib/python3.12/site-packages/django/db/models/query.py", line 658, in create
    obj.save(force_insert=True, using=self.db)
  File "/home/nimamakhmali/Music/Nazer-Bazaar/backend/venv/lib/python3.12/site-packages/django/db/models/base.py", line 814, in save
    self.save_base(
  File "/home/nimamakhmali/Music/Nazer-Bazaar/backend/venv/lib/python3.12/site-packages/django/db/models/base.py", line 877, in save_base
    updated = self._save_table(
              ^^^^^^^^^^^^^^^^^
  File "/home/nimamakhmali/Music/Nazer-Bazaar/backend/venv/lib/python3.12/site-packages/django/db/models/base.py", line 1020, in _save_table
    results = self._do_insert(
              ^^^^^^^^^^^^^^^^
  File "/home/nimamakhmali/Music/Nazer-Bazaar/backend/venv/lib/python3.12/site-packages/django/db/models/base.py", line 1061, in _do_insert
    return manager._insert(
           ^^^^^^^^^^^^^^^^
  File "/home/nimamakhmali/Music/Nazer-Bazaar/backend/venv/lib/python3.12/site-packages/django/db/models/manager.py", line 87, in manager_method
    return getattr(self.get_queryset(), name)(*args, **kwargs)
           ^^^^^^^^^^^^^^^^^^^^^^^^^^^^^^^^^^^^^^^^^^^^^^^^^^^
  File "/home/nimamakhmali/Music/Nazer-Bazaar/backend/venv/lib/python3.12/site-packages/django/db/models/query.py", line 1805, in _insert
    return query.get_compiler(using=using).execute_sql(returning_fields)
           ^^^^^^^^^^^^^^^^^^^^^^^^^^^^^^^^^^^^^^^^^^^^^^^^^^^^^^^^^^^^^
  File "/home/nimamakhmali/Music/Nazer-Bazaar/backend/venv/lib/python3.12/site-packages/django/db/models/sql/compiler.py", line 1822, in execute_sql
    cursor.execute(sql, params)
  File "/home/nimamakhmali/Music/Nazer-Bazaar/backend/venv/lib/python3.12/site-packages/debug_toolbar/panels/sql/tracking.py", line 235, in execute
    return self._record(super().execute, sql, params)
           ^^^^^^^^^^^^^^^^^^^^^^^^^^^^^^^^^^^^^^^^^^
  File "/home/nimamakhmali/Music/Nazer-Bazaar/backend/venv/lib/python3.12/site-packages/debug_toolbar/panels/sql/tracking.py", line 160, in _record
    return method(sql, params)
           ^^^^^^^^^^^^^^^^^^^
  File "/home/nimamakhmali/Music/Nazer-Bazaar/backend/venv/lib/python3.12/site-packages/django/db/backends/utils.py", line 102, in execute
    return super().execute(sql, params)
           ^^^^^^^^^^^^^^^^^^^^^^^^^^^^
  File "/home/nimamakhmali/Music/Nazer-Bazaar/backend/venv/lib/python3.12/site-packages/django/db/backends/utils.py", line 67, in execute
    return self._execute_with_wrappers(
           ^^^^^^^^^^^^^^^^^^^^^^^^^^^^
  File "/home/nimamakhmali/Music/Nazer-Bazaar/backend/venv/lib/python3.12/site-packages/django/db/backends/utils.py", line 80, in _execute_with_wrappers
    return executor(sql, params, many, context)
           ^^^^^^^^^^^^^^^^^^^^^^^^^^^^^^^^^^^^
  File "/home/nimamakhmali/Music/Nazer-Bazaar/backend/venv/lib/python3.12/site-packages/django/db/backends/utils.py", line 84, in _execute
    with self.db.wrap_database_errors:
  File "/home/nimamakhmali/Music/Nazer-Bazaar/backend/venv/lib/python3.12/site-packages/django/db/utils.py", line 91, in __exit__
    raise dj_exc_value.with_traceback(traceback) from exc_value
  File "/home/nimamakhmali/Music/Nazer-Bazaar/backend/venv/lib/python3.12/site-packages/django/db/backends/utils.py", line 89, in _execute
    return self.cursor.execute(sql, params)
           ^^^^^^^^^^^^^^^^^^^^^^^^^^^^^^^^
django.db.utils.IntegrityError: duplicate key value violates unique constraint "organizations_union_license_number_key"
DETAIL:  Key (license_number)=() already exists.

[ERROR] 2026-07-24 19:21:11,099 log 345319 124173554783936 Internal Server Error: /api/v1/organizations/unions/
[ERROR] 2026-07-24 19:21:11,100 basehttp 345319 124173554783936 "POST /api/v1/organizations/unions/ HTTP/1.1" 500 111
[INFO] 2026-07-24 19:21:20,310 basehttp 345319 124173554783936 "GET /api/v1/auth/me/ HTTP/1.1" 200 408
[INFO] 2026-07-24 19:21:20,543 basehttp 345319 124173554783936 "GET /api/v1/auth/me/ HTTP/1.1" 200 408
[INFO] 2026-07-24 19:21:21,408 basehttp 345319 124173584156352 "GET /api/v1/organizations/unions/?page=1&page_size=9 HTTP/1.1" 200 662
[INFO] 2026-07-24 19:21:22,066 basehttp 345319 124173554783936 "GET /api/v1/organizations/chambers/?page_size=500 HTTP/1.1" 200 1927
[INFO] 2026-07-24 19:21:22,478 basehttp 345319 124173584156352 "GET /api/v1/organizations/unions/?page=1&page_size=9 HTTP/1.1" 200 662
[INFO] 2026-07-24 19:21:22,945 basehttp 345319 124173554783936 "GET /api/v1/organizations/chambers/?page_size=500 HTTP/1.1" 200 1927
[ERROR] 2026-07-24 19:22:33,313 api_exceptions 345319 124173554783936 Unhandled exception occurred
Traceback (most recent call last):
  File "/home/nimamakhmali/Music/Nazer-Bazaar/backend/venv/lib/python3.12/site-packages/django/db/backends/utils.py", line 89, in _execute
    return self.cursor.execute(sql, params)
           ^^^^^^^^^^^^^^^^^^^^^^^^^^^^^^^^
psycopg2.errors.UniqueViolation: duplicate key value violates unique constraint "organizations_union_license_number_key"
DETAIL:  Key (license_number)=() already exists.


The above exception was the direct cause of the following exception:

Traceback (most recent call last):
  File "/home/nimamakhmali/Music/Nazer-Bazaar/backend/venv/lib/python3.12/site-packages/rest_framework/views.py", line 506, in dispatch
    response = handler(request, *args, **kwargs)
               ^^^^^^^^^^^^^^^^^^^^^^^^^^^^^^^^^
  File "/home/nimamakhmali/Music/Nazer-Bazaar/backend/apps/organizations/views/union_views.py", line 100, in post
    union = service.create(
            ^^^^^^^^^^^^^^^
  File "/home/nimamakhmali/Music/Nazer-Bazaar/backend/apps/organizations/services/union_service.py", line 71, in create
    union = Union.objects.create(
            ^^^^^^^^^^^^^^^^^^^^^
  File "/home/nimamakhmali/Music/Nazer-Bazaar/backend/venv/lib/python3.12/site-packages/django/db/models/manager.py", line 87, in manager_method
    return getattr(self.get_queryset(), name)(*args, **kwargs)
           ^^^^^^^^^^^^^^^^^^^^^^^^^^^^^^^^^^^^^^^^^^^^^^^^^^^
  File "/home/nimamakhmali/Music/Nazer-Bazaar/backend/venv/lib/python3.12/site-packages/django/db/models/query.py", line 658, in create
    obj.save(force_insert=True, using=self.db)
  File "/home/nimamakhmali/Music/Nazer-Bazaar/backend/venv/lib/python3.12/site-packages/django/db/models/base.py", line 814, in save
    self.save_base(
  File "/home/nimamakhmali/Music/Nazer-Bazaar/backend/venv/lib/python3.12/site-packages/django/db/models/base.py", line 877, in save_base
    updated = self._save_table(
              ^^^^^^^^^^^^^^^^^
  File "/home/nimamakhmali/Music/Nazer-Bazaar/backend/venv/lib/python3.12/site-packages/django/db/models/base.py", line 1020, in _save_table
    results = self._do_insert(
              ^^^^^^^^^^^^^^^^
  File "/home/nimamakhmali/Music/Nazer-Bazaar/backend/venv/lib/python3.12/site-packages/django/db/models/base.py", line 1061, in _do_insert
    return manager._insert(
           ^^^^^^^^^^^^^^^^
  File "/home/nimamakhmali/Music/Nazer-Bazaar/backend/venv/lib/python3.12/site-packages/django/db/models/manager.py", line 87, in manager_method
    return getattr(self.get_queryset(), name)(*args, **kwargs)
           ^^^^^^^^^^^^^^^^^^^^^^^^^^^^^^^^^^^^^^^^^^^^^^^^^^^
  File "/home/nimamakhmali/Music/Nazer-Bazaar/backend/venv/lib/python3.12/site-packages/django/db/models/query.py", line 1805, in _insert
    return query.get_compiler(using=using).execute_sql(returning_fields)
           ^^^^^^^^^^^^^^^^^^^^^^^^^^^^^^^^^^^^^^^^^^^^^^^^^^^^^^^^^^^^^
  File "/home/nimamakhmali/Music/Nazer-Bazaar/backend/venv/lib/python3.12/site-packages/django/db/models/sql/compiler.py", line 1822, in execute_sql
    cursor.execute(sql, params)
  File "/home/nimamakhmali/Music/Nazer-Bazaar/backend/venv/lib/python3.12/site-packages/debug_toolbar/panels/sql/tracking.py", line 235, in execute
    return self._record(super().execute, sql, params)
           ^^^^^^^^^^^^^^^^^^^^^^^^^^^^^^^^^^^^^^^^^^
  File "/home/nimamakhmali/Music/Nazer-Bazaar/backend/venv/lib/python3.12/site-packages/debug_toolbar/panels/sql/tracking.py", line 160, in _record
    return method(sql, params)
           ^^^^^^^^^^^^^^^^^^^
  File "/home/nimamakhmali/Music/Nazer-Bazaar/backend/venv/lib/python3.12/site-packages/django/db/backends/utils.py", line 102, in execute
    return super().execute(sql, params)
           ^^^^^^^^^^^^^^^^^^^^^^^^^^^^
  File "/home/nimamakhmali/Music/Nazer-Bazaar/backend/venv/lib/python3.12/site-packages/django/db/backends/utils.py", line 67, in execute
    return self._execute_with_wrappers(
           ^^^^^^^^^^^^^^^^^^^^^^^^^^^^
  File "/home/nimamakhmali/Music/Nazer-Bazaar/backend/venv/lib/python3.12/site-packages/django/db/backends/utils.py", line 80, in _execute_with_wrappers
    return executor(sql, params, many, context)
           ^^^^^^^^^^^^^^^^^^^^^^^^^^^^^^^^^^^^
  File "/home/nimamakhmali/Music/Nazer-Bazaar/backend/venv/lib/python3.12/site-packages/django/db/backends/utils.py", line 84, in _execute
    with self.db.wrap_database_errors:
  File "/home/nimamakhmali/Music/Nazer-Bazaar/backend/venv/lib/python3.12/site-packages/django/db/utils.py", line 91, in __exit__
    raise dj_exc_value.with_traceback(traceback) from exc_value
  File "/home/nimamakhmali/Music/Nazer-Bazaar/backend/venv/lib/python3.12/site-packages/django/db/backends/utils.py", line 89, in _execute
    return self.cursor.execute(sql, params)
           ^^^^^^^^^^^^^^^^^^^^^^^^^^^^^^^^
django.db.utils.IntegrityError: duplicate key value violates unique constraint "organizations_union_license_number_key"
DETAIL:  Key (license_number)=() already exists.

[ERROR] 2026-07-24 19:22:33,517 log 345319 124173554783936 Internal Server Error: /api/v1/organizations/unions/
[ERROR] 2026-07-24 19:22:33,518 basehttp 345319 124173554783936 "POST /api/v1/organizations/unions/ HTTP/1.1" 500 111
[ERROR] 2026-07-24 19:22:49,646 api_exceptions 345319 124173554783936 Unhandled exception occurred
Traceback (most recent call last):
  File "/home/nimamakhmali/Music/Nazer-Bazaar/backend/venv/lib/python3.12/site-packages/django/db/backends/utils.py", line 89, in _execute
    return self.cursor.execute(sql, params)
           ^^^^^^^^^^^^^^^^^^^^^^^^^^^^^^^^
psycopg2.errors.UniqueViolation: duplicate key value violates unique constraint "organizations_union_license_number_key"
DETAIL:  Key (license_number)=() already exists.


The above exception was the direct cause of the following exception:

Traceback (most recent call last):
  File "/home/nimamakhmali/Music/Nazer-Bazaar/backend/venv/lib/python3.12/site-packages/rest_framework/views.py", line 506, in dispatch
    response = handler(request, *args, **kwargs)
               ^^^^^^^^^^^^^^^^^^^^^^^^^^^^^^^^^
  File "/home/nimamakhmali/Music/Nazer-Bazaar/backend/apps/organizations/views/union_views.py", line 100, in post
    union = service.create(
            ^^^^^^^^^^^^^^^
  File "/home/nimamakhmali/Music/Nazer-Bazaar/backend/apps/organizations/services/union_service.py", line 71, in create
    union = Union.objects.create(
            ^^^^^^^^^^^^^^^^^^^^^
  File "/home/nimamakhmali/Music/Nazer-Bazaar/backend/venv/lib/python3.12/site-packages/django/db/models/manager.py", line 87, in manager_method
    return getattr(self.get_queryset(), name)(*args, **kwargs)
           ^^^^^^^^^^^^^^^^^^^^^^^^^^^^^^^^^^^^^^^^^^^^^^^^^^^
  File "/home/nimamakhmali/Music/Nazer-Bazaar/backend/venv/lib/python3.12/site-packages/django/db/models/query.py", line 658, in create
    obj.save(force_insert=True, using=self.db)
  File "/home/nimamakhmali/Music/Nazer-Bazaar/backend/venv/lib/python3.12/site-packages/django/db/models/base.py", line 814, in save
    self.save_base(
  File "/home/nimamakhmali/Music/Nazer-Bazaar/backend/venv/lib/python3.12/site-packages/django/db/models/base.py", line 877, in save_base
    updated = self._save_table(
              ^^^^^^^^^^^^^^^^^
  File "/home/nimamakhmali/Music/Nazer-Bazaar/backend/venv/lib/python3.12/site-packages/django/db/models/base.py", line 1020, in _save_table
    results = self._do_insert(
              ^^^^^^^^^^^^^^^^
  File "/home/nimamakhmali/Music/Nazer-Bazaar/backend/venv/lib/python3.12/site-packages/django/db/models/base.py", line 1061, in _do_insert
    return manager._insert(
           ^^^^^^^^^^^^^^^^
  File "/home/nimamakhmali/Music/Nazer-Bazaar/backend/venv/lib/python3.12/site-packages/django/db/models/manager.py", line 87, in manager_method
    return getattr(self.get_queryset(), name)(*args, **kwargs)
           ^^^^^^^^^^^^^^^^^^^^^^^^^^^^^^^^^^^^^^^^^^^^^^^^^^^
  File "/home/nimamakhmali/Music/Nazer-Bazaar/backend/venv/lib/python3.12/site-packages/django/db/models/query.py", line 1805, in _insert
    return query.get_compiler(using=using).execute_sql(returning_fields)
           ^^^^^^^^^^^^^^^^^^^^^^^^^^^^^^^^^^^^^^^^^^^^^^^^^^^^^^^^^^^^^
  File "/home/nimamakhmali/Music/Nazer-Bazaar/backend/venv/lib/python3.12/site-packages/django/db/models/sql/compiler.py", line 1822, in execute_sql
    cursor.execute(sql, params)
  File "/home/nimamakhmali/Music/Nazer-Bazaar/backend/venv/lib/python3.12/site-packages/debug_toolbar/panels/sql/tracking.py", line 235, in execute
    return self._record(super().execute, sql, params)
           ^^^^^^^^^^^^^^^^^^^^^^^^^^^^^^^^^^^^^^^^^^
  File "/home/nimamakhmali/Music/Nazer-Bazaar/backend/venv/lib/python3.12/site-packages/debug_toolbar/panels/sql/tracking.py", line 160, in _record
    return method(sql, params)
           ^^^^^^^^^^^^^^^^^^^
  File "/home/nimamakhmali/Music/Nazer-Bazaar/backend/venv/lib/python3.12/site-packages/django/db/backends/utils.py", line 102, in execute
    return super().execute(sql, params)
           ^^^^^^^^^^^^^^^^^^^^^^^^^^^^
  File "/home/nimamakhmali/Music/Nazer-Bazaar/backend/venv/lib/python3.12/site-packages/django/db/backends/utils.py", line 67, in execute
    return self._execute_with_wrappers(
           ^^^^^^^^^^^^^^^^^^^^^^^^^^^^
  File "/home/nimamakhmali/Music/Nazer-Bazaar/backend/venv/lib/python3.12/site-packages/django/db/backends/utils.py", line 80, in _execute_with_wrappers
    return executor(sql, params, many, context)
           ^^^^^^^^^^^^^^^^^^^^^^^^^^^^^^^^^^^^
  File "/home/nimamakhmali/Music/Nazer-Bazaar/backend/venv/lib/python3.12/site-packages/django/db/backends/utils.py", line 84, in _execute
    with self.db.wrap_database_errors:
  File "/home/nimamakhmali/Music/Nazer-Bazaar/backend/venv/lib/python3.12/site-packages/django/db/utils.py", line 91, in __exit__
    raise dj_exc_value.with_traceback(traceback) from exc_value
  File "/home/nimamakhmali/Music/Nazer-Bazaar/backend/venv/lib/python3.12/site-packages/django/db/backends/utils.py", line 89, in _execute
    return self.cursor.execute(sql, params)
           ^^^^^^^^^^^^^^^^^^^^^^^^^^^^^^^^
django.db.utils.IntegrityError: duplicate key value violates unique constraint "organizations_union_license_number_key"
DETAIL:  Key (license_number)=() already exists.

[ERROR] 2026-07-24 19:22:49,777 log 345319 124173554783936 Internal Server Error: /api/v1/organizations/unions/
[ERROR] 2026-07-24 19:22:49,778 basehttp 345319 124173554783936 "POST /api/v1/organizations/unions/ HTTP/1.1" 500 111
[INFO] 2026-07-24 19:23:33,827 autoreload 576528 127058250555520 Watching for file changes with StatReloader
[ERROR] 2026-07-24 19:23:39,076 api_exceptions 576528 127057522587328 Unhandled exception occurred
Traceback (most recent call last):
  File "/home/nimamakhmali/Music/Nazer-Bazaar/backend/venv/lib/python3.12/site-packages/django/db/backends/utils.py", line 89, in _execute
    return self.cursor.execute(sql, params)
           ^^^^^^^^^^^^^^^^^^^^^^^^^^^^^^^^
psycopg2.errors.UniqueViolation: duplicate key value violates unique constraint "organizations_union_license_number_key"
DETAIL:  Key (license_number)=() already exists.


The above exception was the direct cause of the following exception:

Traceback (most recent call last):
  File "/home/nimamakhmali/Music/Nazer-Bazaar/backend/venv/lib/python3.12/site-packages/rest_framework/views.py", line 506, in dispatch
    response = handler(request, *args, **kwargs)
               ^^^^^^^^^^^^^^^^^^^^^^^^^^^^^^^^^
  File "/home/nimamakhmali/Music/Nazer-Bazaar/backend/apps/organizations/views/union_views.py", line 100, in post
    union = service.create(
            ^^^^^^^^^^^^^^^
  File "/home/nimamakhmali/Music/Nazer-Bazaar/backend/apps/organizations/services/union_service.py", line 71, in create
    union = Union.objects.create(
            ^^^^^^^^^^^^^^^^^^^^^
  File "/home/nimamakhmali/Music/Nazer-Bazaar/backend/venv/lib/python3.12/site-packages/django/db/models/manager.py", line 87, in manager_method
    return getattr(self.get_queryset(), name)(*args, **kwargs)
           ^^^^^^^^^^^^^^^^^^^^^^^^^^^^^^^^^^^^^^^^^^^^^^^^^^^
  File "/home/nimamakhmali/Music/Nazer-Bazaar/backend/venv/lib/python3.12/site-packages/django/db/models/query.py", line 658, in create
    obj.save(force_insert=True, using=self.db)
  File "/home/nimamakhmali/Music/Nazer-Bazaar/backend/venv/lib/python3.12/site-packages/django/db/models/base.py", line 814, in save
    self.save_base(
  File "/home/nimamakhmali/Music/Nazer-Bazaar/backend/venv/lib/python3.12/site-packages/django/db/models/base.py", line 877, in save_base
    updated = self._save_table(
              ^^^^^^^^^^^^^^^^^
  File "/home/nimamakhmali/Music/Nazer-Bazaar/backend/venv/lib/python3.12/site-packages/django/db/models/base.py", line 1020, in _save_table
    results = self._do_insert(
              ^^^^^^^^^^^^^^^^
  File "/home/nimamakhmali/Music/Nazer-Bazaar/backend/venv/lib/python3.12/site-packages/django/db/models/base.py", line 1061, in _do_insert
    return manager._insert(
           ^^^^^^^^^^^^^^^^
  File "/home/nimamakhmali/Music/Nazer-Bazaar/backend/venv/lib/python3.12/site-packages/django/db/models/manager.py", line 87, in manager_method
    return getattr(self.get_queryset(), name)(*args, **kwargs)
           ^^^^^^^^^^^^^^^^^^^^^^^^^^^^^^^^^^^^^^^^^^^^^^^^^^^
  File "/home/nimamakhmali/Music/Nazer-Bazaar/backend/venv/lib/python3.12/site-packages/django/db/models/query.py", line 1805, in _insert
    return query.get_compiler(using=using).execute_sql(returning_fields)
           ^^^^^^^^^^^^^^^^^^^^^^^^^^^^^^^^^^^^^^^^^^^^^^^^^^^^^^^^^^^^^
  File "/home/nimamakhmali/Music/Nazer-Bazaar/backend/venv/lib/python3.12/site-packages/django/db/models/sql/compiler.py", line 1822, in execute_sql
    cursor.execute(sql, params)
  File "/home/nimamakhmali/Music/Nazer-Bazaar/backend/venv/lib/python3.12/site-packages/debug_toolbar/panels/sql/tracking.py", line 235, in execute
    return self._record(super().execute, sql, params)
           ^^^^^^^^^^^^^^^^^^^^^^^^^^^^^^^^^^^^^^^^^^
  File "/home/nimamakhmali/Music/Nazer-Bazaar/backend/venv/lib/python3.12/site-packages/debug_toolbar/panels/sql/tracking.py", line 160, in _record
    return method(sql, params)
           ^^^^^^^^^^^^^^^^^^^
  File "/home/nimamakhmali/Music/Nazer-Bazaar/backend/venv/lib/python3.12/site-packages/django/db/backends/utils.py", line 102, in execute
    return super().execute(sql, params)
           ^^^^^^^^^^^^^^^^^^^^^^^^^^^^
  File "/home/nimamakhmali/Music/Nazer-Bazaar/backend/venv/lib/python3.12/site-packages/django/db/backends/utils.py", line 67, in execute
    return self._execute_with_wrappers(
           ^^^^^^^^^^^^^^^^^^^^^^^^^^^^
  File "/home/nimamakhmali/Music/Nazer-Bazaar/backend/venv/lib/python3.12/site-packages/django/db/backends/utils.py", line 80, in _execute_with_wrappers
    return executor(sql, params, many, context)
           ^^^^^^^^^^^^^^^^^^^^^^^^^^^^^^^^^^^^
  File "/home/nimamakhmali/Music/Nazer-Bazaar/backend/venv/lib/python3.12/site-packages/django/db/backends/utils.py", line 84, in _execute
    with self.db.wrap_database_errors:
  File "/home/nimamakhmali/Music/Nazer-Bazaar/backend/venv/lib/python3.12/site-packages/django/db/utils.py", line 91, in __exit__
    raise dj_exc_value.with_traceback(traceback) from exc_value
  File "/home/nimamakhmali/Music/Nazer-Bazaar/backend/venv/lib/python3.12/site-packages/django/db/backends/utils.py", line 89, in _execute
    return self.cursor.execute(sql, params)
           ^^^^^^^^^^^^^^^^^^^^^^^^^^^^^^^^
django.db.utils.IntegrityError: duplicate key value violates unique constraint "organizations_union_license_number_key"
DETAIL:  Key (license_number)=() already exists.

[ERROR] 2026-07-24 19:23:39,384 log 576528 127057522587328 Internal Server Error: /api/v1/organizations/unions/
[ERROR] 2026-07-24 19:23:39,385 basehttp 576528 127057522587328 "POST /api/v1/organizations/unions/ HTTP/1.1" 500 111
[INFO] 2026-07-24 19:25:25,175 signals 576528 127057522587328 Union created: اتحادیه صنف مرغ، ماهی و فرآورده‌های پروتئینی in chamber: اتاق اصناف شهرستان همدان
[INFO] 2026-07-24 19:25:25,176 base_service 576528 127057522587328 Union created: اتحادیه صنف مرغ، ماهی و فرآورده‌های پروتئینی in chamber: اتاق اصناف شهرستان همدان
[INFO] 2026-07-24 19:25:25,393 basehttp 576528 127057522587328 "POST /api/v1/organizations/unions/ HTTP/1.1" 201 969
[INFO] 2026-07-24 19:25:25,735 basehttp 576528 127057522587328 "GET /api/v1/organizations/unions/?page=1&page_size=9 HTTP/1.1" 200 964
[INFO] 2026-07-24 19:30:45,988 signals 576528 127057522587328 Union created: اتحادیه صنف میوه و سبزی‌فروشان in chamber: اتاق اصناف شهرستان همدان
[INFO] 2026-07-24 19:30:45,989 base_service 576528 127057522587328 Union created: اتحادیه صنف میوه و سبزی‌فروشان in chamber: اتاق اصناف شهرستان همدان
[INFO] 2026-07-24 19:30:46,286 basehttp 576528 127057522587328 "POST /api/v1/organizations/unions/ HTTP/1.1" 201 959
[INFO] 2026-07-24 19:30:46,718 basehttp 576528 127057522587328 "GET /api/v1/organizations/unions/?page=1&page_size=9 HTTP/1.1" 200 1241
[INFO] 2026-07-24 19:33:07,628 signals 576528 127057522587328 Union created: اتحادیه صنف قنادان و آجیل‌فروشان شهرستان همدان in chamber: اتاق اصناف شهرستان همدان
[INFO] 2026-07-24 19:33:07,629 base_service 576528 127057522587328 Union created: اتحادیه صنف قنادان و آجیل‌فروشان شهرستان همدان in chamber: اتاق اصناف شهرستان همدان
[INFO] 2026-07-24 19:33:07,945 basehttp 576528 127057522587328 "POST /api/v1/organizations/unions/ HTTP/1.1" 201 1126
[INFO] 2026-07-24 19:33:08,546 basehttp 576528 127057522587328 "GET /api/v1/organizations/unions/?page=1&page_size=9 HTTP/1.1" 200 1548
[INFO] 2026-07-24 19:33:12,292 basehttp 576528 127057522587328 "GET /api/v1/stores/?page=1&page_size=10 HTTP/1.1" 200 109
[INFO] 2026-07-24 19:33:12,476 basehttp 576528 127057522587328 "GET /api/v1/stores/?page=1&page_size=10 HTTP/1.1" 200 109
[INFO] 2026-07-24 19:33:21,064 basehttp 576528 127057506854592 "GET /api/v1/products/units/ HTTP/1.1" 200 89
[INFO] 2026-07-24 19:33:21,726 basehttp 576528 127057498461888 "GET /api/v1/products/?page=1&page_size=12 HTTP/1.1" 200 341
[INFO] 2026-07-24 19:33:21,782 basehttp 576528 127057522587328 "GET /api/v1/products/categories/?page_size=200 HTTP/1.1" 200 198
[INFO] 2026-07-24 19:33:22,478 basehttp 576528 127057279317696 "GET /api/v1/products/units/ HTTP/1.1" 200 89
[INFO] 2026-07-24 19:33:22,785 basehttp 576528 127057498461888 "GET /api/v1/products/?page=1&page_size=12 HTTP/1.1" 200 341
[INFO] 2026-07-24 19:33:22,861 basehttp 576528 127057522587328 "GET /api/v1/products/categories/?page_size=200 HTTP/1.1" 200 198
[INFO] 2026-07-24 19:33:22,980 basehttp 576528 127057506854592 "GET /api/v1/stores/?page=1&page_size=10 HTTP/1.1" 200 109
[INFO] 2026-07-24 19:33:23,211 basehttp 576528 127057506854592 "GET /api/v1/stores/?page=1&page_size=10 HTTP/1.1" 200 109
[INFO] 2026-07-24 19:34:30,544 basehttp 576528 127057270924992 "GET /admin/accounts/user/ HTTP/1.1" 200 42472
[INFO] 2026-07-24 19:34:30,601 basehttp 576528 127057262532288 "GET /static/admin/img/icon-yes.svg HTTP/1.1" 304 0
[INFO] 2026-07-24 19:34:30,611 basehttp 576528 127057262532288 "GET /static/admin/img/icon-no.svg HTTP/1.1" 304 0
[INFO] 2026-07-24 19:34:30,867 basehttp 576528 127057270924992 "GET /admin/jsi18n/ HTTP/1.1" 200 3343
[INFO] 2026-07-24 19:34:31,008 basehttp 576528 127057270924992 "GET /static/admin/img/sorting-icons.svg HTTP/1.1" 304 0
[INFO] 2026-07-24 19:34:33,994 basehttp 576528 127057270924992 "GET /admin/accounts/user/7/change/ HTTP/1.1" 200 66432
[INFO] 2026-07-24 19:34:34,028 basehttp 576528 127057262532288 "GET /static/admin/css/forms.css HTTP/1.1" 304 0
[INFO] 2026-07-24 19:34:34,029 basehttp 576528 127057254139584 "GET /static/admin/js/collapse.js HTTP/1.1" 304 0
[INFO] 2026-07-24 19:34:34,048 basehttp 576528 127057245746880 "GET /static/admin/js/SelectBox.js HTTP/1.1" 304 0
[INFO] 2026-07-24 19:34:34,051 basehttp 576528 127057254139584 "GET /static/admin/css/widgets.css HTTP/1.1" 304 0
[INFO] 2026-07-24 19:34:34,058 basehttp 576528 127057237354176 "GET /static/admin/js/SelectFilter2.js HTTP/1.1" 304 0
[INFO] 2026-07-24 19:34:34,064 basehttp 576528 127057237354176 "GET /static/admin/js/prepopulate_init.js HTTP/1.1" 304 0
[INFO] 2026-07-24 19:34:34,126 basehttp 576528 127057237354176 "GET /static/admin/js/change_form.js HTTP/1.1" 304 0
[INFO] 2026-07-24 19:34:34,202 basehttp 576528 127057270924992 "GET /admin/jsi18n/ HTTP/1.1" 200 3343
[INFO] 2026-07-24 19:34:34,408 basehttp 576528 127057270924992 "GET /static/admin/img/icon-unknown.svg HTTP/1.1" 304 0
[INFO] 2026-07-24 19:34:34,409 basehttp 576528 127057237354176 "GET /static/admin/img/selector-icons.svg HTTP/1.1" 304 0
[INFO] 2026-07-24 19:34:34,409 basehttp 576528 127057254139584 "GET /static/admin/img/icon-unknown-alt.svg HTTP/1.1" 304 0
[INFO] 2026-07-24 19:34:43,297 basehttp 576528 127057237354176 "POST /admin/accounts/user/7/change/ HTTP/1.1" 302 0
[INFO] 2026-07-24 19:34:43,788 basehttp 576528 127057237354176 "GET /admin/accounts/user/ HTTP/1.1" 200 42708
[INFO] 2026-07-24 19:34:44,051 basehttp 576528 127057237354176 "GET /admin/jsi18n/ HTTP/1.1" 200 3343
[WARNING] 2026-07-24 19:34:49,723 log 576528 127057506854592 Bad Request: /api/v1/auth/logout/
[WARNING] 2026-07-24 19:34:49,724 basehttp 576528 127057506854592 "POST /api/v1/auth/logout/ HTTP/1.1" 400 132
[INFO] 2026-07-24 19:35:05,292 base_service 576528 127057506854592 User logged in with password: 09184423221
[INFO] 2026-07-24 19:35:05,546 basehttp 576528 127057506854592 "POST /api/v1/auth/login/ HTTP/1.1" 200 1140
[INFO] 2026-07-24 19:35:06,563 basehttp 576528 127057522587328 "GET /api/v1/auth/me/ HTTP/1.1" 200 404
[INFO] 2026-07-24 19:35:06,635 basehttp 576528 127057506854592 "GET /api/v1/stores/?page=1&page_size=10 HTTP/1.1" 200 109
[INFO] 2026-07-24 19:35:06,854 basehttp 576528 127057506854592 "GET /api/v1/stores/?page=1&page_size=10 HTTP/1.1" 200 109
[INFO] 2026-07-24 19:35:10,347 basehttp 576528 127057506854592 "OPTIONS /api/v1/stores/my-stores/ HTTP/1.1" 200 0
[INFO] 2026-07-24 19:35:10,348 basehttp 576528 127057522587328 "OPTIONS /api/v1/stores/my-stores/ HTTP/1.1" 200 0
[INFO] 2026-07-24 19:35:10,621 basehttp 576528 127057522587328 "GET /api/v1/stores/my-stores/ HTTP/1.1" 200 26
[INFO] 2026-07-24 19:35:10,863 basehttp 576528 127057522587328 "GET /api/v1/stores/my-stores/ HTTP/1.1" 200 26
[INFO] 2026-07-24 19:35:15,153 basehttp 576528 127057506854592 "OPTIONS /api/v1/geography/provinces/?page_size=50 HTTP/1.1" 200 0
[INFO] 2026-07-24 19:35:15,154 basehttp 576528 127057498461888 "OPTIONS /api/v1/geography/provinces/?page_size=50 HTTP/1.1" 200 0
[INFO] 2026-07-24 19:35:15,553 basehttp 576528 127057522587328 "GET /api/v1/auth/me/ HTTP/1.1" 200 404
[INFO] 2026-07-24 19:35:15,728 basehttp 576528 127057498461888 "GET /api/v1/geography/provinces/?page_size=50 HTTP/1.1" 200 152
[INFO] 2026-07-24 19:35:15,947 basehttp 576528 127057522587328 "GET /api/v1/auth/me/ HTTP/1.1" 200 404
[INFO] 2026-07-24 19:35:16,098 basehttp 576528 127057498461888 "GET /api/v1/geography/provinces/?page_size=50 HTTP/1.1" 200 152
[INFO] 2026-07-24 19:35:18,567 basehttp 576528 127057498461888 "GET /api/v1/geography/provinces/1/cities/ HTTP/1.1" 200 566
[INFO] 2026-07-24 19:35:20,485 basehttp 576528 127057498461888 "OPTIONS /api/v1/organizations/unions/?city=1&page_size=100 HTTP/1.1" 200 0
[INFO] 2026-07-24 19:35:21,223 basehttp 576528 127057498461888 "GET /api/v1/organizations/unions/?city=1&page_size=100 HTTP/1.1" 200 1548
[INFO] 2026-07-24 19:36:11,631 basehttp 576528 127057498461888 "OPTIONS /api/v1/stores/ HTTP/1.1" 200 0
[INFO] 2026-07-24 19:36:11,772 signals 576528 127057498461888 New store registered: فروشگاه تست in union: اتحادیه صنف خواربار و بنکداران شهرستان همدان
[INFO] 2026-07-24 19:36:11,773 base_service 576528 127057498461888 Store registered: فروشگاه تست in union: اتحادیه صنف خواربار و بنکداران شهرستان همدان
[INFO] 2026-07-24 19:36:12,171 basehttp 576528 127057498461888 "POST /api/v1/stores/ HTTP/1.1" 201 904
[INFO] 2026-07-24 19:36:17,447 basehttp 576528 127057498461888 "GET /api/v1/stores/my-stores/ HTTP/1.1" 200 404
[INFO] 2026-07-24 19:36:17,859 basehttp 576528 127057498461888 "GET /api/v1/stores/my-stores/ HTTP/1.1" 200 404
[WARNING] 2026-07-24 19:36:19,137 log 576528 127057498461888 Bad Request: /api/v1/auth/logout/
[WARNING] 2026-07-24 19:36:19,138 basehttp 576528 127057498461888 "POST /api/v1/auth/logout/ HTTP/1.1" 400 132
[WARNING] 2026-07-24 19:36:29,130 log 576528 127057498461888 Bad Request: /api/v1/auth/login/
[WARNING] 2026-07-24 19:36:29,131 basehttp 576528 127057498461888 "POST /api/v1/auth/login/ HTTP/1.1" 400 175
[INFO] 2026-07-24 19:36:34,145 base_service 576528 127057498461888 User logged in with password: 09056419609
[INFO] 2026-07-24 19:36:34,371 basehttp 576528 127057498461888 "POST /api/v1/auth/login/ HTTP/1.1" 200 1128
[INFO] 2026-07-24 19:36:35,183 basehttp 576528 127057498461888 "GET /api/v1/stores/my-stores/ HTTP/1.1" 200 26
[INFO] 2026-07-24 19:36:35,447 basehttp 576528 127057498461888 "GET /api/v1/stores/my-stores/ HTTP/1.1" 200 26
[INFO] 2026-07-24 19:36:37,249 basehttp 576528 127057498461888 "GET /api/v1/stores/?page=1&page_size=10 HTTP/1.1" 200 109
[INFO] 2026-07-24 19:36:37,485 basehttp 576528 127057498461888 "GET /api/v1/stores/?page=1&page_size=10 HTTP/1.1" 200 109
[INFO] 2026-07-24 19:36:56,258 basehttp 576528 127057237354176 "GET /admin/stores/store/ HTTP/1.1" 200 42700
[INFO] 2026-07-24 19:36:56,450 basehttp 576528 127057237354176 "GET /admin/jsi18n/ HTTP/1.1" 200 3343
[INFO] 2026-07-24 19:37:04,090 basehttp 576528 127057237354176 "GET /admin/accounts/user/ HTTP/1.1" 200 42483
[INFO] 2026-07-24 19:37:04,327 basehttp 576528 127057237354176 "GET /admin/jsi18n/ HTTP/1.1" 200 3343
[INFO] 2026-07-24 19:37:05,908 basehttp 576528 127057237354176 "GET /admin/accounts/user/7/change/ HTTP/1.1" 200 66430
[INFO] 2026-07-24 19:37:06,109 basehttp 576528 127057237354176 "GET /admin/jsi18n/ HTTP/1.1" 200 3343
[INFO] 2026-07-24 19:37:13,751 basehttp 576528 127057237354176 "POST /admin/accounts/user/7/change/ HTTP/1.1" 302 0
[INFO] 2026-07-24 19:37:14,242 basehttp 576528 127057237354176 "GET /admin/accounts/user/ HTTP/1.1" 200 42708
[INFO] 2026-07-24 19:37:14,537 basehttp 576528 127057237354176 "GET /admin/jsi18n/ HTTP/1.1" 200 3343
[WARNING] 2026-07-24 19:37:19,461 log 576528 127057498461888 Bad Request: /api/v1/auth/logout/
[WARNING] 2026-07-24 19:37:19,461 basehttp 576528 127057498461888 "POST /api/v1/auth/logout/ HTTP/1.1" 400 132
[INFO] 2026-07-24 19:37:34,756 base_service 576528 127057498461888 User logged in with password: 09184423221
[INFO] 2026-07-24 19:37:34,972 basehttp 576528 127057498461888 "POST /api/v1/auth/login/ HTTP/1.1" 200 1147
[INFO] 2026-07-24 19:37:35,824 basehttp 576528 127057498461888 "GET /api/v1/stores/?page=1&page_size=10 HTTP/1.1" 200 109
[INFO] 2026-07-24 19:37:36,067 basehttp 576528 127057498461888 "GET /api/v1/stores/?page=1&page_size=10 HTTP/1.1" 200 109
[INFO] 2026-07-24 19:37:40,204 basehttp 576528 127057498461888 "OPTIONS /api/v1/stores/?page=1&page_size=12 HTTP/1.1" 200 0
[INFO] 2026-07-24 19:37:40,206 basehttp 576528 127057522587328 "OPTIONS /api/v1/stores/?page=1&page_size=12 HTTP/1.1" 200 0
[INFO] 2026-07-24 19:37:40,512 basehttp 576528 127057522587328 "GET /api/v1/stores/?page=1&page_size=12 HTTP/1.1" 200 109
[INFO] 2026-07-24 19:37:40,827 basehttp 576528 127057522587328 "GET /api/v1/stores/?page=1&page_size=12 HTTP/1.1" 200 109
[INFO] 2026-07-24 19:37:48,348 basehttp 576528 127057498461888 "OPTIONS /api/v1/pricing/overpriced/?page_size=5 HTTP/1.1" 200 0
[INFO] 2026-07-24 19:37:48,348 basehttp 576528 127057279317696 "OPTIONS /api/v1/pricing/overpriced/?page_size=5 HTTP/1.1" 200 0
[INFO] 2026-07-24 19:37:48,906 basehttp 576528 127057522587328 "GET /api/v1/stores/?page_size=1 HTTP/1.1" 200 109
[INFO] 2026-07-24 19:37:49,062 basehttp 576528 127057506854592 "GET /api/v1/complaints/my/?page_size=5 HTTP/1.1" 200 2
[INFO] 2026-07-24 19:37:49,420 basehttp 576528 127057279317696 "GET /api/v1/pricing/overpriced/?page_size=5 HTTP/1.1" 200 26
[INFO] 2026-07-24 19:37:49,790 basehttp 576528 127057498461888 "GET /api/v1/stores/?page_size=1 HTTP/1.1" 200 109
[INFO] 2026-07-24 19:37:49,792 basehttp 576528 127057506854592 "GET /api/v1/complaints/my/?page_size=5 HTTP/1.1" 200 2
[INFO] 2026-07-24 19:37:49,860 basehttp 576528 127057279317696 "GET /api/v1/pricing/overpriced/?page_size=5 HTTP/1.1" 200 26
[INFO] 2026-07-24 19:37:54,697 basehttp 576528 127057279317696 "GET /api/v1/stores/?page=1&page_size=12 HTTP/1.1" 200 109
[INFO] 2026-07-24 19:37:54,956 basehttp 576528 127057279317696 "GET /api/v1/stores/?page=1&page_size=12 HTTP/1.1" 200 109
[WARNING] 2026-07-24 19:38:01,829 log 576528 127057279317696 Bad Request: /api/v1/auth/logout/
[WARNING] 2026-07-24 19:38:01,830 basehttp 576528 127057279317696 "POST /api/v1/auth/logout/ HTTP/1.1" 400 132
[INFO] 2026-07-24 19:38:07,292 basehttp 576528 127057237354176 "GET /admin/accounts/user/7/change/ HTTP/1.1" 200 66430
[INFO] 2026-07-24 19:38:07,544 basehttp 576528 127057237354176 "GET /admin/jsi18n/ HTTP/1.1" 200 3343
[INFO] 2026-07-24 19:38:15,933 basehttp 576528 127057237354176 "POST /admin/accounts/user/7/change/ HTTP/1.1" 302 0
[INFO] 2026-07-24 19:38:16,450 basehttp 576528 127057237354176 "GET /admin/accounts/user/ HTTP/1.1" 200 42695
[INFO] 2026-07-24 19:38:16,660 basehttp 576528 127057237354176 "GET /admin/jsi18n/ HTTP/1.1" 200 3343
[INFO] 2026-07-24 19:38:26,723 base_service 576528 127057279317696 User logged in with password: 09184423221
[INFO] 2026-07-24 19:38:26,845 basehttp 576528 127057279317696 "POST /api/v1/auth/login/ HTTP/1.1" 200 1119
[INFO] 2026-07-24 19:38:27,868 basehttp 576528 127057279317696 "GET /api/v1/stores/?page=1&page_size=12 HTTP/1.1" 200 109
[INFO] 2026-07-24 19:38:28,135 basehttp 576528 127057279317696 "GET /api/v1/stores/?page=1&page_size=12 HTTP/1.1" 200 109
[INFO] 2026-07-24 19:38:30,894 basehttp 576528 127057506854592 "OPTIONS /api/v1/stores/?page=1&page_size=15 HTTP/1.1" 200 0
[INFO] 2026-07-24 19:38:30,894 basehttp 576528 127057279317696 "OPTIONS /api/v1/stores/?page=1&page_size=15 HTTP/1.1" 200 0
[INFO] 2026-07-24 19:38:31,139 basehttp 576528 127057279317696 "GET /api/v1/stores/?page=1&page_size=15 HTTP/1.1" 200 109
[INFO] 2026-07-24 19:38:31,420 basehttp 576528 127057279317696 "GET /api/v1/stores/?page=1&page_size=15 HTTP/1.1" 200 109
[INFO] 2026-07-24 19:38:34,274 basehttp 576528 127057506854592 "OPTIONS /api/v1/pricing/overpriced/?page=1&page_size=15&ordering=-violation_amount HTTP/1.1" 200 0
[INFO] 2026-07-24 19:38:34,274 basehttp 576528 127057279317696 "OPTIONS /api/v1/pricing/overpriced/?page=1&page_size=15&ordering=-violation_amount HTTP/1.1" 200 0
[INFO] 2026-07-24 19:38:34,585 basehttp 576528 127057279317696 "GET /api/v1/pricing/overpriced/?page=1&page_size=15&ordering=-violation_amount HTTP/1.1" 200 26
[INFO] 2026-07-24 19:38:34,849 basehttp 576528 127057279317696 "GET /api/v1/pricing/overpriced/?page=1&page_size=15&ordering=-violation_amount HTTP/1.1" 200 26
[WARNING] 2026-07-24 19:38:36,992 log 576528 127057279317696 Method Not Allowed: /api/v1/complaints/
[WARNING] 2026-07-24 19:38:36,993 basehttp 576528 127057279317696 "GET /api/v1/complaints/?page=1&page_size=15 HTTP/1.1" 405 137
[WARNING] 2026-07-24 19:38:37,157 log 576528 127057279317696 Method Not Allowed: /api/v1/complaints/
[WARNING] 2026-07-24 19:38:37,158 basehttp 576528 127057279317696 "GET /api/v1/complaints/?page=1&page_size=15 HTTP/1.1" 405 137
[INFO] 2026-07-24 19:38:38,913 basehttp 576528 127057279317696 "OPTIONS /api/v1/complaints/?page_size=5 HTTP/1.1" 200 0
[INFO] 2026-07-24 19:38:38,913 basehttp 576528 127057498461888 "OPTIONS /api/v1/complaints/?page_size=5 HTTP/1.1" 200 0
[INFO] 2026-07-24 19:38:39,285 basehttp 576528 127057506854592 "GET /api/v1/pricing/overpriced/?page_size=5 HTTP/1.1" 200 26
[WARNING] 2026-07-24 19:38:39,307 log 576528 127057498461888 Method Not Allowed: /api/v1/complaints/
[WARNING] 2026-07-24 19:38:39,309 basehttp 576528 127057498461888 "GET /api/v1/complaints/?page_size=5 HTTP/1.1" 405 137
[INFO] 2026-07-24 19:38:39,578 basehttp 576528 127057279317696 "GET /api/v1/pricing/overpriced/?page_size=5 HTTP/1.1" 200 26
[WARNING] 2026-07-24 19:38:39,653 log 576528 127057498461888 Method Not Allowed: /api/v1/complaints/
[WARNING] 2026-07-24 19:38:39,654 basehttp 576528 127057498461888 "GET /api/v1/complaints/?page_size=5 HTTP/1.1" 405 137
[WARNING] 2026-07-24 19:38:46,313 log 576528 127057498461888 Bad Request: /api/v1/auth/logout/
[WARNING] 2026-07-24 19:38:46,317 basehttp 576528 127057498461888 "POST /api/v1/auth/logout/ HTTP/1.1" 400 132
[INFO] 2026-07-24 19:38:50,493 basehttp 576528 127057237354176 "GET /admin/accounts/user/7/change/ HTTP/1.1" 200 66430
[INFO] 2026-07-24 19:38:50,715 basehttp 576528 127057237354176 "GET /admin/jsi18n/ HTTP/1.1" 200 3343
[INFO] 2026-07-24 19:39:02,903 basehttp 576528 127057237354176 "POST /admin/accounts/user/7/change/ HTTP/1.1" 302 0
[INFO] 2026-07-24 19:39:03,424 basehttp 576528 127057237354176 "GET /admin/accounts/user/ HTTP/1.1" 200 42713
[INFO] 2026-07-24 19:39:03,634 basehttp 576528 127057237354176 "GET /admin/jsi18n/ HTTP/1.1" 200 3343
[INFO] 2026-07-24 19:39:17,050 base_service 576528 127057498461888 User logged in with password: 09184423221
[INFO] 2026-07-24 19:39:17,275 basehttp 576528 127057498461888 "POST /api/v1/auth/login/ HTTP/1.1" 200 1159
[WARNING] 2026-07-24 19:39:18,545 log 576528 127057498461888 Method Not Allowed: /api/v1/complaints/
[WARNING] 2026-07-24 19:39:18,547 basehttp 576528 127057498461888 "GET /api/v1/complaints/?page_size=5 HTTP/1.1" 405 137
[INFO] 2026-07-24 19:39:18,872 basehttp 576528 127057279317696 "GET /api/v1/pricing/overpriced/?page_size=5 HTTP/1.1" 200 26
[WARNING] 2026-07-24 19:39:19,158 log 576528 127057498461888 Method Not Allowed: /api/v1/complaints/
[WARNING] 2026-07-24 19:39:19,164 basehttp 576528 127057498461888 "GET /api/v1/complaints/?page_size=5 HTTP/1.1" 405 137
[INFO] 2026-07-24 19:39:19,313 basehttp 576528 127057279317696 "GET /api/v1/pricing/overpriced/?page_size=5 HTTP/1.1" 200 26
[INFO] 2026-07-24 19:39:21,590 basehttp 576528 127057279317696 "GET /api/v1/stores/?page=1&page_size=15 HTTP/1.1" 200 109
[INFO] 2026-07-24 19:39:21,808 basehttp 576528 127057279317696 "GET /api/v1/stores/?page=1&page_size=15 HTTP/1.1" 200 109
[INFO] 2026-07-24 19:39:28,076 basehttp 576528 127057279317696 "OPTIONS /api/v1/stores/pending/?page_size=50 HTTP/1.1" 200 0
[INFO] 2026-07-24 19:39:28,080 basehttp 576528 127057498461888 "OPTIONS /api/v1/stores/pending/?page_size=50 HTTP/1.1" 200 0
[INFO] 2026-07-24 19:39:28,469 basehttp 576528 127057279317696 "GET /api/v1/stores/pending/?page_size=50 HTTP/1.1" 200 487
[INFO] 2026-07-24 19:39:28,834 basehttp 576528 127057279317696 "GET /api/v1/stores/pending/?page_size=50 HTTP/1.1" 200 487
[INFO] 2026-07-24 19:39:52,161 basehttp 576528 127057237354176 "GET /admin/accounts/user/7/change/ HTTP/1.1" 200 66432
[INFO] 2026-07-24 19:39:52,373 basehttp 576528 127057237354176 "GET /admin/jsi18n/ HTTP/1.1" 200 3343
[INFO] 2026-07-24 19:39:58,738 basehttp 576528 127057237354176 "POST /admin/accounts/user/7/change/ HTTP/1.1" 302 0
[INFO] 2026-07-24 19:39:59,103 basehttp 576528 127057237354176 "GET /admin/accounts/user/ HTTP/1.1" 200 42708
[INFO] 2026-07-24 19:39:59,323 basehttp 576528 127057237354176 "GET /admin/jsi18n/ HTTP/1.1" 200 3343
[WARNING] 2026-07-24 19:40:04,955 log 576528 127057279317696 Bad Request: /api/v1/auth/logout/
[WARNING] 2026-07-24 19:40:04,955 basehttp 576528 127057279317696 "POST /api/v1/auth/logout/ HTTP/1.1" 400 132
[INFO] 2026-07-24 19:40:17,238 base_service 576528 127057279317696 User logged in with password: 09184423221
[INFO] 2026-07-24 19:40:17,483 basehttp 576528 127057279317696 "POST /api/v1/auth/login/ HTTP/1.1" 200 1147
[INFO] 2026-07-24 19:40:18,543 basehttp 576528 127057279317696 "GET /api/v1/stores/pending/?page_size=50 HTTP/1.1" 200 487
[INFO] 2026-07-24 19:40:18,884 basehttp 576528 127057279317696 "GET /api/v1/stores/pending/?page_size=50 HTTP/1.1" 200 487
[INFO] 2026-07-24 19:40:25,674 basehttp 576528 127057279317696 "GET /api/v1/stores/?page=1&page_size=12 HTTP/1.1" 200 109
[INFO] 2026-07-24 19:40:25,878 basehttp 576528 127057279317696 "GET /api/v1/stores/?page=1&page_size=12 HTTP/1.1" 200 109
[INFO] 2026-07-24 19:40:28,126 basehttp 576528 127057498461888 "OPTIONS /api/v1/products/?page_size=200 HTTP/1.1" 200 0
[INFO] 2026-07-24 19:40:28,137 basehttp 576528 127057245746880 "OPTIONS /api/v1/pricing/official-prices/today/ HTTP/1.1" 200 0
[INFO] 2026-07-24 19:40:28,143 basehttp 576528 127057506854592 "OPTIONS /api/v1/pricing/official-prices/today/ HTTP/1.1" 200 0
[INFO] 2026-07-24 19:40:28,145 basehttp 576528 127057522587328 "OPTIONS /api/v1/products/?page_size=200 HTTP/1.1" 200 0
[INFO] 2026-07-24 19:40:28,855 basehttp 576528 127057279317696 "GET /api/v1/auth/me/ HTTP/1.1" 200 406
[INFO] 2026-07-24 19:40:28,866 basehttp 576528 127057498461888 "GET /api/v1/products/?page_size=200 HTTP/1.1" 200 341
[WARNING] 2026-07-24 19:40:28,886 log 576528 127057245746880 Bad Request: /api/v1/pricing/official-prices/today/
[WARNING] 2026-07-24 19:40:28,887 basehttp 576528 127057245746880 "GET /api/v1/pricing/official-prices/today/ HTTP/1.1" 400 75
[INFO] 2026-07-24 19:40:29,288 basehttp 576528 127057279317696 "GET /api/v1/auth/me/ HTTP/1.1" 200 406
[WARNING] 2026-07-24 19:40:29,384 log 576528 127057245746880 Bad Request: /api/v1/pricing/official-prices/today/
[WARNING] 2026-07-24 19:40:29,387 basehttp 576528 127057245746880 "GET /api/v1/pricing/official-prices/today/ HTTP/1.1" 400 75
[INFO] 2026-07-24 19:40:29,505 basehttp 576528 127057498461888 "GET /api/v1/products/?page_size=200 HTTP/1.1" 200 341
[INFO] 2026-07-24 19:40:31,123 basehttp 576528 127057498461888 "OPTIONS /api/v1/pricing/official-prices/?page=1&page_size=15 HTTP/1.1" 200 0
[INFO] 2026-07-24 19:40:31,125 basehttp 576528 127057245746880 "OPTIONS /api/v1/pricing/official-prices/?page=1&page_size=15 HTTP/1.1" 200 0
[INFO] 2026-07-24 19:40:31,361 basehttp 576528 127057498461888 "GET /api/v1/pricing/official-prices/?page=1&page_size=15 HTTP/1.1" 200 109
[INFO] 2026-07-24 19:40:31,596 basehttp 576528 127057498461888 "GET /api/v1/pricing/official-prices/?page=1&page_size=15 HTTP/1.1" 200 109
[INFO] 2026-07-24 19:40:35,205 basehttp 576528 127057498461888 "OPTIONS /api/v1/pricing/history/?page=1&page_size=20 HTTP/1.1" 200 0
[INFO] 2026-07-24 19:40:35,205 basehttp 576528 127057245746880 "OPTIONS /api/v1/pricing/history/?page=1&page_size=20 HTTP/1.1" 200 0
[WARNING] 2026-07-24 19:40:35,355 log 576528 127057498461888 Bad Request: /api/v1/pricing/history/
[WARNING] 2026-07-24 19:40:35,356 basehttp 576528 127057498461888 "GET /api/v1/pricing/history/?page=1&page_size=20 HTTP/1.1" 400 91
[WARNING] 2026-07-24 19:40:35,576 log 576528 127057498461888 Bad Request: /api/v1/pricing/history/
[WARNING] 2026-07-24 19:40:35,577 basehttp 576528 127057498461888 "GET /api/v1/pricing/history/?page=1&page_size=20 HTTP/1.1" 400 91
[WARNING] 2026-07-24 19:40:38,797 log 576528 127057498461888 Method Not Allowed: /api/v1/complaints/
[WARNING] 2026-07-24 19:40:38,798 basehttp 576528 127057498461888 "GET /api/v1/complaints/?page=1&page_size=15 HTTP/1.1" 405 137
[WARNING] 2026-07-24 19:40:38,999 log 576528 127057498461888 Method Not Allowed: /api/v1/complaints/
[WARNING] 2026-07-24 19:40:39,000 basehttp 576528 127057498461888 "GET /api/v1/complaints/?page=1&page_size=15 HTTP/1.1" 405 137
[INFO] 2026-07-24 19:40:41,513 basehttp 576528 127057279317696 "GET /api/v1/complaints/my/?page_size=5 HTTP/1.1" 200 2
[INFO] 2026-07-24 19:40:42,066 basehttp 576528 127057498461888 "GET /api/v1/stores/?page_size=1 HTTP/1.1" 200 109
[INFO] 2026-07-24 19:40:42,356 basehttp 576528 127057245746880 "GET /api/v1/pricing/overpriced/?page_size=5 HTTP/1.1" 200 26
[INFO] 2026-07-24 19:40:42,615 basehttp 576528 127057506854592 "GET /api/v1/complaints/my/?page_size=5 HTTP/1.1" 200 2
[INFO] 2026-07-24 19:40:42,720 basehttp 576528 127057498461888 "GET /api/v1/stores/?page_size=1 HTTP/1.1" 200 109
[INFO] 2026-07-24 19:40:42,846 basehttp 576528 127057279317696 "GET /api/v1/pricing/overpriced/?page_size=5 HTTP/1.1" 200 26
[INFO] 2026-07-24 19:40:45,839 basehttp 576528 127057279317696 "GET /api/v1/stores/?page=1&page_size=12 HTTP/1.1" 200 109
[INFO] 2026-07-24 19:40:46,059 basehttp 576528 127057279317696 "GET /api/v1/stores/?page=1&page_size=12 HTTP/1.1" 200 109
[INFO] 2026-07-24 19:40:48,203 basehttp 576528 127057498461888 "GET /api/v1/complaints/my/?page_size=5 HTTP/1.1" 200 2
[INFO] 2026-07-24 19:40:48,406 basehttp 576528 127057279317696 "GET /api/v1/stores/?page_size=1 HTTP/1.1" 200 109
[INFO] 2026-07-24 19:40:48,676 basehttp 576528 127057498461888 "GET /api/v1/complaints/my/?page_size=5 HTTP/1.1" 200 2
[INFO] 2026-07-24 19:40:48,758 basehttp 576528 127057279317696 "GET /api/v1/stores/?page_size=1 HTTP/1.1" 200 109
[WARNING] 2026-07-24 19:40:58,939 log 576528 127057279317696 Bad Request: /api/v1/pricing/history/
[WARNING] 2026-07-24 19:40:58,940 basehttp 576528 127057279317696 "GET /api/v1/pricing/history/?page=1&page_size=20 HTTP/1.1" 400 91
[WARNING] 2026-07-24 19:40:59,098 log 576528 127057279317696 Bad Request: /api/v1/pricing/history/
[WARNING] 2026-07-24 19:40:59,099 basehttp 576528 127057279317696 "GET /api/v1/pricing/history/?page=1&page_size=20 HTTP/1.1" 400 91
[WARNING] 2026-07-24 19:41:00,828 log 576528 127057279317696 Bad Request: /api/v1/auth/logout/
[WARNING] 2026-07-24 19:41:00,829 basehttp 576528 127057279317696 "POST /api/v1/auth/logout/ HTTP/1.1" 400 132
[INFO] 2026-07-24 19:41:07,391 basehttp 576528 127057237354176 "GET /admin/accounts/user/7/change/ HTTP/1.1" 200 66430
[INFO] 2026-07-24 19:41:07,600 basehttp 576528 127057237354176 "GET /admin/jsi18n/ HTTP/1.1" 200 3343
[INFO] 2026-07-24 19:41:13,524 basehttp 576528 127057237354176 "POST /admin/accounts/user/7/change/ HTTP/1.1" 302 0
[INFO] 2026-07-24 19:41:13,961 basehttp 576528 127057237354176 "GET /admin/accounts/user/ HTTP/1.1" 200 42713
[INFO] 2026-07-24 19:41:14,213 basehttp 576528 127057237354176 "GET /admin/jsi18n/ HTTP/1.1" 200 3343
[INFO] 2026-07-24 19:41:27,248 base_service 576528 127057279317696 User logged in with password: 09184423221
[INFO] 2026-07-24 19:41:27,417 basehttp 576528 127057279317696 "POST /api/v1/auth/login/ HTTP/1.1" 200 1159
[WARNING] 2026-07-24 19:41:28,324 log 576528 127057279317696 Bad Request: /api/v1/pricing/history/
[WARNING] 2026-07-24 19:41:28,324 basehttp 576528 127057279317696 "GET /api/v1/pricing/history/?page=1&page_size=20 HTTP/1.1" 400 91
[WARNING] 2026-07-24 19:41:28,536 log 576528 127057279317696 Bad Request: /api/v1/pricing/history/
[WARNING] 2026-07-24 19:41:28,538 basehttp 576528 127057279317696 "GET /api/v1/pricing/history/?page=1&page_size=20 HTTP/1.1" 400 91
[INFO] 2026-07-24 19:41:30,259 basehttp 576528 127057279317696 "GET /api/v1/stores/pending/?page_size=50 HTTP/1.1" 200 487
[INFO] 2026-07-24 19:41:30,693 basehttp 576528 127057279317696 "GET /api/v1/stores/pending/?page_size=50 HTTP/1.1" 200 487
[INFO] 2026-07-24 19:41:32,545 basehttp 576528 127057279317696 "OPTIONS /api/v1/stores/3/documents/ HTTP/1.1" 200 0
[INFO] 2026-07-24 19:41:32,893 basehttp 576528 127057279317696 "GET /api/v1/stores/3/documents/ HTTP/1.1" 200 26
[INFO] 2026-07-24 19:41:51,980 basehttp 576528 127057279317696 "OPTIONS /api/v1/stores/3/ HTTP/1.1" 200 0
[INFO] 2026-07-24 19:41:51,982 basehttp 576528 127057498461888 "OPTIONS /api/v1/stores/3/ HTTP/1.1" 200 0
[INFO] 2026-07-24 19:41:52,348 basehttp 576528 127057279317696 "GET /api/v1/stores/3/ HTTP/1.1" 200 808
[INFO] 2026-07-24 19:41:52,966 basehttp 576528 127057279317696 "GET /api/v1/stores/3/ HTTP/1.1" 200 808
[INFO] 2026-07-24 19:41:53,109 basehttp 576528 127057498461888 "GET /api/v1/stores/3/documents/ HTTP/1.1" 200 26
[INFO] 2026-07-24 19:41:53,117 basehttp 576528 127057279317696 "OPTIONS /api/v1/complaints/?store=3&page_size=20 HTTP/1.1" 200 0
[WARNING] 2026-07-24 19:41:53,505 log 576528 127057279317696 Method Not Allowed: /api/v1/complaints/
[WARNING] 2026-07-24 19:41:53,511 basehttp 576528 127057279317696 "GET /api/v1/complaints/?store=3&page_size=20 HTTP/1.1" 405 137
[INFO] 2026-07-24 19:41:53,809 basehttp 576528 127057498461888 "GET /api/v1/stores/3/documents/ HTTP/1.1" 200 26
[WARNING] 2026-07-24 19:41:53,975 log 576528 127057498461888 Method Not Allowed: /api/v1/complaints/
[WARNING] 2026-07-24 19:41:53,975 basehttp 576528 127057498461888 "GET /api/v1/complaints/?store=3&page_size=20 HTTP/1.1" 405 137
[INFO] 2026-07-24 19:42:11,871 basehttp 576528 127057498461888 "OPTIONS /api/v1/stores/3/approve/ HTTP/1.1" 200 0
[WARNING] 2026-07-24 19:42:12,148 log 576528 127057498461888 Bad Request: /api/v1/stores/3/approve/
[WARNING] 2026-07-24 19:42:12,148 basehttp 576528 127057498461888 "POST /api/v1/stores/3/approve/ HTTP/1.1" 400 153
[WARNING] 2026-07-24 19:42:14,021 log 576528 127057498461888 Bad Request: /api/v1/stores/3/approve/
[WARNING] 2026-07-24 19:42:14,022 basehttp 576528 127057498461888 "POST /api/v1/stores/3/approve/ HTTP/1.1" 400 153
[WARNING] 2026-07-24 19:42:28,074 log 576528 127057498461888 Bad Request: /api/v1/stores/3/approve/
[WARNING] 2026-07-24 19:42:28,075 basehttp 576528 127057498461888 "POST /api/v1/stores/3/approve/ HTTP/1.1" 400 153
[WARNING] 2026-07-24 19:45:46,714 log 576528 127057498461888 Bad Request: /api/v1/stores/3/approve/
[WARNING] 2026-07-24 19:45:46,715 basehttp 576528 127057498461888 "POST /api/v1/stores/3/approve/ HTTP/1.1" 400 153
[INFO] 2026-07-24 19:45:59,126 basehttp 576528 127057498461888 "GET /api/v1/auth/me/ HTTP/1.1" 200 413
[INFO] 2026-07-24 19:45:59,267 basehttp 576528 127057498461888 "GET /api/v1/auth/me/ HTTP/1.1" 200 413
[INFO] 2026-07-24 19:45:59,717 basehttp 576528 127057498461888 "GET /api/v1/stores/3/ HTTP/1.1" 200 808
[INFO] 2026-07-24 19:46:00,188 basehttp 576528 127057498461888 "GET /api/v1/stores/3/ HTTP/1.1" 200 808
[INFO] 2026-07-24 19:46:00,188 basehttp 576528 127057279317696 "GET /api/v1/stores/3/documents/ HTTP/1.1" 200 26
[WARNING] 2026-07-24 19:46:00,424 log 576528 127057279317696 Method Not Allowed: /api/v1/complaints/
[WARNING] 2026-07-24 19:46:00,425 basehttp 576528 127057279317696 "GET /api/v1/complaints/?store=3&page_size=20 HTTP/1.1" 405 137
[INFO] 2026-07-24 19:46:00,509 basehttp 576528 127057498461888 "GET /api/v1/stores/3/documents/ HTTP/1.1" 200 26
[WARNING] 2026-07-24 19:46:00,673 log 576528 127057498461888 Method Not Allowed: /api/v1/complaints/
[WARNING] 2026-07-24 19:46:00,673 basehttp 576528 127057498461888 "GET /api/v1/complaints/?store=3&page_size=20 HTTP/1.1" 405 137
[INFO] 2026-07-24 19:46:55,377 basehttp 576528 127057506854592 "GET /admin/stores/store/ HTTP/1.1" 200 42698
[INFO] 2026-07-24 19:46:55,512 basehttp 576528 127057506854592 "GET /admin/jsi18n/ HTTP/1.1" 200 3343
[INFO] 2026-07-24 19:46:59,743 basehttp 576528 127057506854592 "GET /admin/stores/store/3/change/ HTTP/1.1" 200 54854
[INFO] 2026-07-24 19:46:59,781 basehttp 576528 127057237354176 "GET /static/admin/css/vendor/select2/select2.css HTTP/1.1" 304 0
[INFO] 2026-07-24 19:46:59,785 basehttp 576528 127057254139584 "GET /static/admin/js/vendor/select2/i18n/en.js HTTP/1.1" 304 0
[INFO] 2026-07-24 19:46:59,786 basehttp 576528 127057245746880 "GET /static/admin/js/vendor/select2/select2.full.js HTTP/1.1" 304 0
[INFO] 2026-07-24 19:46:59,787 basehttp 576528 127057522587328 "GET /static/admin/css/autocomplete.css HTTP/1.1" 304 0
[INFO] 2026-07-24 19:46:59,797 basehttp 576528 127057270924992 "GET /static/admin/js/autocomplete.js HTTP/1.1" 304 0
[INFO] 2026-07-24 19:46:59,812 basehttp 576528 127057522587328 "GET /static/admin/img/icon-deletelink.svg HTTP/1.1" 304 0
[INFO] 2026-07-24 19:46:59,908 basehttp 576528 127057506854592 "GET /admin/jsi18n/ HTTP/1.1" 200 3343
[INFO] 2026-07-24 19:47:06,376 basehttp 576528 127057506854592 "POST /admin/stores/store/3/change/ HTTP/1.1" 200 54997
[INFO] 2026-07-24 19:47:06,512 basehttp 576528 127057506854592 "GET /admin/jsi18n/ HTTP/1.1" 200 3343
[INFO] 2026-07-24 19:47:09,832 basehttp 576528 127057506854592 "GET /admin/autocomplete/?app_label=stores&model_name=store&field_name=owner HTTP/1.1" 200 46
[INFO] 2026-07-24 19:47:10,093 basehttp 576528 127057506854592 "GET /__debug__/history_sidebar/?store_id=ecb19b3f88334785859e80e7a274d1d8 HTTP/1.1" 200 10290
[INFO] 2026-07-24 19:47:16,458 basehttp 576528 127057522587328 "GET /admin/accounts/user/add/?_to_field=id&_popup=1 HTTP/1.1" 200 23051
[INFO] 2026-07-24 19:47:16,808 basehttp 576528 127057522587328 "GET /admin/jsi18n/ HTTP/1.1" 200 3343
[INFO] 2026-07-24 19:47:31,178 basehttp 576528 127057522587328 "GET /admin/accounts/role/ HTTP/1.1" 200 35780
[INFO] 2026-07-24 19:47:31,344 basehttp 576528 127057522587328 "GET /admin/jsi18n/ HTTP/1.1" 200 3343
[INFO] 2026-07-24 19:47:37,046 basehttp 576528 127057522587328 "GET /admin/accounts/user/ HTTP/1.1" 200 42488
[INFO] 2026-07-24 19:47:37,280 basehttp 576528 127057522587328 "GET /admin/jsi18n/ HTTP/1.1" 200 3343
[INFO] 2026-07-24 19:47:43,454 basehttp 576528 127057522587328 "GET /admin/accounts/user/7/change/ HTTP/1.1" 200 66430
[INFO] 2026-07-24 19:47:43,708 basehttp 576528 127057522587328 "GET /admin/jsi18n/ HTTP/1.1" 200 3343
[INFO] 2026-07-24 19:47:50,595 basehttp 576528 127057522587328 "POST /admin/accounts/user/7/change/ HTTP/1.1" 302 0
[INFO] 2026-07-24 19:47:51,225 basehttp 576528 127057522587328 "GET /admin/accounts/user/ HTTP/1.1" 200 42708
[INFO] 2026-07-24 19:47:51,532 basehttp 576528 127057522587328 "GET /admin/jsi18n/ HTTP/1.1" 200 3343
[WARNING] 2026-07-24 19:48:05,998 log 576528 127057498461888 Forbidden: /api/v1/stores/3/approve/
[WARNING] 2026-07-24 19:48:05,998 basehttp 576528 127057498461888 "POST /api/v1/stores/3/approve/ HTTP/1.1" 403 245
[WARNING] 2026-07-24 19:48:06,953 log 576528 127057498461888 Forbidden: /api/v1/stores/3/approve/
[WARNING] 2026-07-24 19:48:06,954 basehttp 576528 127057498461888 "POST /api/v1/stores/3/approve/ HTTP/1.1" 403 245
[INFO] 2026-07-24 19:48:24,000 basehttp 576528 127057522587328 "GET /admin/stores/store/ HTTP/1.1" 200 42700
[INFO] 2026-07-24 19:48:24,134 basehttp 576528 127057522587328 "GET /admin/jsi18n/ HTTP/1.1" 200 3343
[INFO] 2026-07-24 19:48:26,513 basehttp 576528 127057522587328 "GET /admin/stores/store/3/change/ HTTP/1.1" 200 54921
[INFO] 2026-07-24 19:48:26,733 basehttp 576528 127057522587328 "GET /admin/jsi18n/ HTTP/1.1" 200 3343
[INFO] 2026-07-24 19:48:32,492 signals 576528 127057522587328 Store status changed: فروشگاه تست pending → active
[INFO] 2026-07-24 19:48:32,866 basehttp 576528 127057522587328 "POST /admin/stores/store/3/change/ HTTP/1.1" 302 0
[INFO] 2026-07-24 19:48:34,220 basehttp 576528 127057522587328 "GET /admin/stores/store/ HTTP/1.1" 200 42906
[INFO] 2026-07-24 19:48:34,453 basehttp 576528 127057522587328 "GET /admin/jsi18n/ HTTP/1.1" 200 3343
[INFO] 2026-07-24 19:48:44,311 basehttp 576528 127057522587328 "POST /admin/stores/store/ HTTP/1.1" 302 0
[INFO] 2026-07-24 19:48:45,741 basehttp 576528 127057522587328 "GET /admin/stores/store/ HTTP/1.1" 200 42680
[INFO] 2026-07-24 19:48:46,053 basehttp 576528 127057522587328 "GET /admin/jsi18n/ HTTP/1.1" 200 3343
[WARNING] 2026-07-24 19:48:51,118 log 576528 127057498461888 Forbidden: /api/v1/stores/3/approve/
[WARNING] 2026-07-24 19:48:51,119 basehttp 576528 127057498461888 "POST /api/v1/stores/3/approve/ HTTP/1.1" 403 245
[INFO] 2026-07-24 19:48:56,696 basehttp 576528 127057498461888 "OPTIONS /api/v1/auth/me/ HTTP/1.1" 200 0
[INFO] 2026-07-24 19:48:56,697 basehttp 576528 127057279317696 "OPTIONS /api/v1/auth/me/ HTTP/1.1" 200 0
[INFO] 2026-07-24 19:48:56,852 basehttp 576528 127057498461888 "GET /api/v1/auth/me/ HTTP/1.1" 200 404
[INFO] 2026-07-24 19:48:57,100 basehttp 576528 127057498461888 "GET /api/v1/auth/me/ HTTP/1.1" 200 404
[INFO] 2026-07-24 19:48:57,490 basehttp 576528 127057498461888 "GET /api/v1/stores/3/ HTTP/1.1" 200 786
[INFO] 2026-07-24 19:48:58,231 basehttp 576528 127057279317696 "GET /api/v1/stores/3/documents/ HTTP/1.1" 200 26
[INFO] 2026-07-24 19:48:58,461 basehttp 576528 127057498461888 "GET /api/v1/stores/3/ HTTP/1.1" 200 786
[WARNING] 2026-07-24 19:48:58,685 log 576528 127057279317696 Method Not Allowed: /api/v1/complaints/
[WARNING] 2026-07-24 19:48:58,690 basehttp 576528 127057279317696 "GET /api/v1/complaints/?store=3&page_size=20 HTTP/1.1" 405 137
[INFO] 2026-07-24 19:48:58,904 basehttp 576528 127057498461888 "GET /api/v1/stores/3/documents/ HTTP/1.1" 200 26
[WARNING] 2026-07-24 19:48:59,095 log 576528 127057498461888 Method Not Allowed: /api/v1/complaints/
[WARNING] 2026-07-24 19:48:59,096 basehttp 576528 127057498461888 "GET /api/v1/complaints/?store=3&page_size=20 HTTP/1.1" 405 137
[INFO] 2026-07-24 19:49:07,526 basehttp 576528 127057498461888 "OPTIONS /api/v1/stores/3/suspend/ HTTP/1.1" 200 0
[WARNING] 2026-07-24 19:49:07,755 log 576528 127057498461888 Forbidden: /api/v1/stores/3/suspend/
[WARNING] 2026-07-24 19:49:07,757 basehttp 576528 127057498461888 "POST /api/v1/stores/3/suspend/ HTTP/1.1" 403 245
[WARNING] 2026-07-24 19:49:10,587 log 576528 127057498461888 Bad Request: /api/v1/auth/logout/
[WARNING] 2026-07-24 19:49:10,588 basehttp 576528 127057498461888 "POST /api/v1/auth/logout/ HTTP/1.1" 400 132
[INFO] 2026-07-24 19:49:18,941 basehttp 576528 127057498461888 "OPTIONS /api/v1/auth/login/ HTTP/1.1" 200 0
[INFO] 2026-07-24 19:49:19,263 base_service 576528 127057498461888 User logged in with password: 09184423221
[INFO] 2026-07-24 19:49:19,424 basehttp 576528 127057498461888 "POST /api/v1/auth/login/ HTTP/1.1" 200 1140
[INFO] 2026-07-24 19:49:20,442 basehttp 576528 127057498461888 "GET /api/v1/stores/3/ HTTP/1.1" 200 786
[INFO] 2026-07-24 19:49:21,048 basehttp 576528 127057279317696 "GET /api/v1/stores/3/documents/ HTTP/1.1" 200 26
[INFO] 2026-07-24 19:49:21,328 basehttp 576528 127057498461888 "GET /api/v1/stores/3/ HTTP/1.1" 200 786
[WARNING] 2026-07-24 19:49:21,451 log 576528 127057279317696 Method Not Allowed: /api/v1/complaints/
[WARNING] 2026-07-24 19:49:21,464 basehttp 576528 127057279317696 "GET /api/v1/complaints/?store=3&page_size=20 HTTP/1.1" 405 137
[INFO] 2026-07-24 19:49:21,660 basehttp 576528 127057498461888 "GET /api/v1/stores/3/documents/ HTTP/1.1" 200 26
[WARNING] 2026-07-24 19:49:21,895 log 576528 127057498461888 Method Not Allowed: /api/v1/complaints/
[WARNING] 2026-07-24 19:49:21,895 basehttp 576528 127057498461888 "GET /api/v1/complaints/?store=3&page_size=20 HTTP/1.1" 405 137
[INFO] 2026-07-24 19:49:22,610 basehttp 576528 127057498461888 "GET /api/v1/stores/my-stores/ HTTP/1.1" 200 383
[INFO] 2026-07-24 19:49:22,988 basehttp 576528 127057498461888 "GET /api/v1/stores/my-stores/ HTTP/1.1" 200 383
[INFO] 2026-07-24 19:49:28,641 basehttp 576528 127057498461888 "GET /api/v1/stores/3/ HTTP/1.1" 200 786
[INFO] 2026-07-24 19:49:28,980 basehttp 576528 127057498461888 "GET /api/v1/stores/3/ HTTP/1.1" 200 786
[INFO] 2026-07-24 19:49:34,867 basehttp 576528 127057498461888 "GET /api/v1/stores/my-stores/ HTTP/1.1" 200 383
[INFO] 2026-07-24 19:49:35,206 basehttp 576528 127057498461888 "GET /api/v1/stores/my-stores/ HTTP/1.1" 200 383
[INFO] 2026-07-24 19:49:42,439 basehttp 576528 127057498461888 "GET /api/v1/auth/me/ HTTP/1.1" 200 404
[INFO] 2026-07-24 19:49:42,754 basehttp 576528 127057279317696 "GET /api/v1/geography/provinces/?page_size=50 HTTP/1.1" 200 152
[INFO] 2026-07-24 19:49:43,513 basehttp 576528 127057498461888 "GET /api/v1/auth/me/ HTTP/1.1" 200 404
[INFO] 2026-07-24 19:49:43,651 basehttp 576528 127057262532288 "GET /api/v1/geography/provinces/?page_size=50 HTTP/1.1" 200 152
[INFO] 2026-07-24 19:49:43,821 basehttp 576528 127057506854592 "GET /api/v1/stores/my-stores/ HTTP/1.1" 200 383
[INFO] 2026-07-24 19:49:44,215 basehttp 576528 127057506854592 "GET /api/v1/stores/my-stores/ HTTP/1.1" 200 383
[INFO] 2026-07-24 19:49:45,546 basehttp 576528 127057506854592 "GET /api/v1/stores/3/ HTTP/1.1" 200 786
[INFO] 2026-07-24 19:49:45,822 basehttp 576528 127057506854592 "GET /api/v1/stores/3/ HTTP/1.1" 200 786
[INFO] 2026-07-24 19:49:48,294 basehttp 576528 127057506854592 "GET /api/v1/stores/my-stores/ HTTP/1.1" 200 383
[INFO] 2026-07-24 19:49:48,538 basehttp 576528 127057506854592 "GET /api/v1/stores/my-stores/ HTTP/1.1" 200 383
[INFO] 2026-07-24 19:50:03,496 basehttp 576528 127057522587328 "GET /admin/accounts/user/ HTTP/1.1" 200 42483
[INFO] 2026-07-24 19:50:03,731 basehttp 576528 127057522587328 "GET /admin/jsi18n/ HTTP/1.1" 200 3343
[INFO] 2026-07-24 19:50:06,609 basehttp 576528 127057522587328 "GET /admin/accounts/user/4/change/ HTTP/1.1" 200 66477
[INFO] 2026-07-24 19:50:06,769 basehttp 576528 127057522587328 "GET /admin/jsi18n/ HTTP/1.1" 200 3343
[INFO] 2026-07-24 19:50:16,129 basehttp 576528 127057522587328 "POST /admin/accounts/user/4/change/ HTTP/1.1" 302 0
[INFO] 2026-07-24 19:50:16,691 basehttp 576528 127057522587328 "GET /admin/accounts/user/ HTTP/1.1" 200 42721
[INFO] 2026-07-24 19:50:17,007 basehttp 576528 127057522587328 "GET /admin/jsi18n/ HTTP/1.1" 200 3343
[WARNING] 2026-07-24 19:50:21,559 log 576528 127057506854592 Bad Request: /api/v1/auth/logout/
[WARNING] 2026-07-24 19:50:21,560 basehttp 576528 127057506854592 "POST /api/v1/auth/logout/ HTTP/1.1" 400 132
[INFO] 2026-07-24 19:50:31,380 base_service 576528 127057506854592 User logged in with password: 09056419609
[INFO] 2026-07-24 19:50:31,549 basehttp 576528 127057506854592 "POST /api/v1/auth/login/ HTTP/1.1" 200 1177
[INFO] 2026-07-24 19:50:32,325 basehttp 576528 127057506854592 "GET /api/v1/stores/my-stores/ HTTP/1.1" 200 26
[INFO] 2026-07-24 19:50:32,527 basehttp 576528 127057506854592 "GET /api/v1/stores/my-stores/ HTTP/1.1" 200 26
[INFO] 2026-07-24 19:50:34,899 basehttp 576528 127057506854592 "GET /api/v1/stores/?page=1&page_size=15 HTTP/1.1" 200 466
[INFO] 2026-07-24 19:50:35,187 basehttp 576528 127057506854592 "GET /api/v1/stores/?page=1&page_size=15 HTTP/1.1" 200 466
[INFO] 2026-07-24 19:50:37,781 basehttp 576528 127057506854592 "GET /api/v1/stores/3/ HTTP/1.1" 200 786
[INFO] 2026-07-24 19:50:38,215 basehttp 576528 127057262532288 "GET /api/v1/stores/3/documents/ HTTP/1.1" 200 26
[INFO] 2026-07-24 19:50:38,550 basehttp 576528 127057506854592 "GET /api/v1/stores/3/ HTTP/1.1" 200 786
[WARNING] 2026-07-24 19:50:38,717 log 576528 127057262532288 Method Not Allowed: /api/v1/complaints/
[WARNING] 2026-07-24 19:50:38,719 basehttp 576528 127057262532288 "GET /api/v1/complaints/?store=3&page_size=20 HTTP/1.1" 405 137
[INFO] 2026-07-24 19:50:38,996 basehttp 576528 127057506854592 "GET /api/v1/stores/3/documents/ HTTP/1.1" 200 26
[WARNING] 2026-07-24 19:50:39,184 log 576528 127057506854592 Method Not Allowed: /api/v1/complaints/
[WARNING] 2026-07-24 19:50:39,184 basehttp 576528 127057506854592 "GET /api/v1/complaints/?store=3&page_size=20 HTTP/1.1" 405 137
[INFO] 2026-07-24 19:50:43,871 basehttp 576528 127057506854592 "GET /api/v1/stores/pending/?page_size=50 HTTP/1.1" 200 109
[INFO] 2026-07-24 19:50:44,063 basehttp 576528 127057506854592 "GET /api/v1/stores/pending/?page_size=50 HTTP/1.1" 200 109
[INFO] 2026-07-24 19:50:45,497 basehttp 576528 127057506854592 "GET /api/v1/stores/?page=1&page_size=15 HTTP/1.1" 200 466
[INFO] 2026-07-24 19:50:45,790 basehttp 576528 127057506854592 "GET /api/v1/stores/?page=1&page_size=15 HTTP/1.1" 200 466
[INFO] 2026-07-24 19:50:58,733 basehttp 576528 127057522587328 "GET /admin/accounts/user/4/change/ HTTP/1.1" 200 66479
[INFO] 2026-07-24 19:50:59,006 basehttp 576528 127057522587328 "GET /admin/jsi18n/ HTTP/1.1" 200 3343
[INFO] 2026-07-24 19:51:07,827 basehttp 576528 127057522587328 "POST /admin/accounts/user/4/change/ HTTP/1.1" 302 0
[INFO] 2026-07-24 19:51:08,331 basehttp 576528 127057522587328 "GET /admin/accounts/user/ HTTP/1.1" 200 42716
[INFO] 2026-07-24 19:51:08,600 basehttp 576528 127057522587328 "GET /admin/jsi18n/ HTTP/1.1" 200 3343
[WARNING] 2026-07-24 19:51:13,230 log 576528 127057506854592 Bad Request: /api/v1/auth/logout/
[WARNING] 2026-07-24 19:51:13,230 basehttp 576528 127057506854592 "POST /api/v1/auth/logout/ HTTP/1.1" 400 132
[INFO] 2026-07-24 19:51:26,599 base_service 576528 127057506854592 User logged in with password: 09056419609
[INFO] 2026-07-24 19:51:26,723 basehttp 576528 127057506854592 "POST /api/v1/auth/login/ HTTP/1.1" 200 1165
[INFO] 2026-07-24 19:51:27,691 basehttp 576528 127057506854592 "GET /api/v1/stores/?page=1&page_size=15 HTTP/1.1" 200 466
[INFO] 2026-07-24 19:51:27,907 basehttp 576528 127057506854592 "GET /api/v1/stores/?page=1&page_size=15 HTTP/1.1" 200 466
[INFO] 2026-07-24 19:51:33,018 basehttp 576528 127057506854592 "GET /api/v1/pricing/official-prices/?page=1&page_size=15 HTTP/1.1" 200 109
[INFO] 2026-07-24 19:51:33,249 basehttp 576528 127057506854592 "GET /api/v1/pricing/official-prices/?page=1&page_size=15 HTTP/1.1" 200 109
[INFO] 2026-07-24 19:51:37,792 basehttp 576528 127057506854592 "GET /api/v1/stores/?page=1&page_size=12 HTTP/1.1" 200 466
[INFO] 2026-07-24 19:51:38,065 basehttp 576528 127057506854592 "GET /api/v1/stores/?page=1&page_size=12 HTTP/1.1" 200 466
[INFO] 2026-07-24 19:51:39,015 basehttp 576528 127057506854592 "OPTIONS /api/v1/pricing/store-prices/today/?store=3 HTTP/1.1" 200 0
[INFO] 2026-07-24 19:51:39,393 basehttp 576528 127057506854592 "GET /api/v1/pricing/store-prices/today/?store=3 HTTP/1.1" 200 26
[INFO] 2026-07-24 19:51:47,132 basehttp 576528 127057498461888 "OPTIONS /api/v1/stores/?page_size=1 HTTP/1.1" 200 0
[INFO] 2026-07-24 19:51:47,142 basehttp 576528 127057279317696 "OPTIONS /api/v1/complaints/my/?page_size=5 HTTP/1.1" 200 0
[INFO] 2026-07-24 19:51:47,144 basehttp 576528 127057262532288 "OPTIONS /api/v1/complaints/my/?page_size=5 HTTP/1.1" 200 0
[INFO] 2026-07-24 19:51:47,149 basehttp 576528 127057506854592 "OPTIONS /api/v1/stores/?page_size=1 HTTP/1.1" 200 0
[INFO] 2026-07-24 19:51:47,452 basehttp 576528 127057506854592 "GET /api/v1/complaints/my/?page_size=5 HTTP/1.1" 200 2
[INFO] 2026-07-24 19:51:47,746 basehttp 576528 127057498461888 "GET /api/v1/stores/?page_size=1 HTTP/1.1" 200 466
[INFO] 2026-07-24 19:51:47,960 basehttp 576528 127057506854592 "GET /api/v1/complaints/my/?page_size=5 HTTP/1.1" 200 2
[INFO] 2026-07-24 19:51:48,127 basehttp 576528 127057498461888 "GET /api/v1/stores/?page_size=1 HTTP/1.1" 200 466
[INFO] 2026-07-24 19:51:51,555 basehttp 576528 127057498461888 "GET /api/v1/stores/?page=1&page_size=12 HTTP/1.1" 200 466
[INFO] 2026-07-24 19:51:51,825 basehttp 576528 127057498461888 "GET /api/v1/stores/?page=1&page_size=12 HTTP/1.1" 200 466
[INFO] 2026-07-24 19:51:52,937 basehttp 576528 127057498461888 "GET /api/v1/auth/me/ HTTP/1.1" 200 424
[WARNING] 2026-07-24 19:51:53,171 log 576528 127057262532288 Bad Request: /api/v1/pricing/official-prices/today/
[WARNING] 2026-07-24 19:51:53,175 basehttp 576528 127057262532288 "GET /api/v1/pricing/official-prices/today/ HTTP/1.1" 400 75
[INFO] 2026-07-24 19:51:53,580 basehttp 576528 127057506854592 "GET /api/v1/products/?page_size=200 HTTP/1.1" 200 341
[INFO] 2026-07-24 19:51:53,955 basehttp 576528 127057498461888 "GET /api/v1/auth/me/ HTTP/1.1" 200 424
[WARNING] 2026-07-24 19:51:54,161 log 576528 127057262532288 Bad Request: /api/v1/pricing/official-prices/today/
[WARNING] 2026-07-24 19:51:54,162 basehttp 576528 127057262532288 "GET /api/v1/pricing/official-prices/today/ HTTP/1.1" 400 75
[INFO] 2026-07-24 19:51:54,255 basehttp 576528 127057506854592 "GET /api/v1/products/?page_size=200 HTTP/1.1" 200 341
[WARNING] 2026-07-24 19:52:00,016 log 576528 127057506854592 Bad Request: /api/v1/pricing/history/
[WARNING] 2026-07-24 19:52:00,016 basehttp 576528 127057506854592 "GET /api/v1/pricing/history/?page=1&page_size=20 HTTP/1.1" 400 91
[WARNING] 2026-07-24 19:52:00,121 log 576528 127057506854592 Bad Request: /api/v1/pricing/history/
[WARNING] 2026-07-24 19:52:00,121 basehttp 576528 127057506854592 "GET /api/v1/pricing/history/?page=1&page_size=20 HTTP/1.1" 400 91
[WARNING] 2026-07-24 19:52:03,632 log 576528 127057506854592 Bad Request: /api/v1/auth/logout/
[WARNING] 2026-07-24 19:52:03,632 basehttp 576528 127057506854592 "POST /api/v1/auth/logout/ HTTP/1.1" 400 132
[INFO] 2026-07-24 19:52:09,008 basehttp 576528 127057522587328 "GET /admin/accounts/user/7/change/ HTTP/1.1" 200 66430
[INFO] 2026-07-24 19:52:09,042 basehttp 576528 127057270924992 "GET /static/admin/css/forms.css HTTP/1.1" 304 0
[INFO] 2026-07-24 19:52:09,044 basehttp 576528 127057254139584 "GET /static/admin/js/collapse.js HTTP/1.1" 304 0
[INFO] 2026-07-24 19:52:09,045 basehttp 576528 127057245746880 "GET /static/admin/js/SelectBox.js HTTP/1.1" 304 0
[INFO] 2026-07-24 19:52:09,052 basehttp 576528 127057237354176 "GET /static/admin/js/SelectFilter2.js HTTP/1.1" 304 0
[INFO] 2026-07-24 19:52:09,055 basehttp 576528 127057245746880 "GET /static/admin/css/widgets.css HTTP/1.1" 304 0
[INFO] 2026-07-24 19:52:09,072 basehttp 576528 127057237354176 "GET /static/admin/js/prepopulate_init.js HTTP/1.1" 304 0
[INFO] 2026-07-24 19:52:09,116 basehttp 576528 127057237354176 "GET /static/admin/js/change_form.js HTTP/1.1" 304 0
[INFO] 2026-07-24 19:52:09,201 basehttp 576528 127057522587328 "GET /admin/jsi18n/ HTTP/1.1" 200 3343
[INFO] 2026-07-24 19:52:09,362 basehttp 576528 127057522587328 "GET /static/admin/img/icon-unknown.svg HTTP/1.1" 304 0
[INFO] 2026-07-24 19:52:09,373 basehttp 576528 127057522587328 "GET /static/admin/img/selector-icons.svg HTTP/1.1" 304 0
[INFO] 2026-07-24 19:52:09,375 basehttp 576528 127057237354176 "GET /static/admin/img/icon-unknown-alt.svg HTTP/1.1" 304 0
[INFO] 2026-07-24 19:52:11,762 basehttp 576528 127057522587328 "GET /admin/accounts/user/ HTTP/1.1" 200 42491
[INFO] 2026-07-24 19:52:23,712 base_service 576528 127057506854592 User logged in with password: 09184423221
[INFO] 2026-07-24 19:52:24,093 basehttp 576528 127057506854592 "POST /api/v1/auth/login/ HTTP/1.1" 200 1140
[WARNING] 2026-07-24 19:52:24,779 log 576528 127057506854592 Forbidden: /api/v1/pricing/history/
[WARNING] 2026-07-24 19:52:24,780 basehttp 576528 127057506854592 "GET /api/v1/pricing/history/?page=1&page_size=20 HTTP/1.1" 403 249
[WARNING] 2026-07-24 19:52:24,947 log 576528 127057506854592 Forbidden: /api/v1/pricing/history/
[WARNING] 2026-07-24 19:52:24,948 basehttp 576528 127057506854592 "GET /api/v1/pricing/history/?page=1&page_size=20 HTTP/1.1" 403 249
[INFO] 2026-07-24 19:52:29,860 basehttp 576528 127057506854592 "GET /api/v1/stores/my-stores/ HTTP/1.1" 200 383
[INFO] 2026-07-24 19:52:30,186 basehttp 576528 127057506854592 "GET /api/v1/stores/my-stores/ HTTP/1.1" 200 383
[INFO] 2026-07-24 19:52:33,215 basehttp 576528 127057506854592 "GET /api/v1/stores/3/ HTTP/1.1" 200 786
[INFO] 2026-07-24 19:52:33,488 basehttp 576528 127057506854592 "GET /api/v1/stores/3/ HTTP/1.1" 200 786
[WARNING] 2026-07-24 19:52:52,476 log 576528 127057506854592 Bad Request: /api/v1/auth/logout/
[WARNING] 2026-07-24 19:52:52,477 basehttp 576528 127057506854592 "POST /api/v1/auth/logout/ HTTP/1.1" 400 132
[INFO] 2026-07-24 19:53:02,566 base_service 576528 127057506854592 User logged in with password: 09056419609
[INFO] 2026-07-24 19:53:02,795 basehttp 576528 127057506854592 "POST /api/v1/auth/login/ HTTP/1.1" 200 1165
[INFO] 2026-07-24 19:53:03,926 basehttp 576528 127057506854592 "GET /api/v1/stores/3/ HTTP/1.1" 200 786
[INFO] 2026-07-24 19:53:04,280 basehttp 576528 127057506854592 "GET /api/v1/stores/3/ HTTP/1.1" 200 786
[INFO] 2026-07-24 19:53:09,831 basehttp 576528 127057522587328 "GET /admin/accounts/user/4/change/ HTTP/1.1" 200 66477
[INFO] 2026-07-24 19:53:10,078 basehttp 576528 127057522587328 "GET /admin/jsi18n/ HTTP/1.1" 200 3343
[INFO] 2026-07-24 19:53:14,938 basehttp 576528 127057522587328 "POST /admin/accounts/user/4/change/ HTTP/1.1" 302 0
[INFO] 2026-07-24 19:53:15,272 basehttp 576528 127057522587328 "GET /admin/accounts/user/ HTTP/1.1" 200 42708
[INFO] 2026-07-24 19:53:15,338 basehttp 576528 127057237354176 "GET /static/admin/img/icon-yes.svg HTTP/1.1" 304 0
[INFO] 2026-07-24 19:53:15,347 basehttp 576528 127057237354176 "GET /static/admin/img/icon-no.svg HTTP/1.1" 304 0
[INFO] 2026-07-24 19:53:15,476 basehttp 576528 127057522587328 "GET /admin/jsi18n/ HTTP/1.1" 200 3343
[INFO] 2026-07-24 19:53:21,288 basehttp 576528 127057506854592 "GET /api/v1/auth/me/ HTTP/1.1" 200 408
[INFO] 2026-07-24 19:53:21,484 basehttp 576528 127057506854592 "GET /api/v1/auth/me/ HTTP/1.1" 200 408
[INFO] 2026-07-24 19:53:21,829 basehttp 576528 127057506854592 "GET /api/v1/stores/3/ HTTP/1.1" 200 786
[INFO] 2026-07-24 19:53:22,124 basehttp 576528 127057506854592 "GET /api/v1/stores/3/ HTTP/1.1" 200 786
[INFO] 2026-07-24 19:53:27,335 basehttp 576528 127057506854592 "OPTIONS /api/v1/stores/?page=1&page_size=10 HTTP/1.1" 200 0
[INFO] 2026-07-24 19:53:27,335 basehttp 576528 127057262532288 "OPTIONS /api/v1/stores/?page=1&page_size=10 HTTP/1.1" 200 0
[INFO] 2026-07-24 19:53:27,616 basehttp 576528 127057506854592 "GET /api/v1/stores/?page=1&page_size=10 HTTP/1.1" 200 466
[INFO] 2026-07-24 19:53:27,954 basehttp 576528 127057506854592 "GET /api/v1/stores/?page=1&page_size=10 HTTP/1.1" 200 466
[INFO] 2026-07-24 19:53:29,198 basehttp 576528 127057506854592 "OPTIONS /api/v1/products/categories/?page_size=200 HTTP/1.1" 200 0
[INFO] 2026-07-24 19:53:29,203 basehttp 576528 127057262532288 "OPTIONS /api/v1/products/units/ HTTP/1.1" 200 0
[INFO] 2026-07-24 19:53:29,207 basehttp 576528 127057498461888 "OPTIONS /api/v1/products/?page=1&page_size=12 HTTP/1.1" 200 0
[INFO] 2026-07-24 19:53:29,209 basehttp 576528 127057279317696 "OPTIONS /api/v1/products/categories/?page_size=200 HTTP/1.1" 200 0
[INFO] 2026-07-24 19:53:29,226 basehttp 576528 127056876664512 "OPTIONS /api/v1/products/?page=1&page_size=12 HTTP/1.1" 200 0
[INFO] 2026-07-24 19:53:29,227 basehttp 576528 127057506854592 "OPTIONS /api/v1/products/units/ HTTP/1.1" 200 0
[INFO] 2026-07-24 19:53:29,863 basehttp 576528 127057279317696 "GET /api/v1/products/units/ HTTP/1.1" 200 89
[INFO] 2026-07-24 19:53:30,135 basehttp 576528 127057262532288 "GET /api/v1/products/?page=1&page_size=12 HTTP/1.1" 200 341
[INFO] 2026-07-24 19:53:30,692 basehttp 576528 127057498461888 "GET /api/v1/products/categories/?page_size=200 HTTP/1.1" 200 198
[INFO] 2026-07-24 19:53:31,071 basehttp 576528 127057279317696 "GET /api/v1/products/units/ HTTP/1.1" 200 89
[INFO] 2026-07-24 19:53:31,324 basehttp 576528 127057262532288 "GET /api/v1/products/?page=1&page_size=12 HTTP/1.1" 200 341
[INFO] 2026-07-24 19:53:31,459 basehttp 576528 127057498461888 "GET /api/v1/products/categories/?page_size=200 HTTP/1.1" 200 198
[INFO] 2026-07-24 19:54:12,627 basehttp 576528 127057522587328 "GET /admin/products/product/ HTTP/1.1" 200 40570
[INFO] 2026-07-24 19:54:12,870 basehttp 576528 127057522587328 "GET /admin/jsi18n/ HTTP/1.1" 200 3343
[INFO] 2026-07-24 19:54:19,601 basehttp 576528 127057522587328 "GET /admin/products/product/1/change/ HTTP/1.1" 200 50896
[INFO] 2026-07-24 19:54:19,888 basehttp 576528 127057522587328 "GET /admin/jsi18n/ HTTP/1.1" 200 3343
[INFO] 2026-07-24 19:54:23,774 basehttp 576528 127057522587328 "GET /admin/products/product/1/delete/ HTTP/1.1" 200 35054
[INFO] 2026-07-24 19:54:23,803 basehttp 576528 127057522587328 "GET /static/admin/js/cancel.js HTTP/1.1" 304 0
[INFO] 2026-07-24 19:54:25,532 basehttp 576528 127057522587328 "POST /admin/products/product/1/delete/ HTTP/1.1" 302 0
[INFO] 2026-07-24 19:54:25,905 basehttp 576528 127057522587328 "GET /admin/products/product/ HTTP/1.1" 200 36688
[INFO] 2026-07-24 19:54:26,191 basehttp 576528 127057522587328 "GET /admin/jsi18n/ HTTP/1.1" 200 3343
[INFO] 2026-07-24 19:54:38,603 basehttp 576528 127057498461888 "GET /api/v1/auth/me/ HTTP/1.1" 200 408
[INFO] 2026-07-24 19:54:38,737 basehttp 576528 127057498461888 "GET /api/v1/auth/me/ HTTP/1.1" 200 408
[INFO] 2026-07-24 19:54:39,222 basehttp 576528 127057262532288 "GET /api/v1/products/units/ HTTP/1.1" 200 89
[INFO] 2026-07-24 19:54:39,716 basehttp 576528 127057279317696 "GET /api/v1/products/?page=1&page_size=12 HTTP/1.1" 200 109
[INFO] 2026-07-24 19:54:39,807 basehttp 576528 127057498461888 "GET /api/v1/products/categories/?page_size=200 HTTP/1.1" 200 198
[INFO] 2026-07-24 19:54:40,169 basehttp 576528 127057262532288 "GET /api/v1/products/units/ HTTP/1.1" 200 89
[INFO] 2026-07-24 19:54:40,261 basehttp 576528 127057506854592 "GET /api/v1/products/?page=1&page_size=12 HTTP/1.1" 200 109
[INFO] 2026-07-24 19:54:40,418 basehttp 576528 127057498461888 "GET /api/v1/products/categories/?page_size=200 HTTP/1.1" 200 198
[INFO] 2026-07-24 19:55:16,828 basehttp 576528 127057498461888 "GET /api/v1/products/categories/?page_size=200 HTTP/1.1" 200 198
[INFO] 2026-07-24 19:55:17,194 basehttp 576528 127057498461888 "GET /api/v1/products/categories/?page_size=200 HTTP/1.1" 200 198
[INFO] 2026-07-24 19:55:22,254 basehttp 576528 127057498461888 "OPTIONS /api/v1/organizations/chambers/?page_size=500 HTTP/1.1" 200 0
[INFO] 2026-07-24 19:55:22,261 basehttp 576528 127057506854592 "OPTIONS /api/v1/organizations/unions/?page=1&page_size=9 HTTP/1.1" 200 0
[INFO] 2026-07-24 19:55:22,264 basehttp 576528 127057262532288 "OPTIONS /api/v1/organizations/chambers/?page_size=500 HTTP/1.1" 200 0
[INFO] 2026-07-24 19:55:22,271 basehttp 576528 127057279317696 "OPTIONS /api/v1/organizations/unions/?page=1&page_size=9 HTTP/1.1" 200 0
[INFO] 2026-07-24 19:55:23,317 basehttp 576528 127057506854592 "GET /api/v1/organizations/unions/?page=1&page_size=9 HTTP/1.1" 200 1548
[INFO] 2026-07-24 19:55:24,256 basehttp 576528 127057262532288 "GET /api/v1/organizations/chambers/?page_size=500 HTTP/1.1" 200 1927
[INFO] 2026-07-24 19:55:25,154 basehttp 576528 127057506854592 "GET /api/v1/organizations/unions/?page=1&page_size=9 HTTP/1.1" 200 1548
[INFO] 2026-07-24 19:55:25,481 basehttp 576528 127057262532288 "GET /api/v1/organizations/chambers/?page_size=500 HTTP/1.1" 200 1927
[INFO] 2026-07-24 19:55:43,673 basehttp 576528 127057262532288 "GET /api/v1/products/categories/?page_size=200 HTTP/1.1" 200 198
[INFO] 2026-07-24 19:55:43,845 basehttp 576528 127057262532288 "GET /api/v1/products/categories/?page_size=200 HTTP/1.1" 200 198
[INFO] 2026-07-24 19:59:04,344 basehttp 576528 127057262532288 "OPTIONS /api/v1/products/categories/ HTTP/1.1" 200 0
[INFO] 2026-07-24 19:59:04,422 base_service 576528 127057262532288 ProductCategory created: برنج ایرانی
[INFO] 2026-07-24 19:59:04,672 basehttp 576528 127057262532288 "POST /api/v1/products/categories/ HTTP/1.1" 201 437
[INFO] 2026-07-24 19:59:04,970 basehttp 576528 127057262532288 "GET /api/v1/products/categories/?page_size=200 HTTP/1.1" 200 379
[INFO] 2026-07-24 19:59:21,059 base_service 576528 127057262532288 ProductCategory created: برنج طارم
[INFO] 2026-07-24 19:59:21,338 basehttp 576528 127057262532288 "POST /api/v1/products/categories/ HTTP/1.1" 201 467
[INFO] 2026-07-24 19:59:21,733 basehttp 576528 127057262532288 "GET /api/v1/products/categories/?page_size=200 HTTP/1.1" 200 570
[INFO] 2026-07-24 19:59:41,681 base_service 576528 127057262532288 ProductCategory created: برنج فجر
[INFO] 2026-07-24 19:59:41,944 basehttp 576528 127057262532288 "POST /api/v1/products/categories/ HTTP/1.1" 201 461
[INFO] 2026-07-24 19:59:42,296 basehttp 576528 127057262532288 "GET /api/v1/products/categories/?page_size=200 HTTP/1.1" 200 757
[INFO] 2026-07-24 19:59:54,631 base_service 576528 127057262532288 ProductCategory created: برنج هندی
[INFO] 2026-07-24 19:59:54,830 basehttp 576528 127057262532288 "POST /api/v1/products/categories/ HTTP/1.1" 201 425
[INFO] 2026-07-24 19:59:55,291 basehttp 576528 127057262532288 "GET /api/v1/products/categories/?page_size=200 HTTP/1.1" 200 930
[INFO] 2026-07-24 20:00:05,515 base_service 576528 127057262532288 ProductCategory created: برنج پاکستانی
[INFO] 2026-07-24 20:00:05,778 basehttp 576528 127057262532288 "POST /api/v1/products/categories/ HTTP/1.1" 201 449
[INFO] 2026-07-24 20:00:06,379 basehttp 576528 127057262532288 "GET /api/v1/products/categories/?page_size=200 HTTP/1.1" 200 1119
[INFO] 2026-07-24 20:00:08,617 basehttp 576528 127057279317696 "GET /api/v1/products/?page=1&page_size=12 HTTP/1.1" 200 109
[INFO] 2026-07-24 20:00:08,873 basehttp 576528 127057506854592 "GET /api/v1/products/units/ HTTP/1.1" 200 89
[INFO] 2026-07-24 20:00:09,094 basehttp 576528 127057279317696 "GET /api/v1/products/?page=1&page_size=12 HTTP/1.1" 200 109
[INFO] 2026-07-24 20:00:09,388 basehttp 576528 127057262532288 "GET /api/v1/products/categories/?page_size=200 HTTP/1.1" 200 1119
[INFO] 2026-07-24 20:00:09,712 basehttp 576528 127057506854592 "GET /api/v1/products/units/ HTTP/1.1" 200 89
[INFO] 2026-07-24 20:00:10,173 basehttp 576528 127057262532288 "GET /api/v1/products/categories/?page_size=200 HTTP/1.1" 200 1119
[INFO] 2026-07-24 20:01:36,444 basehttp 576528 127057262532288 "OPTIONS /api/v1/products/ HTTP/1.1" 200 0
[INFO] 2026-07-24 20:01:36,540 signals 576528 127057262532288 New product created: برنج طارم هاشمی درجه یک in category: برنج طارم
[INFO] 2026-07-24 20:01:36,541 base_service 576528 127057262532288 Product created: برنج طارم هاشمی درجه یک
[INFO] 2026-07-24 20:01:36,733 basehttp 576528 127057262532288 "POST /api/v1/products/ HTTP/1.1" 201 812
[INFO] 2026-07-24 20:01:37,141 basehttp 576528 127057262532288 "GET /api/v1/products/?page=1&page_size=12 HTTP/1.1" 200 409
[INFO] 2026-07-24 20:01:44,416 basehttp 576528 127057262532288 "GET /api/v1/products/categories/?page_size=200 HTTP/1.1" 200 1119
[INFO] 2026-07-24 20:01:44,821 basehttp 576528 127057262532288 "GET /api/v1/products/categories/?page_size=200 HTTP/1.1" 200 1119
[INFO] 2026-07-24 20:01:45,368 basehttp 576528 127057262532288 "GET /api/v1/stores/?page=1&page_size=10 HTTP/1.1" 200 466
[INFO] 2026-07-24 20:01:45,532 basehttp 576528 127057262532288 "GET /api/v1/stores/?page=1&page_size=10 HTTP/1.1" 200 466
[INFO] 2026-07-24 20:01:47,899 basehttp 576528 127057262532288 "OPTIONS /api/v1/auth/logout/ HTTP/1.1" 200 0
[WARNING] 2026-07-24 20:01:48,008 log 576528 127057262532288 Bad Request: /api/v1/auth/logout/
[WARNING] 2026-07-24 20:01:48,008 basehttp 576528 127057262532288 "POST /api/v1/auth/logout/ HTTP/1.1" 400 132
[INFO] 2026-07-24 20:01:56,746 basehttp 576528 127057498461888 "GET /admin/accounts/user/ HTTP/1.1" 200 42483
[INFO] 2026-07-24 20:01:56,926 basehttp 576528 127057498461888 "GET /admin/jsi18n/ HTTP/1.1" 200 3343
[INFO] 2026-07-24 20:01:57,031 basehttp 576528 127057498461888 "GET /static/admin/img/sorting-icons.svg HTTP/1.1" 304 0
[INFO] 2026-07-24 20:02:04,249 basehttp 576528 127057498461888 "GET /admin/accounts/user/7/change/ HTTP/1.1" 200 66430
[INFO] 2026-07-24 20:02:04,469 basehttp 576528 127057498461888 "GET /admin/jsi18n/ HTTP/1.1" 200 3343
[INFO] 2026-07-24 20:02:10,464 basehttp 576528 127057498461888 "POST /admin/accounts/user/7/change/ HTTP/1.1" 302 0
[INFO] 2026-07-24 20:02:10,759 basehttp 576528 127057498461888 "GET /admin/accounts/user/ HTTP/1.1" 200 42708
[INFO] 2026-07-24 20:02:10,944 basehttp 576528 127057498461888 "GET /admin/jsi18n/ HTTP/1.1" 200 3343
[WARNING] 2026-07-24 20:02:21,571 log 576528 127057262532288 Unauthorized: /api/v1/auth/login/
[WARNING] 2026-07-24 20:02:21,572 basehttp 576528 127057262532288 "POST /api/v1/auth/login/ HTTP/1.1" 401 134
[INFO] 2026-07-24 20:02:32,132 base_service 576528 127057262532288 User logged in with password: 09184423221
[INFO] 2026-07-24 20:02:32,249 basehttp 576528 127057262532288 "POST /api/v1/auth/login/ HTTP/1.1" 200 1147
[INFO] 2026-07-24 20:02:33,157 basehttp 576528 127057262532288 "GET /api/v1/stores/?page=1&page_size=10 HTTP/1.1" 200 466
[INFO] 2026-07-24 20:02:33,353 basehttp 576528 127057262532288 "GET /api/v1/stores/?page=1&page_size=10 HTTP/1.1" 200 466
[INFO] 2026-07-24 20:02:36,205 basehttp 576528 127057262532288 "GET /api/v1/pricing/official-prices/?page=1&page_size=15 HTTP/1.1" 200 109
[INFO] 2026-07-24 20:02:36,362 basehttp 576528 127057262532288 "GET /api/v1/pricing/official-prices/?page=1&page_size=15 HTTP/1.1" 200 109
[INFO] 2026-07-24 20:02:38,538 basehttp 576528 127057262532288 "GET /api/v1/auth/me/ HTTP/1.1" 200 406
[WARNING] 2026-07-24 20:02:38,693 log 576528 127057279317696 Bad Request: /api/v1/pricing/official-prices/today/
[WARNING] 2026-07-24 20:02:38,696 basehttp 576528 127057279317696 "GET /api/v1/pricing/official-prices/today/ HTTP/1.1" 400 75
[INFO] 2026-07-24 20:02:38,925 basehttp 576528 127057506854592 "GET /api/v1/products/?page_size=200 HTTP/1.1" 200 409
[INFO] 2026-07-24 20:02:39,109 basehttp 576528 127057262532288 "GET /api/v1/auth/me/ HTTP/1.1" 200 406
[WARNING] 2026-07-24 20:02:39,192 log 576528 127057279317696 Bad Request: /api/v1/pricing/official-prices/today/
[WARNING] 2026-07-24 20:02:39,193 basehttp 576528 127057279317696 "GET /api/v1/pricing/official-prices/today/ HTTP/1.1" 400 75
[INFO] 2026-07-24 20:02:39,318 basehttp 576528 127057506854592 "GET /api/v1/products/?page_size=200 HTTP/1.1" 200 409
[INFO] 2026-07-24 20:02:53,572 basehttp 576528 127057498461888 "GET /admin/accounts/user/7/change/ HTTP/1.1" 200 66430
[INFO] 2026-07-24 20:02:53,723 basehttp 576528 127057498461888 "GET /admin/jsi18n/ HTTP/1.1" 200 3343
[WARNING] 2026-07-24 20:03:16,534 log 576528 127057506854592 Bad Request: /api/v1/auth/logout/
[WARNING] 2026-07-24 20:03:16,535 basehttp 576528 127057506854592 "POST /api/v1/auth/logout/ HTTP/1.1" 400 132
[INFO] 2026-07-24 20:03:29,883 base_service 576528 127057506854592 User logged in with password: 09056419609
[INFO] 2026-07-24 20:03:30,020 basehttp 576528 127057506854592 "POST /api/v1/auth/login/ HTTP/1.1" 200 1128
[WARNING] 2026-07-24 20:03:30,983 log 576528 127057262532288 Bad Request: /api/v1/pricing/official-prices/today/
[WARNING] 2026-07-24 20:03:30,984 basehttp 576528 127057262532288 "GET /api/v1/pricing/official-prices/today/ HTTP/1.1" 400 75
[INFO] 2026-07-24 20:03:31,265 basehttp 576528 127057506854592 "GET /api/v1/auth/me/ HTTP/1.1" 200 408
[INFO] 2026-07-24 20:03:31,289 basehttp 576528 127057279317696 "GET /api/v1/products/?page_size=200 HTTP/1.1" 200 409
[WARNING] 2026-07-24 20:03:31,461 log 576528 127057262532288 Bad Request: /api/v1/pricing/official-prices/today/
[WARNING] 2026-07-24 20:03:31,462 basehttp 576528 127057262532288 "GET /api/v1/pricing/official-prices/today/ HTTP/1.1" 400 75
[INFO] 2026-07-24 20:03:31,746 basehttp 576528 127057279317696 "GET /api/v1/products/?page_size=200 HTTP/1.1" 200 409
[INFO] 2026-07-24 20:03:31,750 basehttp 576528 127057506854592 "GET /api/v1/auth/me/ HTTP/1.1" 200 408
[INFO] 2026-07-24 20:03:33,641 basehttp 576528 127057279317696 "GET /api/v1/organizations/unions/?page=1&page_size=9 HTTP/1.1" 200 1548
[INFO] 2026-07-24 20:03:34,424 basehttp 576528 127057506854592 "GET /api/v1/organizations/chambers/?page_size=500 HTTP/1.1" 200 1927
[INFO] 2026-07-24 20:03:34,913 basehttp 576528 127057279317696 "GET /api/v1/organizations/unions/?page=1&page_size=9 HTTP/1.1" 200 1548
[INFO] 2026-07-24 20:03:35,215 basehttp 576528 127057506854592 "GET /api/v1/organizations/chambers/?page_size=500 HTTP/1.1" 200 1927
[INFO] 2026-07-24 20:03:55,057 basehttp 576528 127057498461888 "GET /admin/accounts/verifycode/ HTTP/1.1" 200 39454
[INFO] 2026-07-24 20:03:55,186 basehttp 576528 127057498461888 "GET /admin/jsi18n/ HTTP/1.1" 200 3343
[INFO] 2026-07-24 20:04:05,765 basehttp 576528 127057498461888 "GET /admin/accounts/role/ HTTP/1.1" 200 35780
[INFO] 2026-07-24 20:04:05,931 basehttp 576528 127057498461888 "GET /admin/jsi18n/ HTTP/1.1" 200 3343
[INFO] 2026-07-24 20:04:09,710 basehttp 576528 127057498461888 "GET /admin/accounts/user/ HTTP/1.1" 200 42483
[INFO] 2026-07-24 20:04:09,878 basehttp 576528 127057498461888 "GET /admin/jsi18n/ HTTP/1.1" 200 3343
[INFO] 2026-07-24 20:04:14,444 basehttp 576528 127057498461888 "GET /admin/accounts/user/7/change/ HTTP/1.1" 200 66430
[INFO] 2026-07-24 20:04:14,586 basehttp 576528 127057498461888 "GET /admin/jsi18n/ HTTP/1.1" 200 3343
[INFO] 2026-07-24 20:04:41,619 basehttp 576528 127057498461888 "GET /admin/accounts/user/7/history/ HTTP/1.1" 200 36372
[INFO] 2026-07-24 20:04:50,880 basehttp 576528 127057506854592 "OPTIONS /api/v1/organizations/unions/2/assign-manager/ HTTP/1.1" 200 0
[WARNING] 2026-07-24 20:04:51,119 log 576528 127057506854592 Not Found: /api/v1/organizations/unions/2/assign-manager/
[WARNING] 2026-07-24 20:04:51,120 basehttp 576528 127057506854592 "POST /api/v1/organizations/unions/2/assign-manager/ HTTP/1.1" 404 101
[ERROR] 2026-07-24 20:04:57,573 api_exceptions 576528 127057506854592 Unhandled exception occurred
Traceback (most recent call last):
  File "/home/nimamakhmali/Music/Nazer-Bazaar/backend/venv/lib/python3.12/site-packages/rest_framework/views.py", line 506, in dispatch
    response = handler(request, *args, **kwargs)
               ^^^^^^^^^^^^^^^^^^^^^^^^^^^^^^^^^
  File "/home/nimamakhmali/Music/Nazer-Bazaar/backend/apps/organizations/views/union_views.py", line 217, in post
    updated = service.assign_manager(
              ^^^^^^^^^^^^^^^^^^^^^^^
  File "/home/nimamakhmali/Music/Nazer-Bazaar/backend/apps/organizations/services/union_service.py", line 219, in assign_manager
    manager = ProvinceOfficeService._get_valid_manager(
              ^^^^^^^^^^^^^^^^^^^^^^^^^^^^^^^^^^^^^^^^^
  File "/home/nimamakhmali/Music/Nazer-Bazaar/backend/apps/organizations/services/province_office_service.py", line 214, in _get_valid_manager
    raise ValueError(
ValueError: کاربر انتخاب‌شده نقش "union_manager" ندارد
[ERROR] 2026-07-24 20:04:57,722 log 576528 127057506854592 Internal Server Error: /api/v1/organizations/unions/2/assign-manager/
[ERROR] 2026-07-24 20:04:57,724 basehttp 576528 127057506854592 "POST /api/v1/organizations/unions/2/assign-manager/ HTTP/1.1" 500 111
[INFO] 2026-07-24 20:05:10,595 basehttp 576528 127057498461888 "GET /admin/accounts/verifycode/ HTTP/1.1" 200 39454
[INFO] 2026-07-24 20:05:10,742 basehttp 576528 127057498461888 "GET /admin/jsi18n/ HTTP/1.1" 200 3343
[INFO] 2026-07-24 20:05:14,659 basehttp 576528 127057498461888 "GET /admin/accounts/user/ HTTP/1.1" 200 42483
[INFO] 2026-07-24 20:05:14,795 basehttp 576528 127057498461888 "GET /admin/jsi18n/ HTTP/1.1" 200 3343
[INFO] 2026-07-24 20:05:23,528 basehttp 576528 127057498461888 "GET /admin/accounts/user/7/change/ HTTP/1.1" 200 66430
[INFO] 2026-07-24 20:05:23,673 basehttp 576528 127057498461888 "GET /admin/jsi18n/ HTTP/1.1" 200 3343
[INFO] 2026-07-24 20:05:54,622 basehttp 576528 127057506854592 "OPTIONS /api/v1/auth/users/?page=1&page_size=10 HTTP/1.1" 200 0
[INFO] 2026-07-24 20:05:54,622 basehttp 576528 127057279317696 "OPTIONS /api/v1/auth/users/?page=1&page_size=10 HTTP/1.1" 200 0
[INFO] 2026-07-24 20:05:54,927 basehttp 576528 127057506854592 "GET /api/v1/auth/users/?page=1&page_size=10 HTTP/1.1" 200 2204
[INFO] 2026-07-24 20:05:55,258 basehttp 576528 127057506854592 "GET /api/v1/auth/users/?page=1&page_size=10 HTTP/1.1" 200 2204
[INFO] 2026-07-24 20:06:13,685 basehttp 576528 127057498461888 "GET /admin/accounts/user/ HTTP/1.1" 200 42483
[INFO] 2026-07-24 20:06:18,692 basehttp 576528 127057498461888 "GET /admin/accounts/user/7/change/ HTTP/1.1" 200 66430
[INFO] 2026-07-24 20:06:18,860 basehttp 576528 127057498461888 "GET /admin/jsi18n/ HTTP/1.1" 200 3343
[INFO] 2026-07-24 20:06:23,324 basehttp 576528 127057279317696 "GET /api/v1/organizations/unions/?page=1&page_size=9 HTTP/1.1" 200 1548
[INFO] 2026-07-24 20:06:24,181 basehttp 576528 127057506854592 "GET /api/v1/organizations/chambers/?page_size=500 HTTP/1.1" 200 1927
[INFO] 2026-07-24 20:06:24,656 basehttp 576528 127057279317696 "GET /api/v1/organizations/unions/?page=1&page_size=9 HTTP/1.1" 200 1548
[INFO] 2026-07-24 20:06:24,998 basehttp 576528 127057506854592 "GET /api/v1/organizations/chambers/?page_size=500 HTTP/1.1" 200 1927
[WARNING] 2026-07-24 20:06:27,652 log 576528 127057506854592 Not Found: /api/v1/organizations/unions/2/assign-manager/
[WARNING] 2026-07-24 20:06:27,653 basehttp 576528 127057506854592 "POST /api/v1/organizations/unions/2/assign-manager/ HTTP/1.1" 404 101
[ERROR] 2026-07-24 20:06:29,719 api_exceptions 576528 127057506854592 Unhandled exception occurred
Traceback (most recent call last):
  File "/home/nimamakhmali/Music/Nazer-Bazaar/backend/venv/lib/python3.12/site-packages/rest_framework/views.py", line 506, in dispatch
    response = handler(request, *args, **kwargs)
               ^^^^^^^^^^^^^^^^^^^^^^^^^^^^^^^^^
  File "/home/nimamakhmali/Music/Nazer-Bazaar/backend/apps/organizations/views/union_views.py", line 217, in post
    updated = service.assign_manager(
              ^^^^^^^^^^^^^^^^^^^^^^^
  File "/home/nimamakhmali/Music/Nazer-Bazaar/backend/apps/organizations/services/union_service.py", line 219, in assign_manager
    manager = ProvinceOfficeService._get_valid_manager(
              ^^^^^^^^^^^^^^^^^^^^^^^^^^^^^^^^^^^^^^^^^
  File "/home/nimamakhmali/Music/Nazer-Bazaar/backend/apps/organizations/services/province_office_service.py", line 214, in _get_valid_manager
    raise ValueError(
ValueError: کاربر انتخاب‌شده نقش "union_manager" ندارد
[ERROR] 2026-07-24 20:06:29,903 log 576528 127057506854592 Internal Server Error: /api/v1/organizations/unions/2/assign-manager/
[ERROR] 2026-07-24 20:06:29,904 basehttp 576528 127057506854592 "POST /api/v1/organizations/unions/2/assign-manager/ HTTP/1.1" 500 111
[ERROR] 2026-07-24 20:06:32,169 api_exceptions 576528 127057506854592 Unhandled exception occurred
Traceback (most recent call last):
  File "/home/nimamakhmali/Music/Nazer-Bazaar/backend/venv/lib/python3.12/site-packages/rest_framework/views.py", line 506, in dispatch
    response = handler(request, *args, **kwargs)
               ^^^^^^^^^^^^^^^^^^^^^^^^^^^^^^^^^
  File "/home/nimamakhmali/Music/Nazer-Bazaar/backend/apps/organizations/views/union_views.py", line 217, in post
    updated = service.assign_manager(
              ^^^^^^^^^^^^^^^^^^^^^^^
  File "/home/nimamakhmali/Music/Nazer-Bazaar/backend/apps/organizations/services/union_service.py", line 219, in assign_manager
    manager = ProvinceOfficeService._get_valid_manager(
              ^^^^^^^^^^^^^^^^^^^^^^^^^^^^^^^^^^^^^^^^^
  File "/home/nimamakhmali/Music/Nazer-Bazaar/backend/apps/organizations/services/province_office_service.py", line 214, in _get_valid_manager
    raise ValueError(
ValueError: کاربر انتخاب‌شده نقش "union_manager" ندارد
[ERROR] 2026-07-24 20:06:32,350 log 576528 127057506854592 Internal Server Error: /api/v1/organizations/unions/2/assign-manager/
[ERROR] 2026-07-24 20:06:32,351 basehttp 576528 127057506854592 "POST /api/v1/organizations/unions/2/assign-manager/ HTTP/1.1" 500 111
[ERROR] 2026-07-24 20:06:34,442 api_exceptions 576528 127057506854592 Unhandled exception occurred
Traceback (most recent call last):
  File "/home/nimamakhmali/Music/Nazer-Bazaar/backend/venv/lib/python3.12/site-packages/rest_framework/views.py", line 506, in dispatch
    response = handler(request, *args, **kwargs)
               ^^^^^^^^^^^^^^^^^^^^^^^^^^^^^^^^^
  File "/home/nimamakhmali/Music/Nazer-Bazaar/backend/apps/organizations/views/union_views.py", line 217, in post
    updated = service.assign_manager(
              ^^^^^^^^^^^^^^^^^^^^^^^
  File "/home/nimamakhmali/Music/Nazer-Bazaar/backend/apps/organizations/services/union_service.py", line 219, in assign_manager
    manager = ProvinceOfficeService._get_valid_manager(
              ^^^^^^^^^^^^^^^^^^^^^^^^^^^^^^^^^^^^^^^^^
  File "/home/nimamakhmali/Music/Nazer-Bazaar/backend/apps/organizations/services/province_office_service.py", line 214, in _get_valid_manager
    raise ValueError(
ValueError: کاربر انتخاب‌شده نقش "union_manager" ندارد
[ERROR] 2026-07-24 20:06:34,620 log 576528 127057506854592 Internal Server Error: /api/v1/organizations/unions/2/assign-manager/
[ERROR] 2026-07-24 20:06:34,620 basehttp 576528 127057506854592 "POST /api/v1/organizations/unions/2/assign-manager/ HTTP/1.1" 500 111
[ERROR] 2026-07-24 20:06:36,953 api_exceptions 576528 127057506854592 Unhandled exception occurred
Traceback (most recent call last):
  File "/home/nimamakhmali/Music/Nazer-Bazaar/backend/venv/lib/python3.12/site-packages/rest_framework/views.py", line 506, in dispatch
    response = handler(request, *args, **kwargs)
               ^^^^^^^^^^^^^^^^^^^^^^^^^^^^^^^^^
  File "/home/nimamakhmali/Music/Nazer-Bazaar/backend/apps/organizations/views/union_views.py", line 217, in post
    updated = service.assign_manager(
              ^^^^^^^^^^^^^^^^^^^^^^^
  File "/home/nimamakhmali/Music/Nazer-Bazaar/backend/apps/organizations/services/union_service.py", line 219, in assign_manager
    manager = ProvinceOfficeService._get_valid_manager(
              ^^^^^^^^^^^^^^^^^^^^^^^^^^^^^^^^^^^^^^^^^
  File "/home/nimamakhmali/Music/Nazer-Bazaar/backend/apps/organizations/services/province_office_service.py", line 214, in _get_valid_manager
    raise ValueError(
ValueError: کاربر انتخاب‌شده نقش "union_manager" ندارد
[ERROR] 2026-07-24 20:06:37,102 log 576528 127057506854592 Internal Server Error: /api/v1/organizations/unions/2/assign-manager/
[ERROR] 2026-07-24 20:06:37,103 basehttp 576528 127057506854592 "POST /api/v1/organizations/unions/2/assign-manager/ HTTP/1.1" 500 111
[WARNING] 2026-07-24 20:06:39,593 log 576528 127057506854592 Not Found: /api/v1/organizations/unions/2/assign-manager/
[WARNING] 2026-07-24 20:06:39,594 basehttp 576528 127057506854592 "POST /api/v1/organizations/unions/2/assign-manager/ HTTP/1.1" 404 101
[INFO] 2026-07-24 20:06:50,639 basehttp 576528 127057498461888 "GET /admin/accounts/user/ HTTP/1.1" 200 42483
[INFO] 2026-07-24 20:06:54,629 basehttp 576528 127057498461888 "GET /admin/accounts/user/?o=6 HTTP/1.1" 200 42802
[INFO] 2026-07-24 20:06:54,771 basehttp 576528 127057498461888 "GET /admin/jsi18n/ HTTP/1.1" 200 3343
[INFO] 2026-07-24 20:07:00,009 basehttp 576528 127057498461888 "GET /admin/accounts/user/7/change/?_changelist_filters=o%3D6 HTTP/1.1" 200 66544
[INFO] 2026-07-24 20:07:00,179 basehttp 576528 127057498461888 "GET /admin/jsi18n/ HTTP/1.1" 200 3343
[ERROR] 2026-07-24 20:07:35,965 api_exceptions 576528 127057506854592 Unhandled exception occurred
Traceback (most recent call last):
  File "/home/nimamakhmali/Music/Nazer-Bazaar/backend/venv/lib/python3.12/site-packages/rest_framework/views.py", line 506, in dispatch
    response = handler(request, *args, **kwargs)
               ^^^^^^^^^^^^^^^^^^^^^^^^^^^^^^^^^
  File "/home/nimamakhmali/Music/Nazer-Bazaar/backend/apps/organizations/views/union_views.py", line 217, in post
    updated = service.assign_manager(
              ^^^^^^^^^^^^^^^^^^^^^^^
  File "/home/nimamakhmali/Music/Nazer-Bazaar/backend/apps/organizations/services/union_service.py", line 219, in assign_manager
    manager = ProvinceOfficeService._get_valid_manager(
              ^^^^^^^^^^^^^^^^^^^^^^^^^^^^^^^^^^^^^^^^^
  File "/home/nimamakhmali/Music/Nazer-Bazaar/backend/apps/organizations/services/province_office_service.py", line 214, in _get_valid_manager
    raise ValueError(
ValueError: کاربر انتخاب‌شده نقش "union_manager" ندارد
[ERROR] 2026-07-24 20:07:36,167 log 576528 127057506854592 Internal Server Error: /api/v1/organizations/unions/2/assign-manager/
[ERROR] 2026-07-24 20:07:36,168 basehttp 576528 127057506854592 "POST /api/v1/organizations/unions/2/assign-manager/ HTTP/1.1" 500 111
[WARNING] 2026-07-24 20:07:39,916 log 576528 127057506854592 Not Found: /api/v1/organizations/unions/2/assign-manager/
[WARNING] 2026-07-24 20:07:39,917 basehttp 576528 127057506854592 "POST /api/v1/organizations/unions/2/assign-manager/ HTTP/1.1" 404 101
[WARNING] 2026-07-24 20:07:44,725 log 576528 127057506854592 Not Found: /api/v1/organizations/unions/2/assign-manager/
[WARNING] 2026-07-24 20:07:44,726 basehttp 576528 127057506854592 "POST /api/v1/organizations/unions/2/assign-manager/ HTTP/1.1" 404 101
[WARNING] 2026-07-24 20:07:49,092 log 576528 127057506854592 Not Found: /api/v1/organizations/unions/2/assign-manager/
[WARNING] 2026-07-24 20:07:49,093 basehttp 576528 127057506854592 "POST /api/v1/organizations/unions/2/assign-manager/ HTTP/1.1" 404 101
[INFO] 2026-07-24 20:08:01,220 basehttp 576528 127057506854592 "GET /api/v1/auth/users/?page=1&page_size=10 HTTP/1.1" 200 2204
[INFO] 2026-07-24 20:08:01,454 basehttp 576528 127057506854592 "GET /api/v1/auth/users/?page=1&page_size=10 HTTP/1.1" 200 2204
[INFO] 2026-07-24 20:08:09,719 basehttp 576528 127057506854592 "OPTIONS /api/v1/auth/users/7/role/ HTTP/1.1" 200 0
[INFO] 2026-07-24 20:08:09,781 base_service 576528 127057506854592 User role changed: 09184423221 union_manager → union_manager
[INFO] 2026-07-24 20:08:09,950 basehttp 576528 127057506854592 "PATCH /api/v1/auth/users/7/role/ HTTP/1.1" 200 542
[INFO] 2026-07-24 20:08:10,402 basehttp 576528 127057506854592 "GET /api/v1/auth/users/?page=1&page_size=10 HTTP/1.1" 200 2204
[WARNING] 2026-07-24 20:08:24,715 log 576528 127057506854592 Bad Request: /api/v1/auth/logout/
[WARNING] 2026-07-24 20:08:24,715 basehttp 576528 127057506854592 "POST /api/v1/auth/logout/ HTTP/1.1" 400 132
[INFO] 2026-07-24 20:08:33,787 base_service 576528 127057506854592 User logged in with password: 09184423221
[INFO] 2026-07-24 20:08:33,924 basehttp 576528 127057506854592 "POST /api/v1/auth/login/ HTTP/1.1" 200 1147
[INFO] 2026-07-24 20:08:34,572 basehttp 576528 127057506854592 "GET /api/v1/auth/me/ HTTP/1.1" 200 406
[INFO] 2026-07-24 20:08:41,013 basehttp 576528 127057279317696 "GET /api/v1/complaints/my/?page_size=5 HTTP/1.1" 200 2
[INFO] 2026-07-24 20:08:41,387 basehttp 576528 127057506854592 "GET /api/v1/stores/?page_size=1 HTTP/1.1" 200 466
[INFO] 2026-07-24 20:08:41,592 basehttp 576528 127057279317696 "GET /api/v1/complaints/my/?page_size=5 HTTP/1.1" 200 2
[INFO] 2026-07-24 20:08:41,686 basehttp 576528 127057506854592 "GET /api/v1/stores/?page_size=1 HTTP/1.1" 200 466
[INFO] 2026-07-24 20:08:43,653 basehttp 576528 127057506854592 "GET /api/v1/stores/?page_size=1 HTTP/1.1" 200 466
[INFO] 2026-07-24 20:08:43,785 basehttp 576528 127057279317696 "GET /api/v1/pricing/overpriced/?page_size=5 HTTP/1.1" 200 26
[INFO] 2026-07-24 20:08:43,841 basehttp 576528 127057262532288 "GET /api/v1/complaints/my/?page_size=5 HTTP/1.1" 200 2
[INFO] 2026-07-24 20:08:44,225 basehttp 576528 127057279317696 "GET /api/v1/pricing/overpriced/?page_size=5 HTTP/1.1" 200 26
[INFO] 2026-07-24 20:08:44,264 basehttp 576528 127057522587328 "GET /api/v1/complaints/my/?page_size=5 HTTP/1.1" 200 2
[INFO] 2026-07-24 20:08:44,320 basehttp 576528 127057506854592 "GET /api/v1/stores/?page_size=1 HTTP/1.1" 200 466
[INFO] 2026-07-24 20:08:45,043 basehttp 576528 127057506854592 "OPTIONS /api/v1/complaints/?page=1&page_size=15 HTTP/1.1" 200 0
[INFO] 2026-07-24 20:08:45,043 basehttp 576528 127057279317696 "OPTIONS /api/v1/complaints/?page=1&page_size=15 HTTP/1.1" 200 0
[WARNING] 2026-07-24 20:08:45,170 log 576528 127057506854592 Method Not Allowed: /api/v1/complaints/
[WARNING] 2026-07-24 20:08:45,170 basehttp 576528 127057506854592 "GET /api/v1/complaints/?page=1&page_size=15 HTTP/1.1" 405 137
[WARNING] 2026-07-24 20:08:45,356 log 576528 127057506854592 Method Not Allowed: /api/v1/complaints/
[WARNING] 2026-07-24 20:08:45,356 basehttp 576528 127057506854592 "GET /api/v1/complaints/?page=1&page_size=15 HTTP/1.1" 405 137
[WARNING] 2026-07-24 20:08:46,139 log 576528 127057506854592 Bad Request: /api/v1/pricing/history/
[WARNING] 2026-07-24 20:08:46,140 basehttp 576528 127057506854592 "GET /api/v1/pricing/history/?page=1&page_size=20 HTTP/1.1" 400 91
[WARNING] 2026-07-24 20:08:46,281 log 576528 127057506854592 Bad Request: /api/v1/pricing/history/
[WARNING] 2026-07-24 20:08:46,281 basehttp 576528 127057506854592 "GET /api/v1/pricing/history/?page=1&page_size=20 HTTP/1.1" 400 91
[INFO] 2026-07-24 20:08:47,003 basehttp 576528 127057506854592 "GET /api/v1/pricing/official-prices/?page=1&page_size=15 HTTP/1.1" 200 109
[INFO] 2026-07-24 20:08:47,153 basehttp 576528 127057506854592 "GET /api/v1/pricing/official-prices/?page=1&page_size=15 HTTP/1.1" 200 109
[INFO] 2026-07-24 20:08:48,032 basehttp 576528 127057506854592 "GET /api/v1/auth/me/ HTTP/1.1" 200 406
[WARNING] 2026-07-24 20:08:48,188 log 576528 127057522587328 Bad Request: /api/v1/pricing/official-prices/today/
[WARNING] 2026-07-24 20:08:48,189 basehttp 576528 127057522587328 "GET /api/v1/pricing/official-prices/today/ HTTP/1.1" 400 75
[INFO] 2026-07-24 20:08:48,397 basehttp 576528 127057279317696 "GET /api/v1/products/?page_size=200 HTTP/1.1" 200 409
[INFO] 2026-07-24 20:08:48,562 basehttp 576528 127057506854592 "GET /api/v1/auth/me/ HTTP/1.1" 200 406
[WARNING] 2026-07-24 20:08:48,623 log 576528 127057522587328 Bad Request: /api/v1/pricing/official-prices/today/
[WARNING] 2026-07-24 20:08:48,624 basehttp 576528 127057522587328 "GET /api/v1/pricing/official-prices/today/ HTTP/1.1" 400 75
[INFO] 2026-07-24 20:08:48,736 basehttp 576528 127057279317696 "GET /api/v1/products/?page_size=200 HTTP/1.1" 200 409
[INFO] 2026-07-24 20:08:49,224 basehttp 576528 127057279317696 "GET /api/v1/stores/?page=1&page_size=12 HTTP/1.1" 200 466
[INFO] 2026-07-24 20:08:49,401 basehttp 576528 127057279317696 "GET /api/v1/stores/?page=1&page_size=12 HTTP/1.1" 200 466
[INFO] 2026-07-24 20:08:52,608 basehttp 576528 127057506854592 "GET /api/v1/complaints/my/?page_size=5 HTTP/1.1" 200 2
[INFO] 2026-07-24 20:08:52,893 basehttp 576528 127057522587328 "GET /api/v1/pricing/overpriced/?page_size=5 HTTP/1.1" 200 26
[INFO] 2026-07-24 20:08:53,091 basehttp 576528 127057279317696 "GET /api/v1/stores/?page_size=1 HTTP/1.1" 200 466
[INFO] 2026-07-24 20:08:53,312 basehttp 576528 127057506854592 "GET /api/v1/complaints/my/?page_size=5 HTTP/1.1" 200 2
[INFO] 2026-07-24 20:08:53,414 basehttp 576528 127057522587328 "GET /api/v1/pricing/overpriced/?page_size=5 HTTP/1.1" 200 26
[INFO] 2026-07-24 20:08:53,512 basehttp 576528 127057279317696 "GET /api/v1/stores/?page_size=1 HTTP/1.1" 200 466
[INFO] 2026-07-24 20:08:54,123 basehttp 576528 127057522587328 "GET /api/v1/complaints/my/?page_size=5 HTTP/1.1" 200 2
[INFO] 2026-07-24 20:08:54,336 basehttp 576528 127057279317696 "GET /api/v1/stores/?page_size=1 HTTP/1.1" 200 466
[INFO] 2026-07-24 20:08:54,591 basehttp 576528 127057522587328 "GET /api/v1/complaints/my/?page_size=5 HTTP/1.1" 200 2
[INFO] 2026-07-24 20:08:54,863 basehttp 576528 127057506854592 "GET /api/v1/stores/?page_size=1 HTTP/1.1" 200 466
[INFO] 2026-07-29 22:57:01,797 autoreload 437190 124989206753408 Watching for file changes with StatReloader
[WARNING] 2026-07-29 22:57:03,975 log 437190 124988480812736 Not Found: /
[WARNING] 2026-07-29 22:57:03,975 basehttp 437190 124988480812736 "GET / HTTP/1.1" 404 16957
[INFO] 2026-07-29 22:57:08,335 basehttp 437190 124988480812736 "GET /admin/ HTTP/1.1" 200 41984
[INFO] 2026-07-29 22:57:18,210 basehttp 437190 124988480812736 "GET /admin/ HTTP/1.1" 200 41984
[INFO] 2026-07-29 22:57:27,511 basehttp 437190 124988466128576 "OPTIONS /api/v1/geography/provinces/ HTTP/1.1" 200 0
[INFO] 2026-07-29 22:57:27,513 basehttp 437190 124988457735872 "OPTIONS /api/v1/pricing/official-prices/?page=1&is_today=true HTTP/1.1" 200 0
[INFO] 2026-07-29 22:57:27,521 basehttp 437190 124988466128576 "OPTIONS /api/v1/geography/provinces/ HTTP/1.1" 200 0
[INFO] 2026-07-29 22:57:27,521 basehttp 437190 124988457735872 "OPTIONS /api/v1/pricing/official-prices/?page=1&is_today=true HTTP/1.1" 200 0
[INFO] 2026-07-29 22:57:27,678 basehttp 437190 124988245931712 "GET /api/v1/geography/provinces/ HTTP/1.1" 200 152
[INFO] 2026-07-29 22:57:27,850 basehttp 437190 124988237539008 "GET /api/v1/pricing/official-prices/?page=1&is_today=true HTTP/1.1" 200 520
[INFO] 2026-07-29 22:57:27,978 basehttp 437190 124988245931712 "GET /api/v1/geography/provinces/ HTTP/1.1" 200 152
[INFO] 2026-07-29 22:57:28,045 basehttp 437190 124988237539008 "GET /api/v1/pricing/official-prices/?page=1&is_today=true HTTP/1.1" 200 520
[INFO] 2026-07-29 22:57:34,464 basehttp 437190 124988237539008 "OPTIONS /api/v1/auth/me/ HTTP/1.1" 200 0
[INFO] 2026-07-29 22:57:34,464 basehttp 437190 124988245931712 "OPTIONS /api/v1/auth/me/ HTTP/1.1" 200 0
[INFO] 2026-07-29 22:57:34,569 basehttp 437190 124988245931712 "GET /api/v1/auth/me/ HTTP/1.1" 200 408
[INFO] 2026-07-29 22:57:34,725 basehttp 437190 124988245931712 "GET /api/v1/auth/me/ HTTP/1.1" 200 408
[INFO] 2026-07-29 22:57:34,837 basehttp 437190 124988245931712 "OPTIONS /api/v1/stores/?page_size=1 HTTP/1.1" 200 0
[INFO] 2026-07-29 22:57:34,837 basehttp 437190 124988457735872 "OPTIONS /api/v1/complaints/my/?page_size=5 HTTP/1.1" 200 0
[INFO] 2026-07-29 22:57:34,837 basehttp 437190 124988237539008 "OPTIONS /api/v1/complaints/my/?page_size=5 HTTP/1.1" 200 0
[INFO] 2026-07-29 22:57:34,838 basehttp 437190 124988466128576 "OPTIONS /api/v1/stores/?page_size=1 HTTP/1.1" 200 0
[INFO] 2026-07-29 22:57:35,054 basehttp 437190 124988237539008 "GET /api/v1/complaints/my/?page_size=5 HTTP/1.1" 200 2
[INFO] 2026-07-29 22:57:35,226 basehttp 437190 124988466128576 "GET /api/v1/stores/?page_size=1 HTTP/1.1" 200 466
[INFO] 2026-07-29 22:57:35,425 basehttp 437190 124988237539008 "GET /api/v1/complaints/my/?page_size=5 HTTP/1.1" 200 2
[INFO] 2026-07-29 22:57:35,487 basehttp 437190 124988466128576 "GET /api/v1/stores/?page_size=1 HTTP/1.1" 200 466
[INFO] 2026-07-29 22:57:41,374 basehttp 437190 124988466128576 "OPTIONS /api/v1/auth/users/profile/ HTTP/1.1" 200 0
[INFO] 2026-07-29 22:57:41,374 basehttp 437190 124988237539008 "OPTIONS /api/v1/auth/users/profile/ HTTP/1.1" 200 0
[INFO] 2026-07-29 22:57:41,480 basehttp 437190 124988466128576 "GET /api/v1/auth/users/profile/ HTTP/1.1" 200 408
[INFO] 2026-07-29 22:57:41,620 basehttp 437190 124988466128576 "GET /api/v1/auth/users/profile/ HTTP/1.1" 200 408
[INFO] 2026-07-29 22:57:44,493 basehttp 437190 124988237539008 "OPTIONS /api/v1/auth/users/?role=customer&page=1&page_size=15 HTTP/1.1" 200 0
[INFO] 2026-07-29 22:57:44,493 basehttp 437190 124988466128576 "OPTIONS /api/v1/auth/users/?role=customer&page=1&page_size=15 HTTP/1.1" 200 0
[INFO] 2026-07-29 22:57:44,651 basehttp 437190 124988237539008 "GET /api/v1/auth/users/?role=customer&page=1&page_size=15 HTTP/1.1" 200 523
[INFO] 2026-07-29 22:57:44,824 basehttp 437190 124988237539008 "GET /api/v1/auth/users/?role=customer&page=1&page_size=15 HTTP/1.1" 200 523
[INFO] 2026-07-29 22:57:46,406 basehttp 437190 124988224952000 "OPTIONS /api/v1/auth/users/?role=store_owner&page_size=1 HTTP/1.1" 200 0
[INFO] 2026-07-29 22:57:46,406 basehttp 437190 124988466128576 "OPTIONS /api/v1/auth/users/?role=province_manager&page_size=1 HTTP/1.1" 200 0
[INFO] 2026-07-29 22:57:46,407 basehttp 437190 124988245931712 "OPTIONS /api/v1/auth/users/?role=union_manager&page_size=1 HTTP/1.1" 200 0
[INFO] 2026-07-29 22:57:46,407 basehttp 437190 124988237539008 "OPTIONS /api/v1/auth/users/?role=admin&page_size=1 HTTP/1.1" 200 0
[INFO] 2026-07-29 22:57:46,407 basehttp 437190 124988457735872 "OPTIONS /api/v1/auth/users/?role=chamber_manager&page_size=1 HTTP/1.1" 200 0
[INFO] 2026-07-29 22:57:46,409 basehttp 437190 124988216559296 "OPTIONS /api/v1/auth/users/?role=inspector&page_size=1 HTTP/1.1" 200 0
[INFO] 2026-07-29 22:57:46,421 basehttp 437190 124988224952000 "OPTIONS /api/v1/auth/users/?role=admin&page_size=1 HTTP/1.1" 200 0
[INFO] 2026-07-29 22:57:46,421 basehttp 437190 124988245931712 "OPTIONS /api/v1/auth/users/?role=store_owner&page_size=1 HTTP/1.1" 200 0
[INFO] 2026-07-29 22:57:46,421 basehttp 437190 124988466128576 "OPTIONS /api/v1/auth/users/?role=union_manager&page_size=1 HTTP/1.1" 200 0
[INFO] 2026-07-29 22:57:46,421 basehttp 437190 124988216559296 "OPTIONS /api/v1/auth/users/?role=province_manager&page_size=1 HTTP/1.1" 200 0
[INFO] 2026-07-29 22:57:46,421 basehttp 437190 124988457735872 "OPTIONS /api/v1/auth/users/?role=chamber_manager&page_size=1 HTTP/1.1" 200 0
[INFO] 2026-07-29 22:57:46,421 basehttp 437190 124988237539008 "OPTIONS /api/v1/auth/users/?role=customer&page_size=1 HTTP/1.1" 200 0
[INFO] 2026-07-29 22:57:46,491 basehttp 437190 124988224952000 "OPTIONS /api/v1/auth/users/?role=customer&page_size=1 HTTP/1.1" 200 0
[INFO] 2026-07-29 22:57:46,504 basehttp 437190 124988237539008 "OPTIONS /api/v1/auth/users/?role=inspector&page_size=1 HTTP/1.1" 200 0
[INFO] 2026-07-29 22:57:46,946 basehttp 437190 124988245931712 "GET /api/v1/auth/users/?role=inspector&page_size=1 HTTP/1.1" 200 109
[INFO] 2026-07-29 22:57:47,306 basehttp 437190 124988466128576 "GET /api/v1/auth/users/?role=chamber_manager&page_size=1 HTTP/1.1" 200 517
[INFO] 2026-07-29 22:57:47,674 basehttp 437190 124988237539008 "GET /api/v1/auth/users/?role=province_manager&page_size=1 HTTP/1.1" 200 516
[INFO] 2026-07-29 22:57:47,870 basehttp 437190 124988457735872 "GET /api/v1/auth/users/?role=admin&page_size=1 HTTP/1.1" 200 563
[INFO] 2026-07-29 22:57:47,907 basehttp 437190 124988216559296 "GET /api/v1/auth/users/?role=store_owner&page_size=1 HTTP/1.1" 200 559
[INFO] 2026-07-29 22:57:47,949 basehttp 437190 124988224952000 "GET /api/v1/auth/users/?role=union_manager&page_size=1 HTTP/1.1" 200 109
[INFO] 2026-07-29 22:57:48,364 basehttp 437190 124988245931712 "GET /api/v1/auth/users/?role=customer&page_size=1 HTTP/1.1" 200 523
[INFO] 2026-07-29 22:57:48,840 basehttp 437190 124988466128576 "GET /api/v1/auth/users/?role=inspector&page_size=1 HTTP/1.1" 200 109
[INFO] 2026-07-29 22:57:49,306 basehttp 437190 124988457735872 "GET /api/v1/auth/users/?role=province_manager&page_size=1 HTTP/1.1" 200 516
[INFO] 2026-07-29 22:57:49,335 basehttp 437190 124988216559296 "GET /api/v1/auth/users/?role=admin&page_size=1 HTTP/1.1" 200 563
[INFO] 2026-07-29 22:57:49,359 basehttp 437190 124988237539008 "GET /api/v1/auth/users/?role=chamber_manager&page_size=1 HTTP/1.1" 200 517
[INFO] 2026-07-29 22:57:49,407 basehttp 437190 124988245931712 "GET /api/v1/auth/users/?role=union_manager&page_size=1 HTTP/1.1" 200 109
[INFO] 2026-07-29 22:57:49,413 basehttp 437190 124988224952000 "GET /api/v1/auth/users/?role=store_owner&page_size=1 HTTP/1.1" 200 559
[INFO] 2026-07-29 22:57:49,539 basehttp 437190 124988466128576 "GET /api/v1/auth/users/?role=customer&page_size=1 HTTP/1.1" 200 523
[INFO] 2026-07-29 22:57:51,253 basehttp 437190 124988245931712 "OPTIONS /api/v1/geography/provinces/?page_size=100 HTTP/1.1" 200 0
[INFO] 2026-07-29 22:57:51,257 basehttp 437190 124988466128576 "OPTIONS /api/v1/geography/provinces/?page_size=100 HTTP/1.1" 200 0
[INFO] 2026-07-29 22:57:51,257 basehttp 437190 124988224952000 "OPTIONS /api/v1/organizations/province-offices/?page=1&page_size=10 HTTP/1.1" 200 0
[INFO] 2026-07-29 22:57:51,257 basehttp 437190 124988237539008 "OPTIONS /api/v1/organizations/province-offices/?page=1&page_size=10 HTTP/1.1" 200 0
[INFO] 2026-07-29 22:57:51,495 basehttp 437190 124988245931712 "GET /api/v1/geography/provinces/?page_size=100 HTTP/1.1" 200 152
[INFO] 2026-07-29 22:57:51,518 basehttp 437190 124988237539008 "GET /api/v1/organizations/province-offices/?page=1&page_size=10 HTTP/1.1" 200 405
[INFO] 2026-07-29 22:57:51,720 basehttp 437190 124988245931712 "GET /api/v1/geography/provinces/?page_size=100 HTTP/1.1" 200 152
[INFO] 2026-07-29 22:57:51,793 basehttp 437190 124988237539008 "GET /api/v1/organizations/province-offices/?page=1&page_size=10 HTTP/1.1" 200 405
[INFO] 2026-07-29 22:57:58,632 basehttp 437190 124988245931712 "OPTIONS /api/v1/geography/provinces/?page=1&page_size=15 HTTP/1.1" 200 0
[INFO] 2026-07-29 22:57:58,632 basehttp 437190 124988237539008 "OPTIONS /api/v1/geography/provinces/?page=1&page_size=15 HTTP/1.1" 200 0
[INFO] 2026-07-29 22:57:58,771 basehttp 437190 124988237539008 "GET /api/v1/geography/provinces/?page=1&page_size=15 HTTP/1.1" 200 152
[INFO] 2026-07-29 22:57:58,943 basehttp 437190 124988237539008 "GET /api/v1/geography/provinces/?page=1&page_size=15 HTTP/1.1" 200 152
[INFO] 2026-07-29 22:58:00,037 basehttp 437190 124988237539008 "OPTIONS /api/v1/api/v1/cms/blog-categories/ HTTP/1.1" 200 0
[INFO] 2026-07-29 22:58:00,037 basehttp 437190 124988245931712 "OPTIONS /api/v1/api/v1/cms/blog-categories/ HTTP/1.1" 200 0
[WARNING] 2026-07-29 22:58:00,127 log 437190 124988245931712 Not Found: /api/v1/api/v1/cms/blog-categories/
[WARNING] 2026-07-29 22:58:00,127 basehttp 437190 124988245931712 "GET /api/v1/api/v1/cms/blog-categories/ HTTP/1.1" 404 18301
[WARNING] 2026-07-29 22:58:00,253 log 437190 124988237539008 Not Found: /api/v1/api/v1/cms/blog-categories/
[WARNING] 2026-07-29 22:58:00,254 basehttp 437190 124988237539008 "GET /api/v1/api/v1/cms/blog-categories/ HTTP/1.1" 404 18301
[INFO] 2026-07-29 22:58:05,481 basehttp 437190 124988245931712 "OPTIONS /api/v1/api/v1/cms/gallery/ HTTP/1.1" 200 0
[INFO] 2026-07-29 22:58:05,482 basehttp 437190 124988237539008 "OPTIONS /api/v1/api/v1/cms/gallery/ HTTP/1.1" 200 0
[WARNING] 2026-07-29 22:58:05,583 log 437190 124988245931712 Not Found: /api/v1/api/v1/cms/gallery/
[WARNING] 2026-07-29 22:58:05,584 basehttp 437190 124988245931712 "GET /api/v1/api/v1/cms/gallery/ HTTP/1.1" 404 18269
[WARNING] 2026-07-29 22:58:05,727 log 437190 124988237539008 Not Found: /api/v1/api/v1/cms/gallery/
[WARNING] 2026-07-29 22:58:05,728 basehttp 437190 124988237539008 "GET /api/v1/api/v1/cms/gallery/ HTTP/1.1" 404 18269
[INFO] 2026-07-29 22:58:07,835 basehttp 437190 124988237539008 "OPTIONS /api/v1/cms/admin/pages/ HTTP/1.1" 200 0
[INFO] 2026-07-29 22:58:07,835 basehttp 437190 124988245931712 "OPTIONS /api/v1/cms/admin/pages/ HTTP/1.1" 200 0
[ERROR] 2026-07-29 22:58:07,872 api_exceptions 437190 124988237539008 Unhandled exception occurred
Traceback (most recent call last):
  File "/home/nimamakhmali/Documents/Rayan Pajouhan/724/Nazer-Bazaar/backend/venv/lib/python3.12/site-packages/rest_framework/views.py", line 506, in dispatch
    response = handler(request, *args, **kwargs)
               ^^^^^^^^^^^^^^^^^^^^^^^^^^^^^^^^^
  File "/home/nimamakhmali/Documents/Rayan Pajouhan/724/Nazer-Bazaar/backend/apps/cms/views/cms_views.py", line 70, in get
    pages = CmsSelector.get_published_pages() if not request.user.is_admin else Page.objects.all()
                                                                                ^^^^
NameError: name 'Page' is not defined
[ERROR] 2026-07-29 22:58:07,948 log 437190 124988237539008 Internal Server Error: /api/v1/cms/admin/pages/
[ERROR] 2026-07-29 22:58:07,948 basehttp 437190 124988237539008 "GET /api/v1/cms/admin/pages/ HTTP/1.1" 500 111
[ERROR] 2026-07-29 22:58:08,020 api_exceptions 437190 124988237539008 Unhandled exception occurred
Traceback (most recent call last):
  File "/home/nimamakhmali/Documents/Rayan Pajouhan/724/Nazer-Bazaar/backend/venv/lib/python3.12/site-packages/rest_framework/views.py", line 506, in dispatch
    response = handler(request, *args, **kwargs)
               ^^^^^^^^^^^^^^^^^^^^^^^^^^^^^^^^^
  File "/home/nimamakhmali/Documents/Rayan Pajouhan/724/Nazer-Bazaar/backend/apps/cms/views/cms_views.py", line 70, in get
    pages = CmsSelector.get_published_pages() if not request.user.is_admin else Page.objects.all()
                                                                                ^^^^
NameError: name 'Page' is not defined
[ERROR] 2026-07-29 22:58:08,106 log 437190 124988237539008 Internal Server Error: /api/v1/cms/admin/pages/
[ERROR] 2026-07-29 22:58:08,107 basehttp 437190 124988237539008 "GET /api/v1/cms/admin/pages/ HTTP/1.1" 500 111
[INFO] 2026-07-29 22:58:09,659 basehttp 437190 124988237539008 "OPTIONS /api/v1/api/v1/settings/ HTTP/1.1" 200 0
[INFO] 2026-07-29 22:58:09,660 basehttp 437190 124988245931712 "OPTIONS /api/v1/api/v1/settings/ HTTP/1.1" 200 0
[WARNING] 2026-07-29 22:58:09,746 log 437190 124988237539008 Not Found: /api/v1/api/v1/settings/
[WARNING] 2026-07-29 22:58:09,746 basehttp 437190 124988237539008 "GET /api/v1/api/v1/settings/ HTTP/1.1" 404 18257
[WARNING] 2026-07-29 22:58:09,883 log 437190 124988245931712 Not Found: /api/v1/api/v1/settings/
[WARNING] 2026-07-29 22:58:09,883 basehttp 437190 124988245931712 "GET /api/v1/api/v1/settings/ HTTP/1.1" 404 18258
[INFO] 2026-07-29 23:17:47,244 basehttp 437190 124988480812736 "OPTIONS /api/v1/auth/logout/ HTTP/1.1" 200 0
[WARNING] 2026-07-29 23:17:47,347 log 437190 124988480812736 Bad Request: /api/v1/auth/logout/
[WARNING] 2026-07-29 23:17:47,347 basehttp 437190 124988480812736 "POST /api/v1/auth/logout/ HTTP/1.1" 400 132
[INFO] 2026-07-29 23:17:58,122 basehttp 437190 124988480812736 "OPTIONS /api/v1/auth/login/ HTTP/1.1" 200 0
[INFO] 2026-07-29 23:17:58,352 base_service 437190 124988480812736 User logged in with password: 09184423221
[INFO] 2026-07-29 23:17:58,455 basehttp 437190 124988480812736 "POST /api/v1/auth/login/ HTTP/1.1" 200 1140
[WARNING] 2026-07-29 23:17:59,039 log 437190 124988480812736 Not Found: /api/v1/api/v1/settings/
[WARNING] 2026-07-29 23:17:59,040 basehttp 437190 124988480812736 "GET /api/v1/api/v1/settings/ HTTP/1.1" 404 18259
[INFO] 2026-07-29 23:17:59,147 basehttp 437190 124988245931712 "GET /api/v1/auth/me/ HTTP/1.1" 200 404
[WARNING] 2026-07-29 23:17:59,202 log 437190 124988216559296 Not Found: /api/v1/api/v1/settings/
[WARNING] 2026-07-29 23:17:59,203 basehttp 437190 124988216559296 "GET /api/v1/api/v1/settings/ HTTP/1.1" 404 18260
[INFO] 2026-07-29 23:18:02,744 basehttp 437190 124988216559296 "OPTIONS /api/v1/stores/my-stores/ HTTP/1.1" 200 0
[INFO] 2026-07-29 23:18:02,744 basehttp 437190 124988245931712 "OPTIONS /api/v1/stores/my-stores/ HTTP/1.1" 200 0
[INFO] 2026-07-29 23:18:02,949 basehttp 437190 124988216559296 "GET /api/v1/stores/my-stores/ HTTP/1.1" 200 383
[INFO] 2026-07-29 23:18:03,120 basehttp 437190 124988216559296 "GET /api/v1/stores/my-stores/ HTTP/1.1" 200 383
[INFO] 2026-07-29 23:18:09,161 basehttp 437190 124988216559296 "GET /api/v1/stores/my-stores/ HTTP/1.1" 200 383
[INFO] 2026-07-29 23:18:09,295 basehttp 437190 124988216559296 "GET /api/v1/stores/my-stores/ HTTP/1.1" 200 383
[INFO] 2026-07-29 23:18:14,194 basehttp 437190 124988216559296 "OPTIONS /api/v1/stores/3/ HTTP/1.1" 200 0
[INFO] 2026-07-29 23:18:14,194 basehttp 437190 124988245931712 "OPTIONS /api/v1/stores/3/ HTTP/1.1" 200 0
[INFO] 2026-07-29 23:18:14,414 basehttp 437190 124988216559296 "GET /api/v1/stores/3/ HTTP/1.1" 200 786
[INFO] 2026-07-29 23:18:14,622 basehttp 437190 124988216559296 "GET /api/v1/stores/3/ HTTP/1.1" 200 786
[INFO] 2026-07-29 23:18:16,598 basehttp 437190 124988216559296 "GET /api/v1/stores/my-stores/ HTTP/1.1" 200 383
[INFO] 2026-07-29 23:18:16,825 basehttp 437190 124988216559296 "GET /api/v1/stores/my-stores/ HTTP/1.1" 200 383
[WARNING] 2026-07-29 23:18:19,912 log 437190 124988216559296 Bad Request: /api/v1/auth/logout/
[WARNING] 2026-07-29 23:18:19,912 basehttp 437190 124988216559296 "POST /api/v1/auth/logout/ HTTP/1.1" 400 132
[INFO] 2026-07-29 23:18:35,723 base_service 437190 124988216559296 User logged in with password: 09056419609
[INFO] 2026-07-29 23:18:35,826 basehttp 437190 124988216559296 "POST /api/v1/auth/login/ HTTP/1.1" 200 1128
[INFO] 2026-07-29 23:18:36,401 basehttp 437190 124988216559296 "GET /api/v1/stores/my-stores/ HTTP/1.1" 200 26
[INFO] 2026-07-29 23:18:36,507 basehttp 437190 124988216559296 "GET /api/v1/stores/my-stores/ HTTP/1.1" 200 26
[INFO] 2026-07-29 23:18:42,480 basehttp 437190 124988216559296 "OPTIONS /api/v1/complaints/?page_size=1 HTTP/1.1" 200 0
[INFO] 2026-07-29 23:18:42,481 basehttp 437190 124988480812736 "OPTIONS /api/v1/complaints/?status=reviewing&page_size=1 HTTP/1.1" 200 0
[INFO] 2026-07-29 23:18:42,482 basehttp 437190 124988245931712 "OPTIONS /api/v1/complaints/?status=submitted&page_size=1 HTTP/1.1" 200 0
[INFO] 2026-07-29 23:18:42,484 basehttp 437190 124988457735872 "OPTIONS /api/v1/complaints/?status=confirmed&page_size=1 HTTP/1.1" 200 0
[INFO] 2026-07-29 23:18:42,495 basehttp 437190 124988224952000 "OPTIONS /api/v1/complaints/?status=closed&page_size=1 HTTP/1.1" 200 0
[INFO] 2026-07-29 23:18:42,498 basehttp 437190 124988466128576 "OPTIONS /api/v1/complaints/?page=1&page_size=15 HTTP/1.1" 200 0
[INFO] 2026-07-29 23:18:42,502 basehttp 437190 124988216559296 "OPTIONS /api/v1/complaints/?status=submitted&page_size=1 HTTP/1.1" 200 0
[INFO] 2026-07-29 23:18:42,502 basehttp 437190 124988480812736 "OPTIONS /api/v1/complaints/?page_size=1 HTTP/1.1" 200 0
[INFO] 2026-07-29 23:18:42,507 basehttp 437190 124988224952000 "OPTIONS /api/v1/complaints/?status=closed&page_size=1 HTTP/1.1" 200 0
[INFO] 2026-07-29 23:18:42,507 basehttp 437190 124988466128576 "OPTIONS /api/v1/complaints/?page=1&page_size=15 HTTP/1.1" 200 0
[INFO] 2026-07-29 23:18:42,508 basehttp 437190 124988245931712 "OPTIONS /api/v1/complaints/?status=reviewing&page_size=1 HTTP/1.1" 200 0
[INFO] 2026-07-29 23:18:42,508 basehttp 437190 124988457735872 "OPTIONS /api/v1/complaints/?status=confirmed&page_size=1 HTTP/1.1" 200 0
[WARNING] 2026-07-29 23:18:43,059 log 437190 124988480812736 Method Not Allowed: /api/v1/complaints/
[WARNING] 2026-07-29 23:18:43,062 basehttp 437190 124988480812736 "GET /api/v1/complaints/?status=reviewing&page_size=1 HTTP/1.1" 405 137
[WARNING] 2026-07-29 23:18:43,097 log 437190 124988224952000 Method Not Allowed: /api/v1/complaints/
[WARNING] 2026-07-29 23:18:43,112 log 437190 124988466128576 Method Not Allowed: /api/v1/complaints/
[WARNING] 2026-07-29 23:18:43,120 basehttp 437190 124988224952000 "GET /api/v1/complaints/?status=confirmed&page_size=1 HTTP/1.1" 405 137
[WARNING] 2026-07-29 23:18:43,127 basehttp 437190 124988466128576 "GET /api/v1/complaints/?page=1&page_size=15 HTTP/1.1" 405 137
[WARNING] 2026-07-29 23:18:43,284 log 437190 124988457735872 Method Not Allowed: /api/v1/complaints/
[WARNING] 2026-07-29 23:18:43,301 basehttp 437190 124988457735872 "GET /api/v1/complaints/?status=closed&page_size=1 HTTP/1.1" 405 137
[WARNING] 2026-07-29 23:18:43,444 log 437190 124988245931712 Method Not Allowed: /api/v1/complaints/
[WARNING] 2026-07-29 23:18:43,464 basehttp 437190 124988245931712 "GET /api/v1/complaints/?status=submitted&page_size=1 HTTP/1.1" 405 137
[WARNING] 2026-07-29 23:18:43,677 log 437190 124988216559296 Method Not Allowed: /api/v1/complaints/
[WARNING] 2026-07-29 23:18:43,679 basehttp 437190 124988216559296 "GET /api/v1/complaints/?page_size=1 HTTP/1.1" 405 137
[WARNING] 2026-07-29 23:18:43,853 log 437190 124988480812736 Method Not Allowed: /api/v1/complaints/
[WARNING] 2026-07-29 23:18:43,882 basehttp 437190 124988480812736 "GET /api/v1/complaints/?status=reviewing&page_size=1 HTTP/1.1" 405 137
[WARNING] 2026-07-29 23:18:43,893 log 437190 124988224952000 Method Not Allowed: /api/v1/complaints/
[WARNING] 2026-07-29 23:18:43,898 basehttp 437190 124988224952000 "GET /api/v1/complaints/?status=confirmed&page_size=1 HTTP/1.1" 405 137
[WARNING] 2026-07-29 23:18:44,037 log 437190 124988245931712 Method Not Allowed: /api/v1/complaints/
[WARNING] 2026-07-29 23:18:44,038 basehttp 437190 124988245931712 "GET /api/v1/complaints/?status=submitted&page_size=1 HTTP/1.1" 405 137
[WARNING] 2026-07-29 23:18:44,097 log 437190 124988466128576 Method Not Allowed: /api/v1/complaints/
[WARNING] 2026-07-29 23:18:44,108 log 437190 124988457735872 Method Not Allowed: /api/v1/complaints/
[WARNING] 2026-07-29 23:18:44,108 basehttp 437190 124988466128576 "GET /api/v1/complaints/?page=1&page_size=15 HTTP/1.1" 405 137
[WARNING] 2026-07-29 23:18:44,110 basehttp 437190 124988457735872 "GET /api/v1/complaints/?status=closed&page_size=1 HTTP/1.1" 405 137
[WARNING] 2026-07-29 23:18:44,165 log 437190 124988216559296 Method Not Allowed: /api/v1/complaints/
[WARNING] 2026-07-29 23:18:44,166 basehttp 437190 124988216559296 "GET /api/v1/complaints/?page_size=1 HTTP/1.1" 405 137
[WARNING] 2026-07-29 23:18:55,494 log 437190 124988201875136 Not Found: /
[WARNING] 2026-07-29 23:18:55,495 basehttp 437190 124988201875136 "GET / HTTP/1.1" 404 16955
[INFO] 2026-07-29 23:18:59,546 basehttp 437190 124988201875136 "GET /admin/ HTTP/1.1" 200 41984
[INFO] 2026-07-29 23:18:59,565 basehttp 437190 124988201875136 "GET /static/admin/css/base.css HTTP/1.1" 200 21310
[INFO] 2026-07-29 23:18:59,570 basehttp 437190 124988193482432 "GET /static/admin/css/dark_mode.css HTTP/1.1" 200 2929
[INFO] 2026-07-29 23:18:59,571 basehttp 437190 124987834885824 "GET /static/admin/css/responsive.css HTTP/1.1" 200 18559
[INFO] 2026-07-29 23:18:59,572 basehttp 437190 124987843278528 "GET /static/admin/css/nav_sidebar.css HTTP/1.1" 200 2694
[INFO] 2026-07-29 23:18:59,575 basehttp 437190 124987834885824 "GET /static/admin/js/theme.js HTTP/1.1" 200 1943
[INFO] 2026-07-29 23:18:59,576 basehttp 437190 124988193482432 "GET /static/admin/js/nav_sidebar.js HTTP/1.1" 200 3063
[INFO] 2026-07-29 23:19:06,053 basehttp 437190 124988193482432 "GET /admin/pricing/officialprice/ HTTP/1.1" 200 41780
[INFO] 2026-07-29 23:19:06,188 basehttp 437190 124988193482432 "GET /admin/jsi18n/ HTTP/1.1" 200 3343
[INFO] 2026-07-29 23:19:12,450 basehttp 437190 124988193482432 "GET /admin/pricing/officialprice/add/ HTTP/1.1" 200 50550
[INFO] 2026-07-29 23:19:12,561 basehttp 437190 124988193482432 "GET /admin/jsi18n/ HTTP/1.1" 200 3343
[INFO] 2026-07-29 23:19:14,047 basehttp 437190 124988193482432 "GET /admin/autocomplete/?app_label=pricing&model_name=officialprice&field_name=union HTTP/1.1" 200 1308
[INFO] 2026-07-29 23:19:14,282 basehttp 437190 124988193482432 "GET /__debug__/history_sidebar/?store_id=18b9de7314c240ea86f6d88c856daaf7 HTTP/1.1" 200 10300
[INFO] 2026-07-29 23:19:16,525 basehttp 437190 124988193482432 "GET /admin/autocomplete/?app_label=pricing&model_name=officialprice&field_name=product HTTP/1.1" 200 684
[INFO] 2026-07-29 23:19:16,760 basehttp 437190 124988193482432 "GET /__debug__/history_sidebar/?store_id=6761e54a93c04946bc94df62ede60211 HTTP/1.1" 200 10302
[INFO] 2026-07-29 23:19:19,334 basehttp 437190 124988193482432 "GET /admin/autocomplete/?app_label=pricing&model_name=officialprice&field_name=union HTTP/1.1" 200 1308
[INFO] 2026-07-29 23:19:19,565 basehttp 437190 124988193482432 "GET /__debug__/history_sidebar/?store_id=fec3180c16e4474e9e0e366df345146d HTTP/1.1" 200 10300
[INFO] 2026-07-29 23:19:22,246 basehttp 437190 124988193482432 "GET /admin/autocomplete/?app_label=pricing&model_name=officialprice&field_name=product HTTP/1.1" 200 684
[INFO] 2026-07-29 23:19:22,485 basehttp 437190 124988193482432 "GET /__debug__/history_sidebar/?store_id=b6a35a78e8c84bd5963965ba136a0b06 HTTP/1.1" 200 10302
[INFO] 2026-07-29 23:20:10,539 basehttp 437190 124988193482432 "GET /admin/autocomplete/?app_label=pricing&model_name=officialprice&field_name=union HTTP/1.1" 200 1308
[INFO] 2026-07-29 23:20:10,778 basehttp 437190 124988193482432 "GET /__debug__/history_sidebar/?store_id=3eda02b71583400396eb3885f20e80b3 HTTP/1.1" 200 10300
[INFO] 2026-07-29 23:20:12,881 basehttp 437190 124988193482432 "GET /admin/autocomplete/?app_label=pricing&model_name=officialprice&field_name=product HTTP/1.1" 200 684
[INFO] 2026-07-29 23:20:13,124 basehttp 437190 124988193482432 "GET /__debug__/history_sidebar/?store_id=4a4d44755c3d4fe88a8e48c1cfe7ddfc HTTP/1.1" 200 10302
[INFO] 2026-07-29 23:20:14,590 basehttp 437190 124988193482432 "GET /admin/autocomplete/?app_label=pricing&model_name=officialprice&field_name=created_by HTTP/1.1" 200 256
[INFO] 2026-07-29 23:20:14,829 basehttp 437190 124988193482432 "GET /__debug__/history_sidebar/?store_id=8ba2185409a849d38b465d6eb71079fc HTTP/1.1" 200 10305
[INFO] 2026-07-29 23:20:16,870 basehttp 437190 124988193482432 "GET /admin/autocomplete/?app_label=pricing&model_name=officialprice&field_name=created_by HTTP/1.1" 200 256
[INFO] 2026-07-29 23:20:17,105 basehttp 437190 124988193482432 "GET /__debug__/history_sidebar/?store_id=cf9946710aee4e40a26de3b4265cb6c0 HTTP/1.1" 200 10305
[INFO] 2026-07-29 23:20:33,612 signals 437190 124988193482432 OfficialPrice created: برنج هندی دانه بلند for اتحادیه صنف خواربار و بنکداران شهرستان همدان on 2026-07-29 price=6499999
[INFO] 2026-07-29 23:20:33,828 basehttp 437190 124988193482432 "POST /admin/pricing/officialprice/add/ HTTP/1.1" 302 0
[INFO] 2026-07-29 23:20:34,337 basehttp 437190 124988193482432 "GET /admin/pricing/officialprice/ HTTP/1.1" 200 43089
[INFO] 2026-07-29 23:20:34,496 basehttp 437190 124988193482432 "GET /admin/jsi18n/ HTTP/1.1" 200 3343
[INFO] 2026-07-29 23:20:50,029 basehttp 437190 124988216559296 "GET /api/v1/geography/provinces/ HTTP/1.1" 200 152
[INFO] 2026-07-29 23:20:50,076 basehttp 437190 124988457735872 "GET /api/v1/pricing/official-prices/?page=1&is_today=true HTTP/1.1" 200 942
[INFO] 2026-07-29 23:20:50,215 basehttp 437190 124988466128576 "GET /api/v1/geography/provinces/ HTTP/1.1" 200 152
[INFO] 2026-07-29 23:20:50,276 basehttp 437190 124988457735872 "GET /api/v1/pricing/official-prices/?page=1&is_today=true HTTP/1.1" 200 942
[INFO] 2026-07-29 23:20:58,482 basehttp 437190 124988457735872 "OPTIONS /api/v1/pricing/compare/?product=5 HTTP/1.1" 200 0
[WARNING] 2026-07-29 23:20:58,561 log 437190 124988457735872 Bad Request: /api/v1/pricing/compare/
[WARNING] 2026-07-29 23:20:58,561 basehttp 437190 124988457735872 "GET /api/v1/pricing/compare/?product=5 HTTP/1.1" 400 81
[INFO] 2026-07-29 23:21:17,044 basehttp 437190 124988466128576 "OPTIONS /api/v1/products/?page_size=20 HTTP/1.1" 200 0
[INFO] 2026-07-29 23:21:17,045 basehttp 437190 124988457735872 "OPTIONS /api/v1/products/?page_size=20 HTTP/1.1" 200 0
[INFO] 2026-07-29 23:21:17,198 basehttp 437190 124988466128576 "GET /api/v1/products/?page_size=20 HTTP/1.1" 200 1529
[INFO] 2026-07-29 23:21:17,353 basehttp 437190 124988466128576 "GET /api/v1/products/?page_size=20 HTTP/1.1" 200 1529
[INFO] 2026-07-29 23:21:17,581 basehttp 437190 124988466128576 "GET /api/v1/products/?page_size=20 HTTP/1.1" 200 1529
[INFO] 2026-07-30 19:10:07,586 autoreload 320979 129070890246272 Watching for file changes with StatReloader
[WARNING] 2026-07-30 19:10:11,538 log 320979 129070165653184 Not Found: /
[WARNING] 2026-07-30 19:10:11,540 basehttp 320979 129070165653184 "GET / HTTP/1.1" 404 16957
[INFO] 2026-07-30 19:10:35,173 basehttp 320979 129070165653184 "GET /admin/ HTTP/1.1" 200 42139
[INFO] 2026-07-30 19:10:35,188 basehttp 320979 129070165653184 "GET /static/admin/css/base.css HTTP/1.1" 304 0
[INFO] 2026-07-30 19:10:35,190 basehttp 320979 129070075475648 "GET /static/admin/css/dark_mode.css HTTP/1.1" 304 0
[INFO] 2026-07-30 19:10:35,191 basehttp 320979 129070067082944 "GET /static/admin/css/nav_sidebar.css HTTP/1.1" 304 0
[INFO] 2026-07-30 19:10:35,195 basehttp 320979 129070050297536 "GET /static/admin/css/responsive.css HTTP/1.1" 304 0
[INFO] 2026-07-30 19:10:35,195 basehttp 320979 129070058690240 "GET /static/admin/css/dashboard.css HTTP/1.1" 200 441
[INFO] 2026-07-30 19:10:35,198 basehttp 320979 129070058690240 "GET /static/admin/js/theme.js HTTP/1.1" 304 0
[INFO] 2026-07-30 19:10:35,200 basehttp 320979 129070050297536 "GET /static/admin/js/nav_sidebar.js HTTP/1.1" 304 0
[INFO] 2026-07-30 19:10:35,236 basehttp 320979 129070067082944 "GET /static/admin/img/icon-changelink.svg HTTP/1.1" 200 380
[INFO] 2026-07-30 19:10:35,236 basehttp 320979 129070165653184 "GET /static/admin/img/icon-addlink.svg HTTP/1.1" 200 331
[INFO] 2026-07-30 19:10:35,236 basehttp 320979 129070075475648 "GET /static/admin/img/icon-viewlink.svg HTTP/1.1" 200 581
[INFO] 2026-07-30 19:26:15,034 basehttp 320979 129070165653184 "OPTIONS /api/v1/auth/me/ HTTP/1.1" 200 0
[INFO] 2026-07-30 19:26:15,035 basehttp 320979 129070050297536 "OPTIONS /api/v1/auth/me/ HTTP/1.1" 200 0
[WARNING] 2026-07-30 19:26:15,131 log 320979 129070165653184 Unauthorized: /api/v1/auth/me/
[WARNING] 2026-07-30 19:26:15,131 basehttp 320979 129070165653184 "GET /api/v1/auth/me/ HTTP/1.1" 401 293
[INFO] 2026-07-30 19:26:15,178 basehttp 320979 129070165653184 "OPTIONS /api/v1/auth/token/refresh/ HTTP/1.1" 200 0
[WARNING] 2026-07-30 19:26:15,337 log 320979 129070050297536 Unauthorized: /api/v1/auth/me/
[WARNING] 2026-07-30 19:26:15,338 basehttp 320979 129070050297536 "GET /api/v1/auth/me/ HTTP/1.1" 401 293
[INFO] 2026-07-30 19:26:15,390 basehttp 320979 129070165653184 "POST /api/v1/auth/token/refresh/ HTTP/1.1" 200 352
[WARNING] 2026-07-30 19:26:15,504 log 320979 129070165653184 Unauthorized: /api/v1/auth/me/
[WARNING] 2026-07-30 19:26:15,504 basehttp 320979 129070165653184 "GET /api/v1/auth/me/ HTTP/1.1" 401 293
[WARNING] 2026-07-30 19:26:15,627 log 320979 129070050297536 Unauthorized: /api/v1/auth/me/
[WARNING] 2026-07-30 19:26:15,627 basehttp 320979 129070050297536 "GET /api/v1/auth/me/ HTTP/1.1" 401 293
[WARNING] 2026-07-30 19:26:16,699 log 320979 129070050297536 Unauthorized: /api/v1/auth/me/
[WARNING] 2026-07-30 19:26:16,699 basehttp 320979 129070050297536 "GET /api/v1/auth/me/ HTTP/1.1" 401 293
[INFO] 2026-07-30 19:26:28,469 basehttp 320979 129070050297536 "OPTIONS /api/v1/auth/login/ HTTP/1.1" 200 0
[INFO] 2026-07-30 19:26:28,697 base_service 320979 129070050297536 User logged in with password: 09056419609
[INFO] 2026-07-30 19:26:28,785 basehttp 320979 129070050297536 "POST /api/v1/auth/login/ HTTP/1.1" 200 1128
[INFO] 2026-07-30 19:26:29,355 basehttp 320979 129070050297536 "GET /api/v1/auth/me/ HTTP/1.1" 200 408
[INFO] 2026-07-30 19:26:29,445 basehttp 320979 129070050297536 "GET /api/v1/auth/me/ HTTP/1.1" 200 408
[INFO] 2026-07-30 19:26:29,589 basehttp 320979 129070050297536 "OPTIONS /api/v1/stores/?page_size=1 HTTP/1.1" 200 0
[INFO] 2026-07-30 19:26:29,591 basehttp 320979 129070075475648 "OPTIONS /api/v1/stores/?page_size=1 HTTP/1.1" 200 0
[INFO] 2026-07-30 19:26:29,591 basehttp 320979 129070058690240 "OPTIONS /api/v1/complaints/my/?page_size=5 HTTP/1.1" 200 0
[INFO] 2026-07-30 19:26:29,591 basehttp 320979 129070165653184 "OPTIONS /api/v1/complaints/my/?page_size=5 HTTP/1.1" 200 0
[INFO] 2026-07-30 19:26:29,853 basehttp 320979 129070165653184 "GET /api/v1/complaints/my/?page_size=5 HTTP/1.1" 200 2
[INFO] 2026-07-30 19:26:30,065 basehttp 320979 129070050297536 "GET /api/v1/stores/?page_size=1 HTTP/1.1" 200 466
[INFO] 2026-07-30 19:26:30,315 basehttp 320979 129070165653184 "GET /api/v1/complaints/my/?page_size=5 HTTP/1.1" 200 2
[INFO] 2026-07-30 19:26:30,382 basehttp 320979 129070050297536 "GET /api/v1/stores/?page_size=1 HTTP/1.1" 200 466
[INFO] 2026-07-30 19:32:18,038 basehttp 320979 129070050297536 "OPTIONS /api/v1/auth/users/profile/ HTTP/1.1" 200 0
[INFO] 2026-07-30 19:32:18,040 basehttp 320979 129070075475648 "OPTIONS /api/v1/auth/users/profile/ HTTP/1.1" 200 0
[INFO] 2026-07-30 19:32:18,159 basehttp 320979 129070050297536 "GET /api/v1/auth/users/profile/ HTTP/1.1" 200 408
[INFO] 2026-07-30 19:32:18,305 basehttp 320979 129070050297536 "GET /api/v1/auth/users/profile/ HTTP/1.1" 200 408
[INFO] 2026-07-30 19:32:32,551 basehttp 320979 129070050297536 "GET /api/v1/stores/?page_size=1 HTTP/1.1" 200 466
[INFO] 2026-07-30 19:32:32,654 basehttp 320979 129070075475648 "GET /api/v1/complaints/my/?page_size=5 HTTP/1.1" 200 2
[INFO] 2026-07-30 19:32:32,818 basehttp 320979 129070075475648 "GET /api/v1/complaints/my/?page_size=5 HTTP/1.1" 200 2
[INFO] 2026-07-30 19:32:32,883 basehttp 320979 129070165653184 "GET /api/v1/stores/?page_size=1 HTTP/1.1" 200 466
[INFO] 2026-07-30 19:32:37,919 basehttp 320979 129070075475648 "OPTIONS /api/v1/auth/users/?page=1&page_size=10 HTTP/1.1" 200 0
[INFO] 2026-07-30 19:32:37,919 basehttp 320979 129070165653184 "OPTIONS /api/v1/auth/users/?page=1&page_size=10 HTTP/1.1" 200 0
[INFO] 2026-07-30 19:32:38,102 basehttp 320979 129070165653184 "GET /api/v1/auth/users/?page=1&page_size=10 HTTP/1.1" 200 2246
[INFO] 2026-07-30 19:32:38,281 basehttp 320979 129070165653184 "GET /api/v1/auth/users/?page=1&page_size=10 HTTP/1.1" 200 2246
[INFO] 2026-07-30 19:32:40,903 basehttp 320979 129070165653184 "OPTIONS /api/v1/auth/users/?role=customer&page=1&page_size=15 HTTP/1.1" 200 0
[INFO] 2026-07-30 19:32:40,903 basehttp 320979 129070075475648 "OPTIONS /api/v1/auth/users/?role=customer&page=1&page_size=15 HTTP/1.1" 200 0
[INFO] 2026-07-30 19:32:41,051 basehttp 320979 129070165653184 "GET /api/v1/auth/users/?role=customer&page=1&page_size=15 HTTP/1.1" 200 523
[INFO] 2026-07-30 19:32:41,247 basehttp 320979 129070165653184 "GET /api/v1/auth/users/?role=customer&page=1&page_size=15 HTTP/1.1" 200 523
[INFO] 2026-07-30 19:32:43,658 basehttp 320979 129070058690240 "OPTIONS /api/v1/auth/users/?role=union_manager&page_size=1 HTTP/1.1" 200 0
[INFO] 2026-07-30 19:32:43,658 basehttp 320979 129070165653184 "OPTIONS /api/v1/auth/users/?role=admin&page_size=1 HTTP/1.1" 200 0
[INFO] 2026-07-30 19:32:43,659 basehttp 320979 129070075475648 "OPTIONS /api/v1/auth/users/?role=province_manager&page_size=1 HTTP/1.1" 200 0
[INFO] 2026-07-30 19:32:43,668 basehttp 320979 129070041904832 "OPTIONS /api/v1/auth/users/?role=inspector&page_size=1 HTTP/1.1" 200 0
[INFO] 2026-07-30 19:32:43,667 basehttp 320979 129070067082944 "OPTIONS /api/v1/auth/users/?role=store_owner&page_size=1 HTTP/1.1" 200 0
[INFO] 2026-07-30 19:32:43,663 basehttp 320979 129070050297536 "OPTIONS /api/v1/auth/users/?role=chamber_manager&page_size=1 HTTP/1.1" 200 0
[INFO] 2026-07-30 19:32:43,677 basehttp 320979 129070050297536 "OPTIONS /api/v1/auth/users/?role=admin&page_size=1 HTTP/1.1" 200 0
[INFO] 2026-07-30 19:32:43,678 basehttp 320979 129070165653184 "OPTIONS /api/v1/auth/users/?role=customer&page_size=1 HTTP/1.1" 200 0
[INFO] 2026-07-30 19:32:43,679 basehttp 320979 129070067082944 "OPTIONS /api/v1/auth/users/?role=union_manager&page_size=1 HTTP/1.1" 200 0
[INFO] 2026-07-30 19:32:43,679 basehttp 320979 129070041904832 "OPTIONS /api/v1/auth/users/?role=store_owner&page_size=1 HTTP/1.1" 200 0
[INFO] 2026-07-30 19:32:43,679 basehttp 320979 129070075475648 "OPTIONS /api/v1/auth/users/?role=chamber_manager&page_size=1 HTTP/1.1" 200 0
[INFO] 2026-07-30 19:32:43,680 basehttp 320979 129070058690240 "OPTIONS /api/v1/auth/users/?role=province_manager&page_size=1 HTTP/1.1" 200 0
[INFO] 2026-07-30 19:32:43,722 basehttp 320979 129070165653184 "OPTIONS /api/v1/auth/users/?role=inspector&page_size=1 HTTP/1.1" 200 0
[INFO] 2026-07-30 19:32:43,732 basehttp 320979 129070050297536 "OPTIONS /api/v1/auth/users/?role=customer&page_size=1 HTTP/1.1" 200 0
[INFO] 2026-07-30 19:32:44,427 basehttp 320979 129070058690240 "GET /api/v1/auth/users/?role=province_manager&page_size=1 HTTP/1.1" 200 516
[INFO] 2026-07-30 19:32:44,459 basehttp 320979 129070041904832 "GET /api/v1/auth/users/?role=chamber_manager&page_size=1 HTTP/1.1" 200 517
[INFO] 2026-07-30 19:32:44,519 basehttp 320979 129070050297536 "GET /api/v1/auth/users/?role=inspector&page_size=1 HTTP/1.1" 200 109
[INFO] 2026-07-30 19:32:44,824 basehttp 320979 129070165653184 "GET /api/v1/auth/users/?role=store_owner&page_size=1 HTTP/1.1" 200 559
[INFO] 2026-07-30 19:32:44,929 basehttp 320979 129070075475648 "GET /api/v1/auth/users/?role=union_manager&page_size=1 HTTP/1.1" 200 109
[INFO] 2026-07-30 19:32:45,010 basehttp 320979 129070067082944 "GET /api/v1/auth/users/?role=admin&page_size=1 HTTP/1.1" 200 563
[INFO] 2026-07-30 19:32:45,325 basehttp 320979 129070058690240 "GET /api/v1/auth/users/?role=customer&page_size=1 HTTP/1.1" 200 523
[INFO] 2026-07-30 19:32:45,554 basehttp 320979 129070050297536 "GET /api/v1/auth/users/?role=chamber_manager&page_size=1 HTTP/1.1" 200 517
[INFO] 2026-07-30 19:32:45,759 basehttp 320979 129070041904832 "GET /api/v1/auth/users/?role=province_manager&page_size=1 HTTP/1.1" 200 516
[INFO] 2026-07-30 19:32:45,912 basehttp 320979 129070165653184 "GET /api/v1/auth/users/?role=inspector&page_size=1 HTTP/1.1" 200 109
[INFO] 2026-07-30 19:32:45,922 basehttp 320979 129070075475648 "GET /api/v1/auth/users/?role=store_owner&page_size=1 HTTP/1.1" 200 559
[INFO] 2026-07-30 19:32:45,932 basehttp 320979 129070067082944 "GET /api/v1/auth/users/?role=union_manager&page_size=1 HTTP/1.1" 200 109
[INFO] 2026-07-30 19:32:46,023 basehttp 320979 129070058690240 "GET /api/v1/auth/users/?role=admin&page_size=1 HTTP/1.1" 200 563
[INFO] 2026-07-30 19:32:46,097 basehttp 320979 129070050297536 "GET /api/v1/auth/users/?role=customer&page_size=1 HTTP/1.1" 200 523
[INFO] 2026-07-30 19:32:54,978 basehttp 320979 129070050297536 "OPTIONS /api/v1/geography/provinces/?page_size=100 HTTP/1.1" 200 0
[INFO] 2026-07-30 19:32:54,978 basehttp 320979 129070058690240 "OPTIONS /api/v1/organizations/province-offices/?page=1&page_size=10 HTTP/1.1" 200 0
[INFO] 2026-07-30 19:32:54,978 basehttp 320979 129070067082944 "OPTIONS /api/v1/geography/provinces/?page_size=100 HTTP/1.1" 200 0
[INFO] 2026-07-30 19:32:54,978 basehttp 320979 129070075475648 "OPTIONS /api/v1/organizations/province-offices/?page=1&page_size=10 HTTP/1.1" 200 0
[INFO] 2026-07-30 19:32:55,146 basehttp 320979 129070050297536 "GET /api/v1/geography/provinces/?page_size=100 HTTP/1.1" 200 152
[INFO] 2026-07-30 19:32:55,250 basehttp 320979 129070075475648 "GET /api/v1/organizations/province-offices/?page=1&page_size=10 HTTP/1.1" 200 405
[INFO] 2026-07-30 19:32:55,411 basehttp 320979 129070050297536 "GET /api/v1/geography/provinces/?page_size=100 HTTP/1.1" 200 152
[INFO] 2026-07-30 19:32:55,487 basehttp 320979 129070075475648 "GET /api/v1/organizations/province-offices/?page=1&page_size=10 HTTP/1.1" 200 405
[INFO] 2026-07-30 19:32:58,952 basehttp 320979 129070050297536 "OPTIONS /api/v1/products/categories/?page_size=200 HTTP/1.1" 200 0
[INFO] 2026-07-30 19:32:58,953 basehttp 320979 129070075475648 "OPTIONS /api/v1/products/categories/?page_size=200 HTTP/1.1" 200 0
[INFO] 2026-07-30 19:32:59,474 basehttp 320979 129070050297536 "GET /api/v1/products/categories/?page_size=200 HTTP/1.1" 200 1292
[INFO] 2026-07-30 19:32:59,902 basehttp 320979 129070050297536 "GET /api/v1/products/categories/?page_size=200 HTTP/1.1" 200 1292
[INFO] 2026-07-30 19:33:02,389 basehttp 320979 129070041904832 "OPTIONS /api/v1/complaints/?page=1&page_size=15 HTTP/1.1" 200 0
[INFO] 2026-07-30 19:33:02,389 basehttp 320979 129070165653184 "OPTIONS /api/v1/complaints/?status=closed&page_size=1 HTTP/1.1" 200 0
[INFO] 2026-07-30 19:33:02,390 basehttp 320979 129070067082944 "OPTIONS /api/v1/complaints/?status=reviewing&page_size=1 HTTP/1.1" 200 0
[INFO] 2026-07-30 19:33:02,390 basehttp 320979 129070075475648 "OPTIONS /api/v1/complaints/?status=submitted&page_size=1 HTTP/1.1" 200 0
[INFO] 2026-07-30 19:33:02,390 basehttp 320979 129070058690240 "OPTIONS /api/v1/complaints/?status=confirmed&page_size=1 HTTP/1.1" 200 0
[INFO] 2026-07-30 19:33:02,391 basehttp 320979 129070050297536 "OPTIONS /api/v1/complaints/?page_size=1 HTTP/1.1" 200 0
[INFO] 2026-07-30 19:33:02,405 basehttp 320979 129070041904832 "OPTIONS /api/v1/complaints/?page_size=1 HTTP/1.1" 200 0
[INFO] 2026-07-30 19:33:02,405 basehttp 320979 129070058690240 "OPTIONS /api/v1/complaints/?page=1&page_size=15 HTTP/1.1" 200 0
[INFO] 2026-07-30 19:33:02,405 basehttp 320979 129070067082944 "OPTIONS /api/v1/complaints/?status=closed&page_size=1 HTTP/1.1" 200 0
[INFO] 2026-07-30 19:33:02,406 basehttp 320979 129070050297536 "OPTIONS /api/v1/complaints/?status=reviewing&page_size=1 HTTP/1.1" 200 0
[INFO] 2026-07-30 19:33:02,406 basehttp 320979 129070165653184 "OPTIONS /api/v1/complaints/?status=submitted&page_size=1 HTTP/1.1" 200 0
[INFO] 2026-07-30 19:33:02,406 basehttp 320979 129070075475648 "OPTIONS /api/v1/complaints/?status=confirmed&page_size=1 HTTP/1.1" 200 0
[WARNING] 2026-07-30 19:33:02,802 log 320979 129070067082944 Method Not Allowed: /api/v1/complaints/
[WARNING] 2026-07-30 19:33:02,814 basehttp 320979 129070067082944 "GET /api/v1/complaints/?status=confirmed&page_size=1 HTTP/1.1" 405 137
[WARNING] 2026-07-30 19:33:02,849 log 320979 129070041904832 Method Not Allowed: /api/v1/complaints/
[WARNING] 2026-07-30 19:33:02,851 basehttp 320979 129070041904832 "GET /api/v1/complaints/?status=closed&page_size=1 HTTP/1.1" 405 137
[WARNING] 2026-07-30 19:33:02,856 log 320979 129070075475648 Method Not Allowed: /api/v1/complaints/
[WARNING] 2026-07-30 19:33:02,876 basehttp 320979 129070075475648 "GET /api/v1/complaints/?status=submitted&page_size=1 HTTP/1.1" 405 137
[WARNING] 2026-07-30 19:33:03,079 log 320979 129070050297536 Method Not Allowed: /api/v1/complaints/
[WARNING] 2026-07-30 19:33:03,082 basehttp 320979 129070050297536 "GET /api/v1/complaints/?page_size=1 HTTP/1.1" 405 137
[WARNING] 2026-07-30 19:33:03,306 log 320979 129070058690240 Method Not Allowed: /api/v1/complaints/
[WARNING] 2026-07-30 19:33:03,308 basehttp 320979 129070058690240 "GET /api/v1/complaints/?status=reviewing&page_size=1 HTTP/1.1" 405 137
[WARNING] 2026-07-30 19:33:03,315 log 320979 129070165653184 Method Not Allowed: /api/v1/complaints/
[WARNING] 2026-07-30 19:33:03,317 basehttp 320979 129070165653184 "GET /api/v1/complaints/?page=1&page_size=15 HTTP/1.1" 405 137
[WARNING] 2026-07-30 19:33:03,512 log 320979 129070050297536 Method Not Allowed: /api/v1/complaints/
[WARNING] 2026-07-30 19:33:03,519 basehttp 320979 129070050297536 "GET /api/v1/complaints/?page_size=1 HTTP/1.1" 405 137
[WARNING] 2026-07-30 19:33:03,687 log 320979 129070075475648 Method Not Allowed: /api/v1/complaints/
[WARNING] 2026-07-30 19:33:03,697 log 320979 129070041904832 Method Not Allowed: /api/v1/complaints/
[WARNING] 2026-07-30 19:33:03,699 log 320979 129070067082944 Method Not Allowed: /api/v1/complaints/
[WARNING] 2026-07-30 19:33:03,700 basehttp 320979 129070075475648 "GET /api/v1/complaints/?status=submitted&page_size=1 HTTP/1.1" 405 137
[WARNING] 2026-07-30 19:33:03,701 basehttp 320979 129070041904832 "GET /api/v1/complaints/?status=closed&page_size=1 HTTP/1.1" 405 137
[WARNING] 2026-07-30 19:33:03,701 basehttp 320979 129070067082944 "GET /api/v1/complaints/?status=confirmed&page_size=1 HTTP/1.1" 405 137
[WARNING] 2026-07-30 19:33:03,749 log 320979 129070165653184 Method Not Allowed: /api/v1/complaints/
[WARNING] 2026-07-30 19:33:03,750 basehttp 320979 129070165653184 "GET /api/v1/complaints/?page=1&page_size=15 HTTP/1.1" 405 137
[WARNING] 2026-07-30 19:33:03,801 log 320979 129070058690240 Method Not Allowed: /api/v1/complaints/
[WARNING] 2026-07-30 19:33:03,801 basehttp 320979 129070058690240 "GET /api/v1/complaints/?status=reviewing&page_size=1 HTTP/1.1" 405 137
[INFO] 2026-07-30 19:33:15,151 basehttp 320979 129070058690240 "OPTIONS /api/v1/api/v1/cms/blog-categories/ HTTP/1.1" 200 0
[INFO] 2026-07-30 19:33:15,151 basehttp 320979 129070165653184 "OPTIONS /api/v1/api/v1/cms/blog-categories/ HTTP/1.1" 200 0
[WARNING] 2026-07-30 19:33:15,236 log 320979 129070165653184 Not Found: /api/v1/api/v1/cms/blog-categories/
[WARNING] 2026-07-30 19:33:15,237 basehttp 320979 129070165653184 "GET /api/v1/api/v1/cms/blog-categories/ HTTP/1.1" 404 18301
[WARNING] 2026-07-30 19:33:15,371 log 320979 129070058690240 Not Found: /api/v1/api/v1/cms/blog-categories/
[WARNING] 2026-07-30 19:33:15,372 basehttp 320979 129070058690240 "GET /api/v1/api/v1/cms/blog-categories/ HTTP/1.1" 404 18301
[INFO] 2026-07-30 19:33:18,008 basehttp 320979 129070058690240 "OPTIONS /api/v1/api/v1/cms/gallery/ HTTP/1.1" 200 0
[INFO] 2026-07-30 19:33:18,012 basehttp 320979 129070165653184 "OPTIONS /api/v1/api/v1/cms/gallery/ HTTP/1.1" 200 0
[WARNING] 2026-07-30 19:33:18,119 log 320979 129070165653184 Not Found: /api/v1/api/v1/cms/gallery/
[WARNING] 2026-07-30 19:33:18,120 basehttp 320979 129070165653184 "GET /api/v1/api/v1/cms/gallery/ HTTP/1.1" 404 18269
[WARNING] 2026-07-30 19:33:18,244 log 320979 129070058690240 Not Found: /api/v1/api/v1/cms/gallery/
[WARNING] 2026-07-30 19:33:18,245 basehttp 320979 129070058690240 "GET /api/v1/api/v1/cms/gallery/ HTTP/1.1" 404 18269
[WARNING] 2026-07-30 19:33:21,044 log 320979 129070058690240 Not Found: /api/v1/api/v1/cms/gallery/
[WARNING] 2026-07-30 19:33:21,045 basehttp 320979 129070058690240 "GET /api/v1/api/v1/cms/gallery/ HTTP/1.1" 404 18269
[WARNING] 2026-07-30 19:33:21,152 log 320979 129070165653184 Not Found: /api/v1/api/v1/cms/gallery/
[WARNING] 2026-07-30 19:33:21,153 basehttp 320979 129070165653184 "GET /api/v1/api/v1/cms/gallery/ HTTP/1.1" 404 18269
[INFO] 2026-07-30 19:33:24,113 basehttp 320979 129070165653184 "OPTIONS /api/v1/cms/admin/pages/ HTTP/1.1" 200 0
[INFO] 2026-07-30 19:33:24,113 basehttp 320979 129070058690240 "OPTIONS /api/v1/cms/admin/pages/ HTTP/1.1" 200 0
[ERROR] 2026-07-30 19:33:24,132 api_exceptions 320979 129070165653184 Unhandled exception occurred
Traceback (most recent call last):
  File "/home/nimamakhmali/Documents/Rayan Pajouhan/724/Nazer-Bazaar/backend/venv/lib/python3.12/site-packages/rest_framework/views.py", line 506, in dispatch
    response = handler(request, *args, **kwargs)
               ^^^^^^^^^^^^^^^^^^^^^^^^^^^^^^^^^
  File "/home/nimamakhmali/Documents/Rayan Pajouhan/724/Nazer-Bazaar/backend/apps/cms/views/cms_views.py", line 70, in get
    pages = CmsSelector.get_published_pages() if not request.user.is_admin else Page.objects.all()
                                                                                ^^^^
NameError: name 'Page' is not defined
[ERROR] 2026-07-30 19:33:24,214 log 320979 129070165653184 Internal Server Error: /api/v1/cms/admin/pages/
[ERROR] 2026-07-30 19:33:24,214 basehttp 320979 129070165653184 "GET /api/v1/cms/admin/pages/ HTTP/1.1" 500 111
[ERROR] 2026-07-30 19:33:24,303 api_exceptions 320979 129070165653184 Unhandled exception occurred
Traceback (most recent call last):
  File "/home/nimamakhmali/Documents/Rayan Pajouhan/724/Nazer-Bazaar/backend/venv/lib/python3.12/site-packages/rest_framework/views.py", line 506, in dispatch
    response = handler(request, *args, **kwargs)
               ^^^^^^^^^^^^^^^^^^^^^^^^^^^^^^^^^
  File "/home/nimamakhmali/Documents/Rayan Pajouhan/724/Nazer-Bazaar/backend/apps/cms/views/cms_views.py", line 70, in get
    pages = CmsSelector.get_published_pages() if not request.user.is_admin else Page.objects.all()
                                                                                ^^^^
NameError: name 'Page' is not defined
[ERROR] 2026-07-30 19:33:24,377 log 320979 129070165653184 Internal Server Error: /api/v1/cms/admin/pages/
[ERROR] 2026-07-30 19:33:24,377 basehttp 320979 129070165653184 "GET /api/v1/cms/admin/pages/ HTTP/1.1" 500 111
[INFO] 2026-07-30 19:33:25,566 basehttp 320979 129070165653184 "OPTIONS /api/v1/api/v1/settings/ HTTP/1.1" 200 0
[INFO] 2026-07-30 19:33:25,566 basehttp 320979 129070058690240 "OPTIONS /api/v1/api/v1/settings/ HTTP/1.1" 200 0
[WARNING] 2026-07-30 19:33:25,647 log 320979 129070165653184 Not Found: /api/v1/api/v1/settings/
[WARNING] 2026-07-30 19:33:25,648 basehttp 320979 129070165653184 "GET /api/v1/api/v1/settings/ HTTP/1.1" 404 18257
[WARNING] 2026-07-30 19:33:25,788 log 320979 129070058690240 Not Found: /api/v1/api/v1/settings/
[WARNING] 2026-07-30 19:33:25,788 basehttp 320979 129070058690240 "GET /api/v1/api/v1/settings/ HTTP/1.1" 404 18257
[INFO] 2026-07-30 19:43:06,201 basehttp 320979 129070165653184 "GET /api/v1/complaints/my/?page_size=5 HTTP/1.1" 200 2
[INFO] 2026-07-30 19:43:06,360 basehttp 320979 129070058690240 "GET /api/v1/stores/?page_size=1 HTTP/1.1" 200 466
[INFO] 2026-07-30 19:43:06,491 basehttp 320979 129070165653184 "GET /api/v1/complaints/my/?page_size=5 HTTP/1.1" 200 2
[INFO] 2026-07-30 19:43:06,549 basehttp 320979 129070058690240 "GET /api/v1/stores/?page_size=1 HTTP/1.1" 200 466
[INFO] 2026-07-30 20:01:53,481 basehttp 320979 129070058690240 "GET /api/v1/auth/me/ HTTP/1.1" 200 408
[INFO] 2026-07-30 20:01:53,626 basehttp 320979 129070058690240 "GET /api/v1/auth/me/ HTTP/1.1" 200 408
[INFO] 2026-07-30 20:01:53,775 basehttp 320979 129070165653184 "OPTIONS /api/v1/products/units/ HTTP/1.1" 200 0
[INFO] 2026-07-30 20:01:53,796 basehttp 320979 129070067082944 "OPTIONS /api/v1/products/?page=1&page_size=12 HTTP/1.1" 200 0
[INFO] 2026-07-30 20:01:53,796 basehttp 320979 129070041904832 "OPTIONS /api/v1/products/units/ HTTP/1.1" 200 0
[INFO] 2026-07-30 20:01:53,797 basehttp 320979 129070075475648 "OPTIONS /api/v1/products/?page=1&page_size=12 HTTP/1.1" 200 0
[INFO] 2026-07-30 20:01:54,593 basehttp 320979 129070165653184 "GET /api/v1/products/units/ HTTP/1.1" 200 89
[INFO] 2026-07-30 20:01:54,744 basehttp 320979 129070067082944 "GET /api/v1/products/?page=1&page_size=12 HTTP/1.1" 200 1529
[INFO] 2026-07-30 20:01:55,214 basehttp 320979 129070165653184 "GET /api/v1/products/units/ HTTP/1.1" 200 89
[INFO] 2026-07-30 20:01:55,603 basehttp 320979 129070067082944 "GET /api/v1/products/?page=1&page_size=12 HTTP/1.1" 200 1529
[INFO] 2026-07-30 20:01:55,756 basehttp 320979 129070058690240 "GET /api/v1/products/categories/?page_size=200 HTTP/1.1" 200 1292
[INFO] 2026-07-30 20:01:56,338 basehttp 320979 129070058690240 "GET /api/v1/products/categories/?page_size=200 HTTP/1.1" 200 1292
[INFO] 2026-07-30 20:10:31,911 basehttp 320979 129070067082944 "OPTIONS /api/v1/auth/logout/ HTTP/1.1" 200 0
[WARNING] 2026-07-30 20:10:32,070 log 320979 129070067082944 Bad Request: /api/v1/auth/logout/
[WARNING] 2026-07-30 20:10:32,070 basehttp 320979 129070067082944 "POST /api/v1/auth/logout/ HTTP/1.1" 400 132
[INFO] 2026-07-30 20:10:48,051 base_service 320979 129070067082944 User logged in with password: 09184423221
[INFO] 2026-07-30 20:10:48,273 basehttp 320979 129070067082944 "POST /api/v1/auth/login/ HTTP/1.1" 200 1140
[INFO] 2026-07-30 20:10:49,935 basehttp 320979 129070165653184 "GET /api/v1/products/units/ HTTP/1.1" 200 89
[INFO] 2026-07-30 20:10:50,545 basehttp 320979 129070058690240 "GET /api/v1/products/?page=1&page_size=12 HTTP/1.1" 200 1529
[INFO] 2026-07-30 20:10:51,018 basehttp 320979 129070165653184 "GET /api/v1/products/units/ HTTP/1.1" 200 89
[INFO] 2026-07-30 20:10:51,490 basehttp 320979 129070058690240 "GET /api/v1/products/?page=1&page_size=12 HTTP/1.1" 200 1529
[INFO] 2026-07-30 20:10:51,666 basehttp 320979 129070067082944 "GET /api/v1/products/categories/?page_size=200 HTTP/1.1" 200 1292
[INFO] 2026-07-30 20:10:52,374 basehttp 320979 129070067082944 "GET /api/v1/products/categories/?page_size=200 HTTP/1.1" 200 1292
[INFO] 2026-07-30 20:44:18,114 autoreload 320979 129070890246272 /home/nimamakhmali/Documents/Rayan Pajouhan/724/Nazer-Bazaar/backend/apps/products/models/product.py changed, reloading.
[INFO] 2026-07-30 20:44:20,096 autoreload 340513 127119344853120 Watching for file changes with StatReloader
[INFO] 2026-07-30 20:45:16,515 autoreload 340513 127119344853120 /home/nimamakhmali/Documents/Rayan Pajouhan/724/Nazer-Bazaar/backend/apps/products/serializers/product_serializers.py changed, reloading.
[INFO] 2026-07-30 20:45:17,736 autoreload 340770 134508569301120 Watching for file changes with StatReloader
[INFO] 2026-07-30 20:45:57,765 autoreload 340770 134508569301120 /home/nimamakhmali/Documents/Rayan Pajouhan/724/Nazer-Bazaar/backend/apps/products/services/product_service.py changed, reloading.
[INFO] 2026-07-30 20:45:58,993 autoreload 340942 140269325942912 Watching for file changes with StatReloader
[INFO] 2026-07-30 20:46:01,015 autoreload 340942 140269325942912 /home/nimamakhmali/Documents/Rayan Pajouhan/724/Nazer-Bazaar/backend/apps/products/services/product_service.py changed, reloading.
[INFO] 2026-07-30 20:46:02,024 autoreload 340987 131974927421568 Watching for file changes with StatReloader
[INFO] 2026-07-30 20:47:02,624 autoreload 340987 131974927421568 /home/nimamakhmali/Documents/Rayan Pajouhan/724/Nazer-Bazaar/backend/apps/products/selectors/product_selectors.py changed, reloading.
[INFO] 2026-07-30 20:47:03,784 autoreload 341220 125425740218496 Watching for file changes with StatReloader
[INFO] 2026-07-30 20:47:50,861 autoreload 341220 125425740218496 /home/nimamakhmali/Documents/Rayan Pajouhan/724/Nazer-Bazaar/backend/apps/products/views/product_views.py changed, reloading.
[INFO] 2026-07-30 20:47:51,983 autoreload 341448 134880456212608 Watching for file changes with StatReloader
[INFO] 2026-07-30 20:48:22,668 autoreload 341448 134880456212608 /home/nimamakhmali/Documents/Rayan Pajouhan/724/Nazer-Bazaar/backend/apps/products/admin/product_admin.py changed, reloading.
[INFO] 2026-07-30 20:48:23,973 autoreload 341602 124020031635584 Watching for file changes with StatReloader
[INFO] 2026-07-30 20:50:49,152 autoreload 343316 127709059371136 Watching for file changes with StatReloader
[WARNING] 2026-07-30 20:50:53,277 log 343316 127708333864640 Not Found: /
[WARNING] 2026-07-30 20:50:53,278 basehttp 343316 127708333864640 "GET / HTTP/1.1" 404 16957
[INFO] 2026-07-30 20:50:58,398 basehttp 343316 127708333864640 "GET /admin/ HTTP/1.1" 200 42139
[INFO] 2026-07-30 20:51:07,018 basehttp 343316 127708333864640 "GET /admin/products/product/ HTTP/1.1" 200 39390
[INFO] 2026-07-30 20:51:07,059 basehttp 343316 127708316034752 "GET /static/admin/css/forms.css HTTP/1.1" 200 9090
[INFO] 2026-07-30 20:51:07,089 basehttp 343316 127708316034752 "GET /static/admin/css/widgets.css HTTP/1.1" 200 11921
[INFO] 2026-07-30 20:51:07,257 basehttp 343316 127708333864640 "GET /admin/jsi18n/ HTTP/1.1" 200 3343
[INFO] 2026-07-30 20:52:48,732 basehttp 343316 127708333864640 "GET /admin/products/product/add/ HTTP/1.1" 200 52781
[INFO] 2026-07-30 20:52:48,783 basehttp 343316 127708226905792 "GET /static/admin/css/autocomplete.css HTTP/1.1" 200 9114
[INFO] 2026-07-30 20:52:48,786 basehttp 343316 127708235298496 "GET /static/admin/js/collapse.js HTTP/1.1" 200 1803
[INFO] 2026-07-30 20:52:48,789 basehttp 343316 127708210120384 "GET /static/admin/js/autocomplete.js HTTP/1.1" 200 1060
[INFO] 2026-07-30 20:52:48,790 basehttp 343316 127708316034752 "GET /static/admin/css/vendor/select2/select2.css HTTP/1.1" 200 17358
[INFO] 2026-07-30 20:52:48,791 basehttp 343316 127708218513088 "GET /static/admin/js/vendor/select2/i18n/en.js HTTP/1.1" 200 844
[INFO] 2026-07-30 20:52:48,809 basehttp 343316 127708235298496 "GET /static/admin/js/prepopulate_init.js HTTP/1.1" 200 586
[INFO] 2026-07-30 20:52:48,815 basehttp 343316 127708210120384 "GET /static/admin/img/icon-deletelink.svg HTTP/1.1" 200 392
[INFO] 2026-07-30 20:52:48,840 basehttp 343316 127708226905792 "GET /static/admin/js/vendor/select2/select2.full.js HTTP/1.1" 200 173566
[INFO] 2026-07-30 20:52:48,867 basehttp 343316 127708210120384 "GET /static/admin/js/change_form.js HTTP/1.1" 200 606
[INFO] 2026-07-30 20:52:48,955 basehttp 343316 127708333864640 "GET /admin/jsi18n/ HTTP/1.1" 200 3343
[INFO] 2026-07-30 20:52:50,851 basehttp 343316 127708333864640 "GET /admin/autocomplete/?app_label=products&model_name=product&field_name=union HTTP/1.1" 200 1308
[INFO] 2026-07-30 20:52:51,119 basehttp 343316 127708333864640 "GET /__debug__/history_sidebar/?store_id=fbf84ee09fa1470c862c1454c792dc8a HTTP/1.1" 200 10295
[INFO] 2026-07-30 20:52:57,051 basehttp 343316 127708333864640 "GET /admin/autocomplete/?app_label=products&model_name=product&field_name=category HTTP/1.1" 200 727
[INFO] 2026-07-30 20:52:57,291 basehttp 343316 127708333864640 "GET /__debug__/history_sidebar/?store_id=8e09f7f7408b4c4db9a8e9461422c5b6 HTTP/1.1" 200 10298
[INFO] 2026-07-30 20:53:08,219 basehttp 343316 127708333864640 "GET /admin/autocomplete/?app_label=products&model_name=product&field_name=unit HTTP/1.1" 200 116
[INFO] 2026-07-30 20:53:08,465 basehttp 343316 127708333864640 "GET /__debug__/history_sidebar/?store_id=2b2835819bcf45fb9c6a76db0b23a6c5 HTTP/1.1" 200 10294
[INFO] 2026-07-30 20:53:14,134 signals 343316 127708333864640 New product created: برنج فیک ایرانی in category: برنج ایرانی
[INFO] 2026-07-30 20:53:14,407 basehttp 343316 127708333864640 "POST /admin/products/product/add/ HTTP/1.1" 302 0
[INFO] 2026-07-30 20:53:15,231 basehttp 343316 127708333864640 "GET /admin/products/product/ HTTP/1.1" 200 43164
[INFO] 2026-07-30 20:53:15,473 basehttp 343316 127708333864640 "GET /admin/jsi18n/ HTTP/1.1" 200 3343
[INFO] 2026-07-30 20:53:15,546 basehttp 343316 127708210120384 "GET /static/admin/img/sorting-icons.svg HTTP/1.1" 200 1097
[INFO] 2026-07-30 20:53:15,547 basehttp 343316 127708333864640 "GET /static/admin/img/icon-yes.svg HTTP/1.1" 200 436
[INFO] 2026-07-30 20:54:46,122 autoreload 346111 138226138247296 Watching for file changes with StatReloader
[WARNING] 2026-07-30 20:54:48,441 log 346111 138225410635456 Not Found: /
[WARNING] 2026-07-30 20:54:48,441 basehttp 346111 138225410635456 "GET / HTTP/1.1" 404 16956
[INFO] 2026-07-30 20:54:55,346 basehttp 346111 138225410635456 "GET /admin/products/product/ HTTP/1.1" 200 47736
[INFO] 2026-07-30 20:54:55,566 basehttp 346111 138225410635456 "GET /admin/jsi18n/ HTTP/1.1" 200 3343
[INFO] 2026-07-30 20:55:00,160 basehttp 346111 138225393854144 "GET /api/v1/auth/me/ HTTP/1.1" 200 404
[INFO] 2026-07-30 20:55:00,335 basehttp 346111 138225393854144 "GET /api/v1/auth/me/ HTTP/1.1" 200 404
[INFO] 2026-07-30 20:55:01,051 basehttp 346111 138225385461440 "GET /api/v1/products/units/ HTTP/1.1" 200 89
[INFO] 2026-07-30 20:55:01,389 basehttp 346111 138225377068736 "GET /api/v1/products/?page=1&page_size=12 HTTP/1.1" 200 2405
[INFO] 2026-07-30 20:55:01,631 basehttp 346111 138225385461440 "GET /api/v1/products/units/ HTTP/1.1" 200 89
[INFO] 2026-07-30 20:55:01,987 basehttp 346111 138225377068736 "GET /api/v1/products/?page=1&page_size=12 HTTP/1.1" 200 2405
[INFO] 2026-07-30 20:55:02,101 basehttp 346111 138225393854144 "GET /api/v1/products/categories/?page_size=200 HTTP/1.1" 200 1292
[INFO] 2026-07-30 20:55:02,689 basehttp 346111 138225393854144 "GET /api/v1/products/categories/?page_size=200 HTTP/1.1" 200 1292
[INFO] 2026-07-30 21:17:46,190 basehttp 346111 138225410635456 "OPTIONS /api/v1/organizations/unions/?page_size=200 HTTP/1.1" 200 0
[INFO] 2026-07-30 21:17:47,137 basehttp 346111 138225393854144 "GET /api/v1/products/units/ HTTP/1.1" 200 89
[INFO] 2026-07-30 21:17:47,251 basehttp 346111 138225385461440 "GET /api/v1/products/?page=1&page_size=12 HTTP/1.1" 200 2405
[INFO] 2026-07-30 21:17:47,542 basehttp 346111 138225410635456 "GET /api/v1/organizations/unions/?page_size=200 HTTP/1.1" 200 1548
[INFO] 2026-07-30 21:17:47,871 basehttp 346111 138225364481728 "GET /api/v1/products/categories/?page_size=200 HTTP/1.1" 200 1292
[INFO] 2026-07-30 21:18:56,233 basehttp 346111 138225364481728 "GET /api/v1/auth/me/ HTTP/1.1" 200 404
[INFO] 2026-07-30 21:18:56,342 basehttp 346111 138225364481728 "GET /api/v1/auth/me/ HTTP/1.1" 200 404
[INFO] 2026-07-30 21:18:57,366 basehttp 346111 138225410635456 "GET /api/v1/products/units/ HTTP/1.1" 200 89
[INFO] 2026-07-30 21:18:57,424 basehttp 346111 138225393854144 "GET /api/v1/products/?page=1&page_size=12 HTTP/1.1" 200 2405
[INFO] 2026-07-30 21:18:58,067 basehttp 346111 138225385461440 "GET /api/v1/organizations/unions/?page_size=200 HTTP/1.1" 200 1548
[INFO] 2026-07-30 21:18:58,425 basehttp 346111 138225410635456 "GET /api/v1/products/units/ HTTP/1.1" 200 89
[INFO] 2026-07-30 21:18:58,475 basehttp 346111 138225393854144 "GET /api/v1/auth/me/ HTTP/1.1" 200 404
[INFO] 2026-07-30 21:18:59,079 basehttp 346111 138225377068736 "GET /api/v1/products/?page=1&page_size=12 HTTP/1.1" 200 2405
[INFO] 2026-07-30 21:18:59,199 basehttp 346111 138225364481728 "GET /api/v1/products/categories/?page_size=200 HTTP/1.1" 200 1292
[INFO] 2026-07-30 21:18:59,530 basehttp 346111 138225393854144 "GET /api/v1/auth/me/ HTTP/1.1" 200 404
[INFO] 2026-07-30 21:19:00,081 basehttp 346111 138225385461440 "GET /api/v1/organizations/unions/?page_size=200 HTTP/1.1" 200 1548
[INFO] 2026-07-30 21:19:00,484 basehttp 346111 138225377068736 "GET /api/v1/complaints/my/?page_size=5 HTTP/1.1" 200 2
[INFO] 2026-07-30 21:19:00,618 basehttp 346111 138225393854144 "GET /api/v1/stores/?page_size=1 HTTP/1.1" 200 466
[INFO] 2026-07-30 21:19:01,010 basehttp 346111 138225385461440 "GET /api/v1/complaints/my/?page_size=5 HTTP/1.1" 200 2
[INFO] 2026-07-30 21:19:01,087 basehttp 346111 138225393854144 "GET /api/v1/stores/?page_size=1 HTTP/1.1" 200 466
[INFO] 2026-07-30 21:19:01,443 basehttp 346111 138225364481728 "GET /api/v1/products/categories/?page_size=200 HTTP/1.1" 200 1292
[WARNING] 2026-07-30 21:19:10,017 log 346111 138225364481728 Bad Request: /api/v1/auth/logout/
[WARNING] 2026-07-30 21:19:10,017 basehttp 346111 138225364481728 "POST /api/v1/auth/logout/ HTTP/1.1" 400 132
[INFO] 2026-07-30 21:19:23,002 base_service 346111 138225364481728 User logged in with password: 09056419609
[INFO] 2026-07-30 21:19:23,124 basehttp 346111 138225364481728 "POST /api/v1/auth/login/ HTTP/1.1" 200 1128
[INFO] 2026-07-30 21:19:24,054 basehttp 346111 138225393854144 "GET /api/v1/complaints/my/?page_size=5 HTTP/1.1" 200 2
[INFO] 2026-07-30 21:19:24,332 basehttp 346111 138225364481728 "GET /api/v1/stores/?page_size=1 HTTP/1.1" 200 466
[INFO] 2026-07-30 21:19:24,517 basehttp 346111 138225393854144 "GET /api/v1/complaints/my/?page_size=5 HTTP/1.1" 200 2
[INFO] 2026-07-30 21:19:24,605 basehttp 346111 138225364481728 "GET /api/v1/stores/?page_size=1 HTTP/1.1" 200 466
[INFO] 2026-07-30 21:19:32,499 basehttp 346111 138225393854144 "GET /api/v1/products/units/ HTTP/1.1" 200 89
[INFO] 2026-07-30 21:19:32,806 basehttp 346111 138225377068736 "GET /api/v1/products/?page=1&page_size=12 HTTP/1.1" 200 2405
[INFO] 2026-07-30 21:19:33,356 basehttp 346111 138225385461440 "GET /api/v1/organizations/unions/?page_size=200 HTTP/1.1" 200 1548
[INFO] 2026-07-30 21:19:33,367 basehttp 346111 138225393854144 "GET /api/v1/products/units/ HTTP/1.1" 200 89
[INFO] 2026-07-30 21:19:33,693 basehttp 346111 138225377068736 "GET /api/v1/products/?page=1&page_size=12 HTTP/1.1" 200 2405
[INFO] 2026-07-30 21:19:34,320 basehttp 346111 138225364481728 "GET /api/v1/products/categories/?page_size=200 HTTP/1.1" 200 1292
[INFO] 2026-07-30 21:19:35,126 basehttp 346111 138225385461440 "GET /api/v1/organizations/unions/?page_size=200 HTTP/1.1" 200 1548
[INFO] 2026-07-30 21:19:35,449 basehttp 346111 138225364481728 "GET /api/v1/products/categories/?page_size=200 HTTP/1.1" 200 1292
[INFO] 2026-07-30 21:22:18,850 basehttp 346111 138225364481728 "OPTIONS /api/v1/products/ HTTP/1.1" 200 0
[INFO] 2026-07-30 21:22:19,216 signals 346111 138225364481728 New product created: شیرینی دانمارکی (تست سیستم) in category: لوبیا چیتی
[INFO] 2026-07-30 21:22:19,217 base_service 346111 138225364481728 Product created: شیرینی دانمارکی (تست سیستم)
[INFO] 2026-07-30 21:22:19,515 basehttp 346111 138225364481728 "POST /api/v1/products/ HTTP/1.1" 201 878
[INFO] 2026-07-30 21:22:19,915 basehttp 346111 138225364481728 "GET /api/v1/products/?page=1&page_size=12 HTTP/1.1" 200 2813
[INFO] 2026-07-30 21:22:30,650 basehttp 346111 138225364481728 "GET /api/v1/products/categories/?page_size=200 HTTP/1.1" 200 1292
[INFO] 2026-07-30 21:22:31,353 basehttp 346111 138225364481728 "GET /api/v1/products/categories/?page_size=200 HTTP/1.1" 200 1292
[INFO] 2026-07-30 21:29:25,665 autoreload 346111 138226138247296 /home/nimamakhmali/Documents/Rayan Pajouhan/724/Nazer-Bazaar/backend/apps/accounts/admin/user_admin.py changed, reloading.
[INFO] 2026-07-30 21:29:26,824 autoreload 358442 139704647938176 Watching for file changes with StatReloader
[INFO] 2026-07-30 21:29:32,624 autoreload 358442 139704647938176 /home/nimamakhmali/Documents/Rayan Pajouhan/724/Nazer-Bazaar/backend/apps/accounts/admin/user_admin.py changed, reloading.
[INFO] 2026-07-30 21:29:33,505 autoreload 358728 134344260182144 Watching for file changes with StatReloader
[INFO] 2026-07-30 21:29:35,202 autoreload 358728 134344260182144 /home/nimamakhmali/Documents/Rayan Pajouhan/724/Nazer-Bazaar/backend/apps/accounts/admin/user_admin.py changed, reloading.
[INFO] 2026-07-30 21:29:35,961 autoreload 358809 135784616263808 Watching for file changes with StatReloader
[INFO] 2026-07-30 21:30:09,127 autoreload 358809 135784616263808 /home/nimamakhmali/Documents/Rayan Pajouhan/724/Nazer-Bazaar/backend/apps/accounts/admin/user_admin.py changed, reloading.
[INFO] 2026-07-30 21:30:09,942 autoreload 359934 135181887537280 Watching for file changes with StatReloader
[INFO] 2026-07-30 21:35:35,174 basehttp 359934 135181161723584 "OPTIONS /api/v1/geography/provinces/ HTTP/1.1" 200 0
[INFO] 2026-07-30 21:35:35,177 basehttp 359934 135181153330880 "OPTIONS /api/v1/pricing/official-prices/?page=1&is_today=true HTTP/1.1" 200 0
[INFO] 2026-07-30 21:35:35,178 basehttp 359934 135181067347648 "OPTIONS /api/v1/pricing/official-prices/?page=1&is_today=true HTTP/1.1" 200 0
[INFO] 2026-07-30 21:35:35,178 basehttp 359934 135181075740352 "OPTIONS /api/v1/geography/provinces/ HTTP/1.1" 200 0
[INFO] 2026-07-30 21:35:35,651 basehttp 359934 135181161723584 "GET /api/v1/geography/provinces/ HTTP/1.1" 200 152
[INFO] 2026-07-30 21:35:35,857 basehttp 359934 135181153330880 "GET /api/v1/pricing/official-prices/?page=1&is_today=true HTTP/1.1" 200 944
[INFO] 2026-07-30 21:35:35,977 basehttp 359934 135181161723584 "GET /api/v1/geography/provinces/ HTTP/1.1" 200 152
[INFO] 2026-07-30 21:35:36,150 basehttp 359934 135181153330880 "GET /api/v1/pricing/official-prices/?page=1&is_today=true HTTP/1.1" 200 944
[INFO] 2026-07-30 21:35:42,704 basehttp 359934 135181153330880 "OPTIONS /api/v1/auth/me/ HTTP/1.1" 200 0
[INFO] 2026-07-30 21:35:42,704 basehttp 359934 135181161723584 "OPTIONS /api/v1/auth/me/ HTTP/1.1" 200 0
[INFO] 2026-07-30 21:35:42,805 basehttp 359934 135181161723584 "GET /api/v1/auth/me/ HTTP/1.1" 200 408
[INFO] 2026-07-30 21:35:42,939 basehttp 359934 135181161723584 "GET /api/v1/auth/me/ HTTP/1.1" 200 408
[INFO] 2026-07-30 21:35:43,080 basehttp 359934 135181161723584 "OPTIONS /api/v1/stores/?page_size=1 HTTP/1.1" 200 0
[INFO] 2026-07-30 21:35:43,080 basehttp 359934 135181067347648 "OPTIONS /api/v1/complaints/my/?page_size=5 HTTP/1.1" 200 0
[INFO] 2026-07-30 21:35:43,080 basehttp 359934 135181075740352 "OPTIONS /api/v1/stores/?page_size=1 HTTP/1.1" 200 0
[INFO] 2026-07-30 21:35:43,080 basehttp 359934 135181153330880 "OPTIONS /api/v1/complaints/my/?page_size=5 HTTP/1.1" 200 0
[INFO] 2026-07-30 21:35:43,403 basehttp 359934 135181075740352 "GET /api/v1/complaints/my/?page_size=5 HTTP/1.1" 200 2
[INFO] 2026-07-30 21:35:43,484 basehttp 359934 135181161723584 "GET /api/v1/stores/?page_size=1 HTTP/1.1" 200 466
[INFO] 2026-07-30 21:35:43,850 basehttp 359934 135181161723584 "GET /api/v1/stores/?page_size=1 HTTP/1.1" 200 466
[INFO] 2026-07-30 21:35:43,864 basehttp 359934 135181075740352 "GET /api/v1/complaints/my/?page_size=5 HTTP/1.1" 200 2
[WARNING] 2026-07-30 21:35:45,126 log 359934 135181075740352 Bad Request: /api/v1/auth/logout/
[WARNING] 2026-07-30 21:35:45,127 basehttp 359934 135181075740352 "POST /api/v1/auth/logout/ HTTP/1.1" 400 132
[INFO] 2026-07-30 21:36:29,484 basehttp 359934 135181075740352 "OPTIONS /api/v1/auth/otp/request/ HTTP/1.1" 200 0
[INFO] 2026-07-30 21:36:29,526 otp_service 359934 135181075740352 [DEV] SMS to 09944574949: کد تایید سامانه پایش قیمت: 498221
[INFO] 2026-07-30 21:36:29,527 base_service 359934 135181075740352 OTP sent to 09944574949
[INFO] 2026-07-30 21:36:29,645 basehttp 359934 135181075740352 "POST /api/v1/auth/otp/request/ HTTP/1.1" 200 142
[WARNING] 2026-07-30 21:36:39,405 log 359934 135181050566336 Not Found: /
[WARNING] 2026-07-30 21:36:39,405 basehttp 359934 135181050566336 "GET / HTTP/1.1" 404 16956
[INFO] 2026-07-30 21:36:43,443 basehttp 359934 135181050566336 "GET /admin/ HTTP/1.1" 200 42246
[INFO] 2026-07-30 21:36:43,458 basehttp 359934 135181050566336 "GET /static/admin/css/base.css HTTP/1.1" 304 0
[INFO] 2026-07-30 21:36:43,462 basehttp 359934 135181031683776 "GET /static/admin/css/dark_mode.css HTTP/1.1" 304 0
[INFO] 2026-07-30 21:36:43,464 basehttp 359934 135181040076480 "GET /static/admin/css/responsive.css HTTP/1.1" 304 0
[INFO] 2026-07-30 21:36:43,465 basehttp 359934 135181023291072 "GET /static/admin/css/nav_sidebar.css HTTP/1.1" 304 0
[INFO] 2026-07-30 21:36:43,469 basehttp 359934 135181040076480 "GET /static/admin/js/nav_sidebar.js HTTP/1.1" 304 0
[INFO] 2026-07-30 21:36:43,469 basehttp 359934 135180605978304 "GET /static/admin/css/dashboard.css HTTP/1.1" 304 0
[INFO] 2026-07-30 21:36:43,469 basehttp 359934 135181023291072 "GET /static/admin/js/theme.js HTTP/1.1" 304 0
[INFO] 2026-07-30 21:36:43,506 basehttp 359934 135180605978304 "GET /static/admin/img/icon-changelink.svg HTTP/1.1" 304 0
[INFO] 2026-07-30 21:36:43,507 basehttp 359934 135181050566336 "GET /static/admin/img/icon-addlink.svg HTTP/1.1" 304 0
[INFO] 2026-07-30 21:36:43,507 basehttp 359934 135181031683776 "GET /static/admin/img/icon-viewlink.svg HTTP/1.1" 304 0
[INFO] 2026-07-30 21:36:54,626 basehttp 359934 135181050566336 "GET /admin/accounts/verifycode/ HTTP/1.1" 200 39980
[INFO] 2026-07-30 21:36:54,666 basehttp 359934 135180605978304 "GET /static/admin/img/icon-no.svg HTTP/1.1" 200 560
[INFO] 2026-07-30 21:36:54,791 basehttp 359934 135181050566336 "GET /admin/jsi18n/ HTTP/1.1" 200 3343
[INFO] 2026-07-30 21:37:01,147 basehttp 359934 135181075740352 "OPTIONS /api/v1/auth/otp/verify/ HTTP/1.1" 200 0
[INFO] 2026-07-30 21:37:01,249 base_service 359934 135181075740352 User logged in: 09944574949
[INFO] 2026-07-30 21:37:01,416 basehttp 359934 135181075740352 "POST /api/v1/auth/otp/verify/ HTTP/1.1" 200 1090
[INFO] 2026-07-30 21:37:02,629 basehttp 359934 135181075740352 "GET /api/v1/auth/me/ HTTP/1.1" 200 368
[INFO] 2026-07-30 21:37:02,741 basehttp 359934 135181075740352 "GET /api/v1/auth/me/ HTTP/1.1" 200 368
[INFO] 2026-07-30 21:37:02,825 basehttp 359934 135181075740352 "OPTIONS /api/v1/auth/users/profile/ HTTP/1.1" 200 0
[INFO] 2026-07-30 21:37:02,827 basehttp 359934 135181161723584 "OPTIONS /api/v1/auth/users/profile/ HTTP/1.1" 200 0
[INFO] 2026-07-30 21:37:02,949 basehttp 359934 135181075740352 "GET /api/v1/auth/users/profile/ HTTP/1.1" 200 368
[INFO] 2026-07-30 21:37:03,091 basehttp 359934 135181075740352 "GET /api/v1/auth/users/profile/ HTTP/1.1" 200 368
[WARNING] 2026-07-30 21:37:47,344 log 359934 135181075740352 Bad Request: /api/v1/auth/users/profile/
[WARNING] 2026-07-30 21:37:47,345 basehttp 359934 135181075740352 "PATCH /api/v1/auth/users/profile/ HTTP/1.1" 400 186
[INFO] 2026-07-30 21:53:12,574 basehttp 359934 135181050566336 "GET /api/v1/auth/users/profile/ HTTP/1.1" 200 368
[INFO] 2026-07-30 22:18:03,307 autoreload 13473 133092975009920 Watching for file changes with StatReloader
[INFO] 2026-07-30 22:18:21,643 basehttp 13473 133092247336640 "OPTIONS /api/v1/geography/provinces/ HTTP/1.1" 200 0
[INFO] 2026-07-30 22:18:21,649 basehttp 13473 133092247336640 "OPTIONS /api/v1/pricing/official-prices/?page=1&is_today=true HTTP/1.1" 200 0
[INFO] 2026-07-30 22:18:21,650 basehttp 13473 133092238943936 "OPTIONS /api/v1/geography/provinces/ HTTP/1.1" 200 0
[INFO] 2026-07-30 22:18:21,650 basehttp 13473 133092222158528 "OPTIONS /api/v1/pricing/official-prices/?page=1&is_today=true HTTP/1.1" 200 0
[INFO] 2026-07-30 22:18:22,555 basehttp 13473 133092230551232 "GET /api/v1/geography/provinces/ HTTP/1.1" 200 152
[INFO] 2026-07-30 22:18:22,913 basehttp 13473 133092222158528 "GET /api/v1/pricing/official-prices/?page=1&is_today=true HTTP/1.1" 200 944
[INFO] 2026-07-30 22:18:23,087 basehttp 13473 133092230551232 "GET /api/v1/geography/provinces/ HTTP/1.1" 200 152
[INFO] 2026-07-30 22:18:23,237 basehttp 13473 133092222158528 "GET /api/v1/pricing/official-prices/?page=1&is_today=true HTTP/1.1" 200 944
[INFO] 2026-07-30 22:18:25,593 basehttp 13473 133092222158528 "OPTIONS /api/v1/auth/me/ HTTP/1.1" 200 0
[INFO] 2026-07-30 22:18:25,593 basehttp 13473 133092230551232 "OPTIONS /api/v1/auth/me/ HTTP/1.1" 200 0
[INFO] 2026-07-30 22:18:25,715 basehttp 13473 133092222158528 "GET /api/v1/auth/me/ HTTP/1.1" 200 368
[INFO] 2026-07-30 22:18:25,874 basehttp 13473 133092222158528 "GET /api/v1/auth/me/ HTTP/1.1" 200 368
[INFO] 2026-07-30 22:18:26,037 basehttp 13473 133092247336640 "OPTIONS /api/v1/stores/?page_size=1 HTTP/1.1" 200 0
[INFO] 2026-07-30 22:18:26,043 basehttp 13473 133092222158528 "OPTIONS /api/v1/stores/?page_size=1 HTTP/1.1" 200 0
[INFO] 2026-07-30 22:18:26,044 basehttp 13473 133092230551232 "OPTIONS /api/v1/complaints/my/?page_size=5 HTTP/1.1" 200 0
[INFO] 2026-07-30 22:18:26,044 basehttp 13473 133092238943936 "OPTIONS /api/v1/complaints/my/?page_size=5 HTTP/1.1" 200 0
[INFO] 2026-07-30 22:18:26,405 basehttp 13473 133092238943936 "GET /api/v1/complaints/my/?page_size=5 HTTP/1.1" 200 227
[INFO] 2026-07-30 22:18:26,550 basehttp 13473 133092247336640 "GET /api/v1/stores/?page_size=1 HTTP/1.1" 200 466
[INFO] 2026-07-30 22:18:26,895 basehttp 13473 133092238943936 "GET /api/v1/complaints/my/?page_size=5 HTTP/1.1" 200 227
[INFO] 2026-07-30 22:18:27,003 basehttp 13473 133092247336640 "GET /api/v1/stores/?page_size=1 HTTP/1.1" 200 466
[INFO] 2026-07-30 22:18:32,486 basehttp 13473 133092238943936 "OPTIONS /api/v1/complaints/my/?page=1&page_size=10 HTTP/1.1" 200 0
[INFO] 2026-07-30 22:18:32,486 basehttp 13473 133092247336640 "OPTIONS /api/v1/complaints/my/?page=1&page_size=10 HTTP/1.1" 200 0
[INFO] 2026-07-30 22:18:32,660 basehttp 13473 133092238943936 "GET /api/v1/complaints/my/?page=1&page_size=10 HTTP/1.1" 200 227
[INFO] 2026-07-30 22:18:32,840 basehttp 13473 133092238943936 "GET /api/v1/complaints/my/?page=1&page_size=10 HTTP/1.1" 200 227
[INFO] 2026-07-30 22:18:33,716 basehttp 13473 133092238943936 "OPTIONS /api/v1/products/?page_size=20 HTTP/1.1" 200 0
[INFO] 2026-07-30 22:18:33,716 basehttp 13473 133092247336640 "OPTIONS /api/v1/products/?page_size=20 HTTP/1.1" 200 0
[INFO] 2026-07-30 22:18:33,963 basehttp 13473 133092247336640 "GET /api/v1/products/?page_size=20 HTTP/1.1" 200 2813
[INFO] 2026-07-30 22:18:34,189 basehttp 13473 133092247336640 "GET /api/v1/products/?page_size=20 HTTP/1.1" 200 2813
[INFO] 2026-07-30 22:18:34,428 basehttp 13473 133092247336640 "GET /api/v1/products/?page_size=20 HTTP/1.1" 200 2813
[INFO] 2026-07-30 22:18:40,244 basehttp 13473 133092247336640 "GET /api/v1/stores/?page_size=1 HTTP/1.1" 200 466
[INFO] 2026-07-30 22:18:40,438 basehttp 13473 133092238943936 "GET /api/v1/complaints/my/?page_size=5 HTTP/1.1" 200 227
[INFO] 2026-07-30 22:18:40,810 basehttp 13473 133092247336640 "GET /api/v1/stores/?page_size=1 HTTP/1.1" 200 466
[INFO] 2026-07-30 22:18:40,918 basehttp 13473 133092238943936 "GET /api/v1/complaints/my/?page_size=5 HTTP/1.1" 200 227
[INFO] 2026-07-30 22:18:41,275 basehttp 13473 133092238943936 "GET /api/v1/complaints/my/?page=1&page_size=10 HTTP/1.1" 200 227
[INFO] 2026-07-30 22:18:41,402 basehttp 13473 133092238943936 "GET /api/v1/complaints/my/?page=1&page_size=10 HTTP/1.1" 200 227
[INFO] 2026-07-30 22:19:10,680 basehttp 13473 133092247336640 "OPTIONS /api/v1/auth/users/profile/ HTTP/1.1" 200 0
[INFO] 2026-07-30 22:19:10,680 basehttp 13473 133092238943936 "OPTIONS /api/v1/auth/users/profile/ HTTP/1.1" 200 0
[INFO] 2026-07-30 22:19:10,846 basehttp 13473 133092247336640 "GET /api/v1/auth/users/profile/ HTTP/1.1" 200 368
[INFO] 2026-07-30 22:19:11,040 basehttp 13473 133092247336640 "GET /api/v1/auth/users/profile/ HTTP/1.1" 200 368
[WARNING] 2026-07-30 22:20:01,810 log 13473 133092247336640 Bad Request: /api/v1/auth/users/profile/
[WARNING] 2026-07-30 22:20:01,811 basehttp 13473 133092247336640 "PATCH /api/v1/auth/users/profile/ HTTP/1.1" 400 186
[WARNING] 2026-07-30 22:20:10,882 log 13473 133092247336640 Bad Request: /api/v1/auth/users/profile/
[WARNING] 2026-07-30 22:20:10,882 basehttp 13473 133092247336640 "PATCH /api/v1/auth/users/profile/ HTTP/1.1" 400 186
[INFO] 2026-07-30 22:20:26,335 basehttp 13473 133092247336640 "GET /api/v1/complaints/my/?page_size=5 HTTP/1.1" 200 227
[INFO] 2026-07-30 22:20:26,479 basehttp 13473 133092247336640 "GET /api/v1/complaints/my/?page_size=5 HTTP/1.1" 200 227
[INFO] 2026-07-30 22:20:26,865 basehttp 13473 133092247336640 "GET /api/v1/complaints/my/?page=1&page_size=10 HTTP/1.1" 200 227
[INFO] 2026-07-30 22:20:27,021 basehttp 13473 133092247336640 "GET /api/v1/complaints/my/?page=1&page_size=10 HTTP/1.1" 200 227
[INFO] 2026-07-30 22:20:27,847 basehttp 13473 133092247336640 "GET /api/v1/complaints/my/?page_size=5 HTTP/1.1" 200 227
[INFO] 2026-07-30 22:20:27,970 basehttp 13473 133092247336640 "GET /api/v1/complaints/my/?page_size=5 HTTP/1.1" 200 227
[INFO] 2026-07-30 22:20:31,838 basehttp 13473 133092247336640 "GET /api/v1/products/?page_size=20 HTTP/1.1" 200 2813
[INFO] 2026-07-30 22:20:32,039 basehttp 13473 133092247336640 "GET /api/v1/products/?page_size=20 HTTP/1.1" 200 2813
[INFO] 2026-07-30 22:20:32,248 basehttp 13473 133092247336640 "GET /api/v1/products/?page_size=20 HTTP/1.1" 200 2813
[INFO] 2026-07-30 22:20:36,857 basehttp 13473 133092247336640 "GET /api/v1/stores/?page_size=1 HTTP/1.1" 200 466
[INFO] 2026-07-30 22:20:37,104 basehttp 13473 133092238943936 "GET /api/v1/complaints/my/?page_size=5 HTTP/1.1" 200 227
[INFO] 2026-07-30 22:20:37,321 basehttp 13473 133092247336640 "GET /api/v1/stores/?page_size=1 HTTP/1.1" 200 466
[INFO] 2026-07-30 22:20:37,392 basehttp 13473 133092230551232 "GET /api/v1/complaints/my/?page_size=5 HTTP/1.1" 200 227
[INFO] 2026-07-30 22:20:37,542 basehttp 13473 133092230551232 "GET /api/v1/complaints/my/?page=1&page_size=10 HTTP/1.1" 200 227
[INFO] 2026-07-30 22:20:37,712 basehttp 13473 133092230551232 "GET /api/v1/complaints/my/?page=1&page_size=10 HTTP/1.1" 200 227
[INFO] 2026-07-30 22:23:21,026 basehttp 13473 133092230551232 "GET /api/v1/auth/users/profile/ HTTP/1.1" 200 368
[INFO] 2026-07-30 22:23:21,130 basehttp 13473 133092230551232 "GET /api/v1/auth/users/profile/ HTTP/1.1" 200 368
[WARNING] 2026-07-30 22:23:44,798 log 13473 133092230551232 Bad Request: /api/v1/auth/users/profile/
[WARNING] 2026-07-30 22:23:44,798 basehttp 13473 133092230551232 "PATCH /api/v1/auth/users/profile/ HTTP/1.1" 400 186
[WARNING] 2026-07-30 22:25:09,707 log 13473 133092230551232 Bad Request: /api/v1/auth/users/profile/
[WARNING] 2026-07-30 22:25:09,708 basehttp 13473 133092230551232 "PATCH /api/v1/auth/users/profile/ HTTP/1.1" 400 186
[WARNING] 2026-07-30 22:25:30,085 log 13473 133092230551232 Bad Request: /api/v1/auth/users/profile/
[WARNING] 2026-07-30 22:25:30,085 basehttp 13473 133092230551232 "PATCH /api/v1/auth/users/profile/ HTTP/1.1" 400 186
[INFO] 2026-07-30 22:25:43,588 basehttp 13473 133092230551232 "GET /api/v1/auth/me/ HTTP/1.1" 200 368
[INFO] 2026-07-30 22:25:43,729 basehttp 13473 133092230551232 "GET /api/v1/auth/me/ HTTP/1.1" 200 368
[INFO] 2026-07-30 22:25:43,911 basehttp 13473 133092230551232 "GET /api/v1/auth/users/profile/ HTTP/1.1" 200 368
[INFO] 2026-07-30 22:25:44,089 basehttp 13473 133092230551232 "GET /api/v1/auth/users/profile/ HTTP/1.1" 200 368
[INFO] 2026-07-30 22:26:03,078 basehttp 13473 133092230551232 "GET /api/v1/auth/me/ HTTP/1.1" 200 368
[INFO] 2026-07-30 22:26:03,217 basehttp 13473 133092230551232 "GET /api/v1/auth/me/ HTTP/1.1" 200 368
[INFO] 2026-07-30 22:26:03,499 basehttp 13473 133092230551232 "GET /api/v1/auth/users/profile/ HTTP/1.1" 200 368
[INFO] 2026-07-30 22:26:03,602 basehttp 13473 133092230551232 "GET /api/v1/auth/users/profile/ HTTP/1.1" 200 368
[INFO] 2026-07-30 22:30:48,123 autoreload 13473 133092975009920 /home/nimamakhmali/Documents/Rayan Pajouhan/724/Nazer-Bazaar/backend/apps/accounts/serializers/user_serializers.py changed, reloading.
[INFO] 2026-07-30 22:30:49,534 autoreload 19318 140671669280896 Watching for file changes with StatReloader
[INFO] 2026-07-30 22:31:28,069 autoreload 19318 140671669280896 /home/nimamakhmali/Documents/Rayan Pajouhan/724/Nazer-Bazaar/backend/apps/accounts/services/user_service.py changed, reloading.
[INFO] 2026-07-30 22:31:29,021 autoreload 19512 127090787565696 Watching for file changes with StatReloader
[INFO] 2026-07-30 22:31:35,854 autoreload 19512 127090787565696 /home/nimamakhmali/Documents/Rayan Pajouhan/724/Nazer-Bazaar/backend/apps/accounts/services/user_service.py changed, reloading.
[INFO] 2026-07-30 22:31:36,694 autoreload 19577 132374380826752 Watching for file changes with StatReloader
[INFO] 2026-07-30 22:31:50,685 autoreload 19577 132374380826752 /home/nimamakhmali/Documents/Rayan Pajouhan/724/Nazer-Bazaar/backend/apps/accounts/services/user_service.py changed, reloading.
[INFO] 2026-07-30 22:31:51,586 autoreload 19657 135915183104128 Watching for file changes with StatReloader
[INFO] 2026-07-30 22:31:54,414 autoreload 19657 135915183104128 /home/nimamakhmali/Documents/Rayan Pajouhan/724/Nazer-Bazaar/backend/apps/accounts/services/user_service.py changed, reloading.
[INFO] 2026-07-30 22:31:55,362 autoreload 19703 126887755468928 Watching for file changes with StatReloader
[INFO] 2026-07-30 22:32:00,170 autoreload 19703 126887755468928 /home/nimamakhmali/Documents/Rayan Pajouhan/724/Nazer-Bazaar/backend/apps/accounts/services/user_service.py changed, reloading.
[INFO] 2026-07-30 22:32:01,176 autoreload 19751 136992766824576 Watching for file changes with StatReloader
[INFO] 2026-07-30 22:33:07,297 autoreload 19751 136992766824576 /home/nimamakhmali/Documents/Rayan Pajouhan/724/Nazer-Bazaar/backend/apps/accounts/views/user_views.py changed, reloading.
[INFO] 2026-07-30 22:33:08,191 autoreload 19979 136272399007872 Watching for file changes with StatReloader
[INFO] 2026-07-30 22:33:10,372 autoreload 19979 136272399007872 /home/nimamakhmali/Documents/Rayan Pajouhan/724/Nazer-Bazaar/backend/apps/accounts/views/user_views.py changed, reloading.
[INFO] 2026-07-30 22:33:11,165 autoreload 20003 136127772332160 Watching for file changes with StatReloader
[INFO] 2026-07-30 22:33:17,821 basehttp 20003 136127047530176 "GET /api/v1/auth/me/ HTTP/1.1" 200 368
[INFO] 2026-07-30 22:33:17,931 basehttp 20003 136127047530176 "GET /api/v1/auth/me/ HTTP/1.1" 200 368
[INFO] 2026-07-30 22:33:18,140 basehttp 20003 136127047530176 "GET /api/v1/auth/users/profile/ HTTP/1.1" 200 368
[INFO] 2026-07-30 22:33:18,269 basehttp 20003 136127047530176 "GET /api/v1/auth/users/profile/ HTTP/1.1" 200 368
[WARNING] 2026-07-30 22:33:37,937 log 20003 136127047530176 Bad Request: /api/v1/auth/users/profile/
[WARNING] 2026-07-30 22:33:37,938 basehttp 20003 136127047530176 "PATCH /api/v1/auth/users/profile/ HTTP/1.1" 400 186
[WARNING] 2026-07-30 22:33:46,509 log 20003 136127047530176 Bad Request: /api/v1/auth/users/profile/
[WARNING] 2026-07-30 22:33:46,510 basehttp 20003 136127047530176 "PATCH /api/v1/auth/users/profile/ HTTP/1.1" 400 114
[WARNING] 2026-07-30 22:33:47,755 log 20003 136127047530176 Bad Request: /api/v1/auth/users/profile/
[WARNING] 2026-07-30 22:33:47,756 basehttp 20003 136127047530176 "PATCH /api/v1/auth/users/profile/ HTTP/1.1" 400 114
[INFO] 2026-07-30 22:34:02,812 basehttp 20003 136127047530176 "GET /api/v1/auth/me/ HTTP/1.1" 200 368
[INFO] 2026-07-30 22:34:24,374 autoreload 21445 138785587155072 Watching for file changes with StatReloader
[WARNING] 2026-07-30 22:34:26,650 log 21445 138784859485888 Not Found: /
[WARNING] 2026-07-30 22:34:26,651 basehttp 21445 138784859485888 "GET / HTTP/1.1" 404 16956
[INFO] 2026-07-30 22:34:37,750 basehttp 21445 138784848996032 "OPTIONS /api/v1/auth/otp/request/ HTTP/1.1" 200 0
[INFO] 2026-07-30 22:34:37,815 otp_service 21445 138784848996032 [DEV] SMS to 09944574949: کد تایید سامانه پایش قیمت: 417925
[INFO] 2026-07-30 22:34:37,816 base_service 21445 138784848996032 OTP sent to 09944574949
[INFO] 2026-07-30 22:34:37,953 basehttp 21445 138784848996032 "POST /api/v1/auth/otp/request/ HTTP/1.1" 200 142
[INFO] 2026-07-30 22:34:45,204 basehttp 21445 138784859485888 "GET /admin/ HTTP/1.1" 200 42246
[INFO] 2026-07-30 22:34:53,551 basehttp 21445 138784859485888 "GET /admin/accounts/verifycode/ HTTP/1.1" 200 40506
[INFO] 2026-07-30 22:34:53,745 basehttp 21445 138784859485888 "GET /admin/jsi18n/ HTTP/1.1" 200 3343
[INFO] 2026-07-30 22:34:59,025 basehttp 21445 138784848996032 "OPTIONS /api/v1/auth/otp/verify/ HTTP/1.1" 200 0
[INFO] 2026-07-30 22:34:59,110 base_service 21445 138784848996032 User logged in: 09944574949
[INFO] 2026-07-30 22:34:59,288 basehttp 21445 138784848996032 "POST /api/v1/auth/otp/verify/ HTTP/1.1" 200 1090
[INFO] 2026-07-30 22:34:59,965 basehttp 21445 138784848996032 "GET /api/v1/auth/me/ HTTP/1.1" 200 368
[INFO] 2026-07-30 22:35:00,129 basehttp 21445 138784848996032 "GET /api/v1/auth/me/ HTTP/1.1" 200 368
[INFO] 2026-07-30 22:35:00,335 basehttp 21445 138784848996032 "GET /api/v1/auth/users/profile/ HTTP/1.1" 200 368
[INFO] 2026-07-30 22:35:00,460 basehttp 21445 138784848996032 "GET /api/v1/auth/users/profile/ HTTP/1.1" 200 368
[WARNING] 2026-07-30 22:35:14,498 log 21445 138784848996032 Bad Request: /api/v1/auth/users/profile/
[WARNING] 2026-07-30 22:35:14,499 basehttp 21445 138784848996032 "PATCH /api/v1/auth/users/profile/ HTTP/1.1" 400 186
[WARNING] 2026-07-30 22:35:15,470 log 21445 138784848996032 Bad Request: /api/v1/auth/users/profile/
[WARNING] 2026-07-30 22:35:15,471 basehttp 21445 138784848996032 "PATCH /api/v1/auth/users/profile/ HTTP/1.1" 400 186
[WARNING] 2026-07-30 22:35:21,747 log 21445 138784848996032 Bad Request: /api/v1/auth/users/profile/
[WARNING] 2026-07-30 22:35:21,747 basehttp 21445 138784848996032 "PATCH /api/v1/auth/users/profile/ HTTP/1.1" 400 114
[WARNING] 2026-07-30 22:35:37,240 log 21445 138784848996032 Bad Request: /api/v1/auth/users/profile/
[WARNING] 2026-07-30 22:35:37,240 basehttp 21445 138784848996032 "PATCH /api/v1/auth/users/profile/ HTTP/1.1" 400 114
[WARNING] 2026-07-30 22:35:38,222 log 21445 138784848996032 Bad Request: /api/v1/auth/users/profile/
[WARNING] 2026-07-30 22:35:38,223 basehttp 21445 138784848996032 "PATCH /api/v1/auth/users/profile/ HTTP/1.1" 400 114
[INFO] 2026-07-31 14:48:05,368 autoreload 299446 135272109228160 Watching for file changes with StatReloader
[WARNING] 2026-07-31 14:48:07,986 log 299446 135271383299776 Not Found: /
[WARNING] 2026-07-31 14:48:07,987 basehttp 299446 135271383299776 "GET / HTTP/1.1" 404 16957
[INFO] 2026-07-31 14:48:23,888 basehttp 299446 135271383299776 "GET /admin/ HTTP/1.1" 200 42246
[INFO] 2026-07-31 14:48:23,903 basehttp 299446 135271383299776 "GET /static/admin/css/base.css HTTP/1.1" 304 0
[INFO] 2026-07-31 14:48:23,906 basehttp 299446 135271367567040 "GET /static/admin/css/dark_mode.css HTTP/1.1" 304 0
[INFO] 2026-07-31 14:48:23,908 basehttp 299446 135271359174336 "GET /static/admin/css/nav_sidebar.css HTTP/1.1" 304 0
[INFO] 2026-07-31 14:48:23,912 basehttp 299446 135271350781632 "GET /static/admin/css/dashboard.css HTTP/1.1" 304 0
[INFO] 2026-07-31 14:48:23,912 basehttp 299446 135271135835840 "GET /static/admin/css/responsive.css HTTP/1.1" 304 0
[INFO] 2026-07-31 14:48:23,917 basehttp 299446 135271135835840 "GET /static/admin/js/nav_sidebar.js HTTP/1.1" 304 0
[INFO] 2026-07-31 14:48:23,919 basehttp 299446 135271350781632 "GET /static/admin/js/theme.js HTTP/1.1" 304 0
[INFO] 2026-07-31 14:48:23,954 basehttp 299446 135271383299776 "GET /static/admin/img/icon-addlink.svg HTTP/1.1" 304 0
[INFO] 2026-07-31 14:48:23,954 basehttp 299446 135271359174336 "GET /static/admin/img/icon-changelink.svg HTTP/1.1" 304 0
[INFO] 2026-07-31 14:48:23,954 basehttp 299446 135271367567040 "GET /static/admin/img/icon-viewlink.svg HTTP/1.1" 304 0
[INFO] 2026-07-31 14:48:31,722 basehttp 299446 135271383299776 "GET /admin/accounts/user/ HTTP/1.1" 200 42506
[INFO] 2026-07-31 14:48:31,748 basehttp 299446 135271350781632 "GET /static/admin/img/icon-yes.svg HTTP/1.1" 304 0
[INFO] 2026-07-31 14:48:31,759 basehttp 299446 135271350781632 "GET /static/admin/img/icon-no.svg HTTP/1.1" 304 0
[INFO] 2026-07-31 14:48:31,849 basehttp 299446 135271383299776 "GET /admin/jsi18n/ HTTP/1.1" 200 3343
[INFO] 2026-07-31 14:48:31,914 basehttp 299446 135271383299776 "GET /static/admin/img/sorting-icons.svg HTTP/1.1" 304 0
[INFO] 2026-07-31 14:48:37,193 basehttp 299446 135271383299776 "GET /admin/accounts/user/1/change/ HTTP/1.1" 200 66349
[INFO] 2026-07-31 14:48:37,216 basehttp 299446 135271350781632 "GET /static/admin/css/forms.css HTTP/1.1" 304 0
[INFO] 2026-07-31 14:48:37,222 basehttp 299446 135271359174336 "GET /static/admin/js/collapse.js HTTP/1.1" 304 0
[INFO] 2026-07-31 14:48:37,223 basehttp 299446 135271350781632 "GET /static/admin/css/widgets.css HTTP/1.1" 304 0
[INFO] 2026-07-31 14:48:37,226 basehttp 299446 135271135835840 "GET /static/admin/js/SelectBox.js HTTP/1.1" 200 4530
[INFO] 2026-07-31 14:48:37,229 basehttp 299446 135271367567040 "GET /static/admin/js/SelectFilter2.js HTTP/1.1" 200 15292
[INFO] 2026-07-31 14:48:37,237 basehttp 299446 135271367567040 "GET /static/admin/js/prepopulate_init.js HTTP/1.1" 304 0
[INFO] 2026-07-31 14:48:37,283 basehttp 299446 135271367567040 "GET /static/admin/js/change_form.js HTTP/1.1" 304 0
[INFO] 2026-07-31 14:48:37,375 basehttp 299446 135271383299776 "GET /admin/jsi18n/ HTTP/1.1" 200 3343
[INFO] 2026-07-31 14:48:37,479 basehttp 299446 135271383299776 "GET /static/admin/img/icon-unknown.svg HTTP/1.1" 200 655
[INFO] 2026-07-31 14:48:37,480 basehttp 299446 135271367567040 "GET /static/admin/img/selector-icons.svg HTTP/1.1" 200 3291
[INFO] 2026-07-31 14:48:37,480 basehttp 299446 135271350781632 "GET /static/admin/img/icon-unknown-alt.svg HTTP/1.1" 200 655
[INFO] 2026-07-31 14:48:56,551 basehttp 299446 135271127443136 "OPTIONS /api/v1/geography/provinces/ HTTP/1.1" 200 0
[INFO] 2026-07-31 14:48:56,553 basehttp 299446 135271119050432 "OPTIONS /api/v1/pricing/official-prices/?page=1&is_today=true HTTP/1.1" 200 0
[INFO] 2026-07-31 14:48:56,559 basehttp 299446 135271110657728 "OPTIONS /api/v1/geography/provinces/ HTTP/1.1" 200 0
[INFO] 2026-07-31 14:48:56,563 basehttp 299446 135271102265024 "OPTIONS /api/v1/pricing/official-prices/?page=1&is_today=true HTTP/1.1" 200 0
[WARNING] 2026-07-31 14:48:56,659 log 299446 135271127443136 Unauthorized: /api/v1/geography/provinces/
[WARNING] 2026-07-31 14:48:56,659 basehttp 299446 135271127443136 "GET /api/v1/geography/provinces/ HTTP/1.1" 401 293
[WARNING] 2026-07-31 14:48:56,697 log 299446 135271119050432 Unauthorized: /api/v1/pricing/official-prices/
[WARNING] 2026-07-31 14:48:56,698 basehttp 299446 135271119050432 "GET /api/v1/pricing/official-prices/?page=1&is_today=true HTTP/1.1" 401 293
[INFO] 2026-07-31 14:48:56,708 basehttp 299446 135271127443136 "OPTIONS /api/v1/auth/token/refresh/ HTTP/1.1" 200 0
[WARNING] 2026-07-31 14:48:56,791 log 299446 135271102265024 Unauthorized: /api/v1/geography/provinces/
[WARNING] 2026-07-31 14:48:56,807 basehttp 299446 135271102265024 "GET /api/v1/geography/provinces/ HTTP/1.1" 401 293
[WARNING] 2026-07-31 14:48:56,949 log 299446 135271110657728 Unauthorized: /api/v1/pricing/official-prices/
[WARNING] 2026-07-31 14:48:56,951 basehttp 299446 135271110657728 "GET /api/v1/pricing/official-prices/?page=1&is_today=true HTTP/1.1" 401 293
[INFO] 2026-07-31 14:48:57,045 basehttp 299446 135271127443136 "POST /api/v1/auth/token/refresh/ HTTP/1.1" 200 353
[WARNING] 2026-07-31 14:48:57,191 log 299446 135271127443136 Unauthorized: /api/v1/geography/provinces/
[WARNING] 2026-07-31 14:48:57,191 basehttp 299446 135271127443136 "GET /api/v1/geography/provinces/ HTTP/1.1" 401 293
[WARNING] 2026-07-31 14:48:57,230 log 299446 135271110657728 Unauthorized: /api/v1/pricing/official-prices/
[WARNING] 2026-07-31 14:48:57,230 basehttp 299446 135271110657728 "GET /api/v1/pricing/official-prices/?page=1&is_today=true HTTP/1.1" 401 293
[WARNING] 2026-07-31 14:48:57,439 log 299446 135271110657728 Unauthorized: /api/v1/geography/provinces/
[WARNING] 2026-07-31 14:48:57,440 basehttp 299446 135271110657728 "GET /api/v1/geography/provinces/ HTTP/1.1" 401 293
[INFO] 2026-07-31 14:48:57,447 basehttp 299446 135271127443136 "POST /api/v1/auth/token/refresh/ HTTP/1.1" 200 353
[WARNING] 2026-07-31 14:48:57,499 log 299446 135271102265024 Unauthorized: /api/v1/pricing/official-prices/
[WARNING] 2026-07-31 14:48:57,500 basehttp 299446 135271102265024 "GET /api/v1/pricing/official-prices/?page=1&is_today=true HTTP/1.1" 401 293
[WARNING] 2026-07-31 14:48:57,664 log 299446 135271110657728 Unauthorized: /api/v1/pricing/official-prices/
[WARNING] 2026-07-31 14:48:57,674 basehttp 299446 135271110657728 "GET /api/v1/pricing/official-prices/?page=1&is_today=true HTTP/1.1" 401 293
[WARNING] 2026-07-31 14:48:57,703 log 299446 135271127443136 Unauthorized: /api/v1/geography/provinces/
[WARNING] 2026-07-31 14:48:57,706 basehttp 299446 135271127443136 "GET /api/v1/geography/provinces/ HTTP/1.1" 401 293
[INFO] 2026-07-31 14:48:57,763 basehttp 299446 135271102265024 "POST /api/v1/auth/token/refresh/ HTTP/1.1" 200 353
[WARNING] 2026-07-31 14:48:57,901 log 299446 135271102265024 Unauthorized: /api/v1/pricing/official-prices/
[WARNING] 2026-07-31 14:48:57,913 basehttp 299446 135271102265024 "GET /api/v1/pricing/official-prices/?page=1&is_today=true HTTP/1.1" 401 293
[WARNING] 2026-07-31 14:48:57,943 log 299446 135271127443136 Unauthorized: /api/v1/geography/provinces/
[WARNING] 2026-07-31 14:48:57,944 basehttp 299446 135271127443136 "GET /api/v1/geography/provinces/ HTTP/1.1" 401 293
[INFO] 2026-07-31 14:48:58,061 basehttp 299446 135271127443136 "POST /api/v1/auth/token/refresh/ HTTP/1.1" 200 353
[WARNING] 2026-07-31 14:48:58,221 log 299446 135271127443136 Unauthorized: /api/v1/geography/provinces/
[WARNING] 2026-07-31 14:48:58,222 basehttp 299446 135271127443136 "GET /api/v1/geography/provinces/ HTTP/1.1" 401 293
[WARNING] 2026-07-31 14:50:11,317 log 299446 135271127443136 Unauthorized: /api/v1/geography/provinces/
[WARNING] 2026-07-31 14:50:11,318 basehttp 299446 135271127443136 "GET /api/v1/geography/provinces/ HTTP/1.1" 401 293
[WARNING] 2026-07-31 14:50:11,322 log 299446 135271102265024 Unauthorized: /api/v1/pricing/official-prices/
[WARNING] 2026-07-31 14:50:11,323 basehttp 299446 135271102265024 "GET /api/v1/pricing/official-prices/?page=1&is_today=true HTTP/1.1" 401 293
[INFO] 2026-07-31 14:50:11,449 basehttp 299446 135271102265024 "POST /api/v1/auth/token/refresh/ HTTP/1.1" 200 353
[WARNING] 2026-07-31 14:50:11,725 log 299446 135271102265024 Unauthorized: /api/v1/geography/provinces/
[WARNING] 2026-07-31 14:50:11,735 basehttp 299446 135271102265024 "GET /api/v1/geography/provinces/ HTTP/1.1" 401 293
[WARNING] 2026-07-31 14:50:11,767 log 299446 135271127443136 Unauthorized: /api/v1/pricing/official-prices/
[WARNING] 2026-07-31 14:50:11,769 basehttp 299446 135271127443136 "GET /api/v1/pricing/official-prices/?page=1&is_today=true HTTP/1.1" 401 293
[INFO] 2026-07-31 14:50:11,959 basehttp 299446 135271127443136 "POST /api/v1/auth/token/refresh/ HTTP/1.1" 200 353
[WARNING] 2026-07-31 14:50:12,064 log 299446 135271127443136 Unauthorized: /api/v1/pricing/official-prices/
[WARNING] 2026-07-31 14:50:12,065 basehttp 299446 135271127443136 "GET /api/v1/pricing/official-prices/?page=1&is_today=true HTTP/1.1" 401 293
[INFO] 2026-07-31 14:50:18,062 basehttp 299446 135271127443136 "OPTIONS /api/v1/auth/me/ HTTP/1.1" 200 0
[INFO] 2026-07-31 14:50:18,062 basehttp 299446 135271102265024 "OPTIONS /api/v1/auth/me/ HTTP/1.1" 200 0
[WARNING] 2026-07-31 14:50:18,151 log 299446 135271127443136 Unauthorized: /api/v1/auth/me/
[WARNING] 2026-07-31 14:50:18,152 basehttp 299446 135271127443136 "GET /api/v1/auth/me/ HTTP/1.1" 401 293
[WARNING] 2026-07-31 14:50:18,315 log 299446 135271102265024 Unauthorized: /api/v1/auth/me/
[WARNING] 2026-07-31 14:50:18,317 basehttp 299446 135271102265024 "GET /api/v1/auth/me/ HTTP/1.1" 401 293
[INFO] 2026-07-31 14:50:18,384 basehttp 299446 135271127443136 "POST /api/v1/auth/token/refresh/ HTTP/1.1" 200 353
[WARNING] 2026-07-31 14:50:18,499 log 299446 135271127443136 Unauthorized: /api/v1/auth/me/
[WARNING] 2026-07-31 14:50:18,500 basehttp 299446 135271127443136 "GET /api/v1/auth/me/ HTTP/1.1" 401 293
[WARNING] 2026-07-31 14:50:18,623 log 299446 135271102265024 Unauthorized: /api/v1/auth/me/
[WARNING] 2026-07-31 14:50:18,624 basehttp 299446 135271102265024 "GET /api/v1/auth/me/ HTTP/1.1" 401 293
[INFO] 2026-07-31 14:50:18,719 basehttp 299446 135271102265024 "POST /api/v1/auth/token/refresh/ HTTP/1.1" 200 353
[WARNING] 2026-07-31 14:50:18,846 log 299446 135271102265024 Unauthorized: /api/v1/auth/me/
[WARNING] 2026-07-31 14:50:18,847 basehttp 299446 135271102265024 "GET /api/v1/auth/me/ HTTP/1.1" 401 293
[WARNING] 2026-07-31 14:50:19,622 log 299446 135271102265024 Unauthorized: /api/v1/auth/me/
[WARNING] 2026-07-31 14:50:19,623 basehttp 299446 135271102265024 "GET /api/v1/auth/me/ HTTP/1.1" 401 293
[INFO] 2026-07-31 14:50:28,399 basehttp 299446 135271102265024 "OPTIONS /api/v1/auth/otp/request/ HTTP/1.1" 200 0
[INFO] 2026-07-31 14:50:28,465 otp_service 299446 135271102265024 [DEV] SMS to 09944574949: کد تایید سامانه پایش قیمت: 443293
[INFO] 2026-07-31 14:50:28,465 base_service 299446 135271102265024 OTP sent to 09944574949
[INFO] 2026-07-31 14:50:28,619 basehttp 299446 135271102265024 "POST /api/v1/auth/otp/request/ HTTP/1.1" 200 142
[INFO] 2026-07-31 14:50:42,826 basehttp 299446 135271350781632 "GET /admin/accounts/verifycode/ HTTP/1.1" 200 41031
[INFO] 2026-07-31 14:50:42,993 basehttp 299446 135271350781632 "GET /admin/jsi18n/ HTTP/1.1" 200 3343
[INFO] 2026-07-31 14:50:49,690 basehttp 299446 135271102265024 "OPTIONS /api/v1/auth/otp/verify/ HTTP/1.1" 200 0
[INFO] 2026-07-31 14:50:49,745 base_service 299446 135271102265024 User logged in: 09944574949
[INFO] 2026-07-31 14:50:49,919 basehttp 299446 135271102265024 "POST /api/v1/auth/otp/verify/ HTTP/1.1" 200 1090
[INFO] 2026-07-31 14:50:50,650 basehttp 299446 135271102265024 "GET /api/v1/auth/me/ HTTP/1.1" 200 368
[INFO] 2026-07-31 14:50:50,737 basehttp 299446 135271102265024 "GET /api/v1/auth/me/ HTTP/1.1" 200 368
[INFO] 2026-07-31 14:50:50,836 basehttp 299446 135271102265024 "OPTIONS /api/v1/auth/users/profile/ HTTP/1.1" 200 0
[INFO] 2026-07-31 14:50:50,837 basehttp 299446 135271127443136 "OPTIONS /api/v1/auth/users/profile/ HTTP/1.1" 200 0
[INFO] 2026-07-31 14:50:50,942 basehttp 299446 135271102265024 "GET /api/v1/auth/users/profile/ HTTP/1.1" 200 368
[INFO] 2026-07-31 14:50:51,101 basehttp 299446 135271102265024 "GET /api/v1/auth/users/profile/ HTTP/1.1" 200 368
[WARNING] 2026-07-31 14:51:24,915 log 299446 135271102265024 Bad Request: /api/v1/auth/users/profile/
[WARNING] 2026-07-31 14:51:24,916 basehttp 299446 135271102265024 "PATCH /api/v1/auth/users/profile/ HTTP/1.1" 400 114
[WARNING] 2026-07-31 14:52:59,505 log 299446 135271102265024 Bad Request: /api/v1/auth/users/profile/
[WARNING] 2026-07-31 14:52:59,505 basehttp 299446 135271102265024 "PATCH /api/v1/auth/users/profile/ HTTP/1.1" 400 114
[WARNING] 2026-07-31 14:53:21,623 log 299446 135271102265024 Bad Request: /api/v1/auth/users/profile/
[WARNING] 2026-07-31 14:53:21,623 basehttp 299446 135271102265024 "PATCH /api/v1/auth/users/profile/ HTTP/1.1" 400 114
[INFO] 2026-07-31 14:53:42,630 basehttp 299446 135271350781632 "GET /admin/accounts/user/ HTTP/1.1" 200 42506
[INFO] 2026-07-31 14:53:42,754 basehttp 299446 135271350781632 "GET /admin/jsi18n/ HTTP/1.1" 200 3343
[INFO] 2026-07-31 14:53:44,959 basehttp 299446 135271350781632 "GET /admin/accounts/user/1/change/ HTTP/1.1" 200 66348
[INFO] 2026-07-31 14:53:45,115 basehttp 299446 135271350781632 "GET /admin/jsi18n/ HTTP/1.1" 200 3343
[INFO] 2026-07-31 14:56:11,709 basehttp 299446 135271119050432 "GET /api/v1/geography/provinces/ HTTP/1.1" 200 152
[INFO] 2026-07-31 14:56:11,896 basehttp 299446 135271110657728 "GET /api/v1/pricing/official-prices/?page=1&is_today=true HTTP/1.1" 200 944
[INFO] 2026-07-31 14:56:12,028 basehttp 299446 135271119050432 "GET /api/v1/geography/provinces/ HTTP/1.1" 200 152
[INFO] 2026-07-31 14:56:12,158 basehttp 299446 135271110657728 "GET /api/v1/pricing/official-prices/?page=1&is_today=true HTTP/1.1" 200 944
[INFO] 2026-07-31 14:56:21,799 basehttp 299446 135271110657728 "OPTIONS /api/v1/auth/otp/request/ HTTP/1.1" 200 0
[INFO] 2026-07-31 14:56:21,836 otp_service 299446 135271110657728 [DEV] SMS to 09944574949: کد تایید سامانه پایش قیمت: 560056
[INFO] 2026-07-31 14:56:21,837 base_service 299446 135271110657728 OTP sent to 09944574949
[INFO] 2026-07-31 14:56:22,003 basehttp 299446 135271110657728 "POST /api/v1/auth/otp/request/ HTTP/1.1" 200 142
[INFO] 2026-07-31 14:56:35,144 basehttp 299446 135271350781632 "GET /admin/accounts/verifycode/ HTTP/1.1" 200 41556
[INFO] 2026-07-31 14:56:35,268 basehttp 299446 135271350781632 "GET /admin/jsi18n/ HTTP/1.1" 200 3343
[INFO] 2026-07-31 14:56:41,700 basehttp 299446 135271110657728 "OPTIONS /api/v1/auth/otp/verify/ HTTP/1.1" 200 0
[INFO] 2026-07-31 14:56:41,742 base_service 299446 135271110657728 User logged in: 09944574949
[INFO] 2026-07-31 14:56:41,908 basehttp 299446 135271110657728 "POST /api/v1/auth/otp/verify/ HTTP/1.1" 200 1090
[INFO] 2026-07-31 14:56:42,807 basehttp 299446 135271110657728 "OPTIONS /api/v1/auth/me/ HTTP/1.1" 200 0
[INFO] 2026-07-31 14:56:42,808 basehttp 299446 135271119050432 "OPTIONS /api/v1/auth/me/ HTTP/1.1" 200 0
[INFO] 2026-07-31 14:56:42,977 basehttp 299446 135271119050432 "GET /api/v1/auth/me/ HTTP/1.1" 200 368
[INFO] 2026-07-31 14:56:43,139 basehttp 299446 135271119050432 "GET /api/v1/auth/me/ HTTP/1.1" 200 368
[INFO] 2026-07-31 14:56:43,217 basehttp 299446 135271119050432 "OPTIONS /api/v1/auth/users/profile/ HTTP/1.1" 200 0
[INFO] 2026-07-31 14:56:43,217 basehttp 299446 135271110657728 "OPTIONS /api/v1/auth/users/profile/ HTTP/1.1" 200 0
[INFO] 2026-07-31 14:56:43,314 basehttp 299446 135271110657728 "GET /api/v1/auth/users/profile/ HTTP/1.1" 200 368
[INFO] 2026-07-31 14:56:43,484 basehttp 299446 135271110657728 "GET /api/v1/auth/users/profile/ HTTP/1.1" 200 368
[WARNING] 2026-07-31 14:56:57,724 log 299446 135271110657728 Bad Request: /api/v1/auth/users/profile/
[WARNING] 2026-07-31 14:56:57,724 basehttp 299446 135271110657728 "PATCH /api/v1/auth/users/profile/ HTTP/1.1" 400 186
[WARNING] 2026-07-31 14:56:58,705 log 299446 135271110657728 Bad Request: /api/v1/auth/users/profile/
[WARNING] 2026-07-31 14:56:58,706 basehttp 299446 135271110657728 "PATCH /api/v1/auth/users/profile/ HTTP/1.1" 400 186
[WARNING] 2026-07-31 14:56:59,140 log 299446 135271110657728 Bad Request: /api/v1/auth/users/profile/
[WARNING] 2026-07-31 14:56:59,140 basehttp 299446 135271110657728 "PATCH /api/v1/auth/users/profile/ HTTP/1.1" 400 186
[INFO] 2026-07-31 15:00:15,203 basehttp 299446 135271110657728 "GET /api/v1/auth/me/ HTTP/1.1" 200 368
[INFO] 2026-07-31 15:00:15,508 basehttp 299446 135271119050432 "GET /api/v1/auth/me/ HTTP/1.1" 200 368
[INFO] 2026-07-31 15:00:15,816 basehttp 299446 135271119050432 "GET /api/v1/auth/users/profile/ HTTP/1.1" 200 368
[INFO] 2026-07-31 15:00:15,972 basehttp 299446 135271119050432 "GET /api/v1/auth/users/profile/ HTTP/1.1" 200 368
[WARNING] 2026-07-31 15:00:39,615 log 299446 135271119050432 Bad Request: /api/v1/auth/users/profile/
[WARNING] 2026-07-31 15:00:39,616 basehttp 299446 135271119050432 "PATCH /api/v1/auth/users/profile/ HTTP/1.1" 400 186
[WARNING] 2026-07-31 15:01:34,750 log 299446 135271119050432 Bad Request: /api/v1/auth/users/profile/
[WARNING] 2026-07-31 15:01:34,750 basehttp 299446 135271119050432 "PATCH /api/v1/auth/users/profile/ HTTP/1.1" 400 114
[WARNING] 2026-07-31 15:01:44,637 log 299446 135271119050432 Bad Request: /api/v1/auth/users/profile/
[WARNING] 2026-07-31 15:01:44,637 basehttp 299446 135271119050432 "PATCH /api/v1/auth/users/profile/ HTTP/1.1" 400 114
[INFO] 2026-07-31 15:02:00,234 basehttp 299446 135271350781632 "GET /admin/accounts/user/1/change/ HTTP/1.1" 200 66348
[INFO] 2026-07-31 15:02:03,774 basehttp 299446 135271350781632 "GET /admin/accounts/user/ HTTP/1.1" 200 42506
[INFO] 2026-07-31 15:02:03,929 basehttp 299446 135271350781632 "GET /admin/jsi18n/ HTTP/1.1" 200 3343
[INFO] 2026-07-31 15:02:12,200 basehttp 299446 135271350781632 "GET /admin/accounts/user/4/change/ HTTP/1.1" 200 66479
[INFO] 2026-07-31 15:02:12,337 basehttp 299446 135271350781632 "GET /admin/jsi18n/ HTTP/1.1" 200 3343
[INFO] 2026-07-31 15:02:20,326 basehttp 299446 135271350781632 "POST /admin/accounts/user/4/change/ HTTP/1.1" 302 0
[INFO] 2026-07-31 15:02:20,618 basehttp 299446 135271350781632 "GET /admin/accounts/user/ HTTP/1.1" 200 42731
[INFO] 2026-07-31 15:02:20,803 basehttp 299446 135271350781632 "GET /admin/jsi18n/ HTTP/1.1" 200 3343
[INFO] 2026-07-31 15:02:24,124 basehttp 299446 135271350781632 "GET /admin/accounts/user/ HTTP/1.1" 200 42506
[INFO] 2026-07-31 15:02:24,262 basehttp 299446 135271350781632 "GET /admin/jsi18n/ HTTP/1.1" 200 3343
[INFO] 2026-07-31 15:02:28,040 basehttp 299446 135271102265024 "GET /api/v1/auth/me/ HTTP/1.1" 200 368
[INFO] 2026-07-31 15:02:28,155 basehttp 299446 135271102265024 "GET /api/v1/auth/me/ HTTP/1.1" 200 368
[INFO] 2026-07-31 15:02:28,372 basehttp 299446 135271102265024 "GET /api/v1/auth/users/profile/ HTTP/1.1" 200 368
[INFO] 2026-07-31 15:02:28,476 basehttp 299446 135271102265024 "GET /api/v1/auth/users/profile/ HTTP/1.1" 200 368
[INFO] 2026-07-31 15:02:35,247 base_service 299446 135271119050432 Profile updated: 09944574949
[INFO] 2026-07-31 15:02:35,441 basehttp 299446 135271119050432 "PATCH /api/v1/auth/users/profile/ HTTP/1.1" 200 471
[INFO] 2026-07-31 15:02:43,299 basehttp 299446 135271119050432 "OPTIONS /api/v1/products/?page_size=20 HTTP/1.1" 200 0
[INFO] 2026-07-31 15:02:43,674 basehttp 299446 135271119050432 "GET /api/v1/products/?page_size=20 HTTP/1.1" 200 2813
[INFO] 2026-07-31 15:02:44,027 basehttp 299446 135271119050432 "GET /api/v1/products/?page_size=20 HTTP/1.1" 200 2813
[INFO] 2026-07-31 15:02:44,273 basehttp 299446 135271119050432 "GET /api/v1/products/?page_size=20 HTTP/1.1" 200 2813
[INFO] 2026-07-31 15:02:50,127 basehttp 299446 135271119050432 "OPTIONS /api/v1/stores/?search=%D8%AA%D8%B4&status=active&page_size=10 HTTP/1.1" 200 0
[INFO] 2026-07-31 15:02:50,280 basehttp 299446 135271119050432 "GET /api/v1/stores/?search=%D8%AA%D8%B4&status=active&page_size=10 HTTP/1.1" 200 109
[INFO] 2026-07-31 15:02:55,330 basehttp 299446 135271119050432 "OPTIONS /api/v1/stores/?search=%D9%81%D8%B1&status=active&page_size=10 HTTP/1.1" 200 0
[INFO] 2026-07-31 15:02:55,621 basehttp 299446 135271119050432 "GET /api/v1/stores/?search=%D9%81%D8%B1&status=active&page_size=10 HTTP/1.1" 200 466
[INFO] 2026-07-31 15:02:56,615 basehttp 299446 135271119050432 "OPTIONS /api/v1/pricing/official-prices/today/?product=7 HTTP/1.1" 200 0
[WARNING] 2026-07-31 15:02:56,712 log 299446 135271119050432 Bad Request: /api/v1/pricing/official-prices/today/
[WARNING] 2026-07-31 15:02:56,713 basehttp 299446 135271119050432 "GET /api/v1/pricing/official-prices/today/?product=7 HTTP/1.1" 400 75
[INFO] 2026-07-31 15:03:43,291 basehttp 299446 135271119050432 "OPTIONS /api/v1/complaints/ HTTP/1.1" 200 0
[WARNING] 2026-07-31 15:03:43,512 log 299446 135271119050432 Bad Request: /api/v1/complaints/
[WARNING] 2026-07-31 15:03:43,512 basehttp 299446 135271119050432 "POST /api/v1/complaints/ HTTP/1.1" 400 201
[WARNING] 2026-07-31 15:03:55,277 log 299446 135271119050432 Bad Request: /api/v1/complaints/
[WARNING] 2026-07-31 15:03:55,278 basehttp 299446 135271119050432 "POST /api/v1/complaints/ HTTP/1.1" 400 201
[INFO] 2026-07-31 15:04:05,342 basehttp 299446 135271119050432 "GET /api/v1/products/?page_size=20 HTTP/1.1" 200 2813
[INFO] 2026-07-31 15:04:05,891 basehttp 299446 135271119050432 "GET /api/v1/products/?page_size=20 HTTP/1.1" 200 2813
[INFO] 2026-07-31 15:04:07,936 basehttp 299446 135271119050432 "GET /api/v1/stores/?search=%D9%81%D8%B1&status=active&page_size=10 HTTP/1.1" 200 466
[INFO] 2026-07-31 15:04:08,418 basehttp 299446 135271119050432 "OPTIONS /api/v1/stores/?search=%D9%81%D8%B1%D9%88&status=active&page_size=10 HTTP/1.1" 200 0
[INFO] 2026-07-31 15:04:08,720 basehttp 299446 135271119050432 "GET /api/v1/stores/?search=%D9%81%D8%B1%D9%88&status=active&page_size=10 HTTP/1.1" 200 466
[WARNING] 2026-07-31 15:04:10,630 log 299446 135271119050432 Bad Request: /api/v1/pricing/official-prices/today/
[WARNING] 2026-07-31 15:04:10,630 basehttp 299446 135271119050432 "GET /api/v1/pricing/official-prices/today/?product=7 HTTP/1.1" 400 75
[INFO] 2026-07-31 15:04:15,531 basehttp 299446 135271119050432 "OPTIONS /api/v1/pricing/official-prices/today/?product=3 HTTP/1.1" 200 0
[WARNING] 2026-07-31 15:04:15,652 log 299446 135271119050432 Bad Request: /api/v1/pricing/official-prices/today/
[WARNING] 2026-07-31 15:04:15,652 basehttp 299446 135271119050432 "GET /api/v1/pricing/official-prices/today/?product=3 HTTP/1.1" 400 75
[ERROR] 2026-07-31 15:05:12,434 api_exceptions 299446 135271119050432 Unhandled exception occurred
Traceback (most recent call last):
  File "/home/nimamakhmali/Documents/Rayan Pajouhan/724/Nazer-Bazaar/backend/venv/lib/python3.12/site-packages/rest_framework/views.py", line 506, in dispatch
    response = handler(request, *args, **kwargs)
               ^^^^^^^^^^^^^^^^^^^^^^^^^^^^^^^^^
  File "/home/nimamakhmali/Documents/Rayan Pajouhan/724/Nazer-Bazaar/backend/apps/complaints/views/complaint_views.py", line 42, in post
    complaint = service.create(
                ^^^^^^^^^^^^^^^
TypeError: ComplaintService.create() got an unexpected keyword argument 'store'
[ERROR] 2026-07-31 15:05:12,583 log 299446 135271119050432 Internal Server Error: /api/v1/complaints/
[ERROR] 2026-07-31 15:05:12,583 basehttp 299446 135271119050432 "POST /api/v1/complaints/ HTTP/1.1" 500 111
[ERROR] 2026-07-31 15:10:24,828 api_exceptions 299446 135271110657728 Unhandled exception occurred
Traceback (most recent call last):
  File "/home/nimamakhmali/Documents/Rayan Pajouhan/724/Nazer-Bazaar/backend/venv/lib/python3.12/site-packages/rest_framework/views.py", line 506, in dispatch
    response = handler(request, *args, **kwargs)
               ^^^^^^^^^^^^^^^^^^^^^^^^^^^^^^^^^
  File "/home/nimamakhmali/Documents/Rayan Pajouhan/724/Nazer-Bazaar/backend/apps/complaints/views/complaint_views.py", line 42, in post
    complaint = service.create(
                ^^^^^^^^^^^^^^^
TypeError: ComplaintService.create() got an unexpected keyword argument 'store'
[ERROR] 2026-07-31 15:10:24,936 log 299446 135271110657728 Internal Server Error: /api/v1/complaints/
[ERROR] 2026-07-31 15:10:24,936 basehttp 299446 135271110657728 "POST /api/v1/complaints/ HTTP/1.1" 500 111
[INFO] 2026-07-31 15:11:12,005 basehttp 299446 135271110657728 "GET /api/v1/products/?page_size=20 HTTP/1.1" 200 2813
[INFO] 2026-07-31 15:11:12,332 basehttp 299446 135271110657728 "GET /api/v1/products/?page_size=20 HTTP/1.1" 200 2813
[INFO] 2026-07-31 15:11:14,504 basehttp 299446 135271110657728 "OPTIONS /api/v1/stores/?search=%D9%81%D8%B1%D9%88%D8%B4&status=active&page_size=10 HTTP/1.1" 200 0
[INFO] 2026-07-31 15:11:14,734 basehttp 299446 135271110657728 "GET /api/v1/stores/?search=%D9%81%D8%B1%D9%88%D8%B4&status=active&page_size=10 HTTP/1.1" 200 466
[WARNING] 2026-07-31 15:11:17,331 log 299446 135271110657728 Bad Request: /api/v1/pricing/official-prices/today/
[WARNING] 2026-07-31 15:11:17,332 basehttp 299446 135271110657728 "GET /api/v1/pricing/official-prices/today/?product=3 HTTP/1.1" 400 75
[ERROR] 2026-07-31 15:12:34,981 api_exceptions 299446 135271110657728 Unhandled exception occurred
Traceback (most recent call last):
  File "/home/nimamakhmali/Documents/Rayan Pajouhan/724/Nazer-Bazaar/backend/venv/lib/python3.12/site-packages/rest_framework/views.py", line 506, in dispatch
    response = handler(request, *args, **kwargs)
               ^^^^^^^^^^^^^^^^^^^^^^^^^^^^^^^^^
  File "/home/nimamakhmali/Documents/Rayan Pajouhan/724/Nazer-Bazaar/backend/apps/complaints/views/complaint_views.py", line 42, in post
    complaint = service.create(
                ^^^^^^^^^^^^^^^
TypeError: ComplaintService.create() got an unexpected keyword argument 'store'
[ERROR] 2026-07-31 15:12:35,114 log 299446 135271110657728 Internal Server Error: /api/v1/complaints/
[ERROR] 2026-07-31 15:12:35,115 basehttp 299446 135271110657728 "POST /api/v1/complaints/ HTTP/1.1" 500 111
[ERROR] 2026-07-31 15:12:38,125 api_exceptions 299446 135271110657728 Unhandled exception occurred
Traceback (most recent call last):
  File "/home/nimamakhmali/Documents/Rayan Pajouhan/724/Nazer-Bazaar/backend/venv/lib/python3.12/site-packages/rest_framework/views.py", line 506, in dispatch
    response = handler(request, *args, **kwargs)
               ^^^^^^^^^^^^^^^^^^^^^^^^^^^^^^^^^
  File "/home/nimamakhmali/Documents/Rayan Pajouhan/724/Nazer-Bazaar/backend/apps/complaints/views/complaint_views.py", line 42, in post
    complaint = service.create(
                ^^^^^^^^^^^^^^^
TypeError: ComplaintService.create() got an unexpected keyword argument 'store'
[ERROR] 2026-07-31 15:12:38,250 log 299446 135271110657728 Internal Server Error: /api/v1/complaints/
[ERROR] 2026-07-31 15:12:38,251 basehttp 299446 135271110657728 "POST /api/v1/complaints/ HTTP/1.1" 500 111
[ERROR] 2026-07-31 15:19:05,685 api_exceptions 299446 135271110657728 Unhandled exception occurred
Traceback (most recent call last):
  File "/home/nimamakhmali/Documents/Rayan Pajouhan/724/Nazer-Bazaar/backend/venv/lib/python3.12/site-packages/rest_framework/views.py", line 506, in dispatch
    response = handler(request, *args, **kwargs)
               ^^^^^^^^^^^^^^^^^^^^^^^^^^^^^^^^^
  File "/home/nimamakhmali/Documents/Rayan Pajouhan/724/Nazer-Bazaar/backend/apps/complaints/views/complaint_views.py", line 42, in post
    complaint = service.create(
                ^^^^^^^^^^^^^^^
TypeError: ComplaintService.create() got an unexpected keyword argument 'store'
[ERROR] 2026-07-31 15:19:05,786 log 299446 135271110657728 Internal Server Error: /api/v1/complaints/
[ERROR] 2026-07-31 15:19:05,786 basehttp 299446 135271110657728 "POST /api/v1/complaints/ HTTP/1.1" 500 111
[INFO] 2026-07-31 15:19:16,944 basehttp 299446 135271102265024 "OPTIONS /api/v1/auth/logout/ HTTP/1.1" 200 0
[WARNING] 2026-07-31 15:19:17,076 log 299446 135271102265024 Bad Request: /api/v1/auth/logout/
[WARNING] 2026-07-31 15:19:17,076 basehttp 299446 135271102265024 "POST /api/v1/auth/logout/ HTTP/1.1" 400 132
[INFO] 2026-07-31 15:19:28,905 basehttp 299446 135271102265024 "GET /api/v1/geography/provinces/ HTTP/1.1" 200 152
[INFO] 2026-07-31 15:19:29,110 basehttp 299446 135271350781632 "GET /api/v1/pricing/official-prices/?page=1&is_today=true HTTP/1.1" 200 944
[INFO] 2026-07-31 15:19:29,274 basehttp 299446 135271102265024 "GET /api/v1/geography/provinces/ HTTP/1.1" 200 152
[INFO] 2026-07-31 15:19:29,367 basehttp 299446 135271350781632 "GET /api/v1/pricing/official-prices/?page=1&is_today=true HTTP/1.1" 200 944
[WARNING] 2026-07-31 15:19:34,797 log 299446 135271350781632 Bad Request: /api/v1/pricing/compare/
[WARNING] 2026-07-31 15:19:34,798 basehttp 299446 135271350781632 "GET /api/v1/pricing/compare/?product=5 HTTP/1.1" 400 81
[INFO] 2026-07-31 15:20:20,355 basehttp 299446 135271110657728 "OPTIONS /api/v1/pricing/official-prices/today/?product=5 HTTP/1.1" 200 0
[WARNING] 2026-07-31 15:20:20,491 log 299446 135271110657728 Bad Request: /api/v1/pricing/official-prices/today/
[WARNING] 2026-07-31 15:20:20,492 basehttp 299446 135271110657728 "GET /api/v1/pricing/official-prices/today/?product=5 HTTP/1.1" 400 75
[ERROR] 2026-07-31 15:20:25,740 api_exceptions 299446 135271110657728 Unhandled exception occurred
Traceback (most recent call last):
  File "/home/nimamakhmali/Documents/Rayan Pajouhan/724/Nazer-Bazaar/backend/venv/lib/python3.12/site-packages/rest_framework/views.py", line 506, in dispatch
    response = handler(request, *args, **kwargs)
               ^^^^^^^^^^^^^^^^^^^^^^^^^^^^^^^^^
  File "/home/nimamakhmali/Documents/Rayan Pajouhan/724/Nazer-Bazaar/backend/apps/complaints/views/complaint_views.py", line 42, in post
    complaint = service.create(
                ^^^^^^^^^^^^^^^
TypeError: ComplaintService.create() got an unexpected keyword argument 'store'
[ERROR] 2026-07-31 15:20:25,856 log 299446 135271110657728 Internal Server Error: /api/v1/complaints/
[ERROR] 2026-07-31 15:20:25,857 basehttp 299446 135271110657728 "POST /api/v1/complaints/ HTTP/1.1" 500 111
[INFO] 2026-07-31 15:29:39,487 autoreload 299446 135272109228160 /home/nimamakhmali/Documents/Rayan Pajouhan/724/Nazer-Bazaar/backend/apps/complaints/views/complaint_views.py changed, reloading.
[INFO] 2026-07-31 15:29:40,907 autoreload 361141 131985143242880 Watching for file changes with StatReloader
[INFO] 2026-07-31 15:29:56,258 autoreload 361141 131985143242880 /home/nimamakhmali/Documents/Rayan Pajouhan/724/Nazer-Bazaar/backend/apps/complaints/services/complaint_service.py changed, reloading.
[INFO] 2026-07-31 15:29:57,404 autoreload 361261 135117445464192 Watching for file changes with StatReloader
[INFO] 2026-07-31 15:30:57,565 basehttp 361261 135116720436928 "GET /api/v1/products/?page_size=20 HTTP/1.1" 200 2813
[INFO] 2026-07-31 15:30:57,797 basehttp 361261 135116720436928 "GET /api/v1/products/?page_size=20 HTTP/1.1" 200 2813
[INFO] 2026-07-31 15:31:19,973 autoreload 362043 126197486428288 Watching for file changes with StatReloader
[INFO] 2026-07-31 15:31:37,871 basehttp 362043 126196666853056 "GET /api/v1/pricing/official-prices/?page=1&is_today=true HTTP/1.1" 200 944
[INFO] 2026-07-31 15:31:37,874 basehttp 362043 126196675245760 "GET /api/v1/geography/provinces/ HTTP/1.1" 200 152
[INFO] 2026-07-31 15:31:38,037 basehttp 362043 126196759086784 "GET /api/v1/products/?page_size=20 HTTP/1.1" 200 2813
[INFO] 2026-07-31 15:31:38,250 basehttp 362043 126196759086784 "GET /api/v1/products/?page_size=20 HTTP/1.1" 200 2813
[INFO] 2026-07-31 15:31:42,021 basehttp 362043 126196759086784 "GET /api/v1/stores/?search=%D9%81%D8%B1%D9%88%D8%B4&status=active&page_size=10 HTTP/1.1" 200 466
[INFO] 2026-07-31 15:31:42,155 basehttp 362043 126196759086784 "OPTIONS /api/v1/stores/?search=%D9%81%D8%B1%D9%88%D8%B4%DA%AF&status=active&page_size=10 HTTP/1.1" 200 0
[INFO] 2026-07-31 15:31:42,442 basehttp 362043 126196759086784 "GET /api/v1/stores/?search=%D9%81%D8%B1%D9%88%D8%B4%DA%AF&status=active&page_size=10 HTTP/1.1" 200 466
[INFO] 2026-07-31 15:31:43,162 basehttp 362043 126196759086784 "OPTIONS /api/v1/stores/?search=%D9%81%D8%B1%D9%88%D8%B4%DA%AF%D8%A7%D9%87+%D8%AA%D8%B3&status=active&page_size=10 HTTP/1.1" 200 0
[INFO] 2026-07-31 15:31:43,532 basehttp 362043 126196759086784 "GET /api/v1/stores/?search=%D9%81%D8%B1%D9%88%D8%B4%DA%AF%D8%A7%D9%87+%D8%AA%D8%B3&status=active&page_size=10 HTTP/1.1" 200 466
[WARNING] 2026-07-31 15:31:47,244 log 362043 126196759086784 Bad Request: /api/v1/pricing/official-prices/today/
[WARNING] 2026-07-31 15:31:47,244 basehttp 362043 126196759086784 "GET /api/v1/pricing/official-prices/today/?product=5 HTTP/1.1" 400 75
[INFO] 2026-07-31 15:32:22,192 signals 362043 126196759086784 New complaint created with UUID: 6bbf3ac9-9ed0-453d-a570-d6407a3b7e84
[WARNING] 2026-07-31 15:32:41,436 complaint_service 362043 126196759086784 Failed to send notification: Error 111 connecting to localhost:6379. Connection refused.
[INFO] 2026-07-31 15:32:41,436 base_service 362043 126196759086784 New complaint created: 6bbf3ac9-9ed0-453d-a570-d6407a3b7e84 for store فروشگاه تست
[INFO] 2026-07-31 15:32:41,740 basehttp 362043 126196759086784 "POST /api/v1/complaints/ HTTP/1.1" 201 792
[INFO] 2026-07-31 15:32:58,565 basehttp 362043 126196653217472 "OPTIONS /api/v1/complaints/track/6bbf3ac9-9ed0-453d-a570-d6407a3b7e84/ HTTP/1.1" 200 0
[INFO] 2026-07-31 15:32:58,566 basehttp 362043 126196759086784 "OPTIONS /api/v1/complaints/track/6bbf3ac9-9ed0-453d-a570-d6407a3b7e84/ HTTP/1.1" 200 0
[INFO] 2026-07-31 15:32:58,805 basehttp 362043 126196759086784 "GET /api/v1/complaints/track/6bbf3ac9-9ed0-453d-a570-d6407a3b7e84/ HTTP/1.1" 200 267
[INFO] 2026-07-31 15:32:59,016 basehttp 362043 126196759086784 "GET /api/v1/complaints/track/6bbf3ac9-9ed0-453d-a570-d6407a3b7e84/ HTTP/1.1" 200 267
[INFO] 2026-07-31 15:33:03,346 basehttp 362043 126196759086784 "GET /api/v1/complaints/track/6bbf3ac9-9ed0-453d-a570-d6407a3b7e84/ HTTP/1.1" 200 267
[INFO] 2026-07-31 15:33:04,451 basehttp 362043 126196759086784 "GET /api/v1/complaints/track/6bbf3ac9-9ed0-453d-a570-d6407a3b7e84/ HTTP/1.1" 200 267
[INFO] 2026-07-31 15:45:59,530 basehttp 362043 126196666853056 "OPTIONS /api/v1/auth/login/ HTTP/1.1" 200 0
[WARNING] 2026-07-31 15:46:00,047 log 362043 126196666853056 Unauthorized: /api/v1/auth/login/
[WARNING] 2026-07-31 15:46:00,048 basehttp 362043 126196666853056 "POST /api/v1/auth/login/ HTTP/1.1" 401 134
[INFO] 2026-07-31 15:46:11,180 base_service 362043 126196666853056 User logged in with password: 09056419609
[INFO] 2026-07-31 15:46:11,368 basehttp 362043 126196666853056 "POST /api/v1/auth/login/ HTTP/1.1" 200 1120
[INFO] 2026-07-31 15:46:12,975 basehttp 362043 126196666853056 "GET /api/v1/auth/me/ HTTP/1.1" 200 400
[INFO] 2026-07-31 15:46:13,097 basehttp 362043 126196666853056 "GET /api/v1/auth/me/ HTTP/1.1" 200 400
[INFO] 2026-07-31 15:46:13,289 basehttp 362043 126196675245760 "OPTIONS /api/v1/auth/users/?page=1&page_size=10 HTTP/1.1" 200 0
[INFO] 2026-07-31 15:46:13,289 basehttp 362043 126196666853056 "OPTIONS /api/v1/auth/users/?page=1&page_size=10 HTTP/1.1" 200 0
[INFO] 2026-07-31 15:46:13,606 basehttp 362043 126196675245760 "GET /api/v1/auth/users/?page=1&page_size=10 HTTP/1.1" 200 2272
[INFO] 2026-07-31 15:46:13,844 basehttp 362043 126196675245760 "GET /api/v1/auth/users/?page=1&page_size=10 HTTP/1.1" 200 2272
[INFO] 2026-07-31 15:46:15,916 basehttp 362043 126196675245760 "OPTIONS /api/v1/complaints/?page_size=1 HTTP/1.1" 200 0
[INFO] 2026-07-31 15:46:15,916 basehttp 362043 126196759086784 "OPTIONS /api/v1/complaints/?status=reviewing&page_size=1 HTTP/1.1" 200 0
[INFO] 2026-07-31 15:46:15,916 basehttp 362043 126196666853056 "OPTIONS /api/v1/complaints/?status=submitted&page_size=1 HTTP/1.1" 200 0
[INFO] 2026-07-31 15:46:15,918 basehttp 362043 126196653217472 "OPTIONS /api/v1/complaints/?status=confirmed&page_size=1 HTTP/1.1" 200 0
[INFO] 2026-07-31 15:46:15,921 basehttp 362043 126196644824768 "OPTIONS /api/v1/complaints/?status=closed&page_size=1 HTTP/1.1" 200 0
[INFO] 2026-07-31 15:46:15,922 basehttp 362043 126196636432064 "OPTIONS /api/v1/complaints/?page=1&page_size=15 HTTP/1.1" 200 0
[INFO] 2026-07-31 15:46:15,937 basehttp 362043 126196675245760 "OPTIONS /api/v1/complaints/?page_size=1 HTTP/1.1" 200 0
[INFO] 2026-07-31 15:46:15,943 basehttp 362043 126196759086784 "OPTIONS /api/v1/complaints/?status=submitted&page_size=1 HTTP/1.1" 200 0
[INFO] 2026-07-31 15:46:15,944 basehttp 362043 126196636432064 "OPTIONS /api/v1/complaints/?page=1&page_size=15 HTTP/1.1" 200 0
[INFO] 2026-07-31 15:46:15,945 basehttp 362043 126196666853056 "OPTIONS /api/v1/complaints/?status=confirmed&page_size=1 HTTP/1.1" 200 0
[INFO] 2026-07-31 15:46:15,945 basehttp 362043 126196644824768 "OPTIONS /api/v1/complaints/?status=closed&page_size=1 HTTP/1.1" 200 0
[INFO] 2026-07-31 15:46:15,945 basehttp 362043 126196653217472 "OPTIONS /api/v1/complaints/?status=reviewing&page_size=1 HTTP/1.1" 200 0
[WARNING] 2026-07-31 15:46:16,480 log 362043 126196636432064 Method Not Allowed: /api/v1/complaints/
[WARNING] 2026-07-31 15:46:16,484 basehttp 362043 126196636432064 "GET /api/v1/complaints/?status=confirmed&page_size=1 HTTP/1.1" 405 137
[WARNING] 2026-07-31 15:46:16,797 log 362043 126196675245760 Method Not Allowed: /api/v1/complaints/
[WARNING] 2026-07-31 15:46:16,813 basehttp 362043 126196675245760 "GET /api/v1/complaints/?page_size=1 HTTP/1.1" 405 137
[WARNING] 2026-07-31 15:46:16,883 log 362043 126196759086784 Method Not Allowed: /api/v1/complaints/
[WARNING] 2026-07-31 15:46:16,917 log 362043 126196653217472 Method Not Allowed: /api/v1/complaints/
[WARNING] 2026-07-31 15:46:16,972 log 362043 126196644824768 Method Not Allowed: /api/v1/complaints/
[WARNING] 2026-07-31 15:46:16,983 basehttp 362043 126196759086784 "GET /api/v1/complaints/?status=reviewing&page_size=1 HTTP/1.1" 405 137
[WARNING] 2026-07-31 15:46:17,000 basehttp 362043 126196653217472 "GET /api/v1/complaints/?status=submitted&page_size=1 HTTP/1.1" 405 137
[WARNING] 2026-07-31 15:46:17,054 basehttp 362043 126196644824768 "GET /api/v1/complaints/?page=1&page_size=15 HTTP/1.1" 405 137
[WARNING] 2026-07-31 15:46:17,139 log 362043 126196666853056 Method Not Allowed: /api/v1/complaints/
[WARNING] 2026-07-31 15:46:17,177 basehttp 362043 126196666853056 "GET /api/v1/complaints/?status=closed&page_size=1 HTTP/1.1" 405 137
[WARNING] 2026-07-31 15:46:17,609 log 362043 126196636432064 Method Not Allowed: /api/v1/complaints/
[WARNING] 2026-07-31 15:46:17,612 basehttp 362043 126196636432064 "GET /api/v1/complaints/?status=confirmed&page_size=1 HTTP/1.1" 405 137
[WARNING] 2026-07-31 15:46:17,712 log 362043 126196759086784 Method Not Allowed: /api/v1/complaints/
[WARNING] 2026-07-31 15:46:17,725 basehttp 362043 126196759086784 "GET /api/v1/complaints/?status=reviewing&page_size=1 HTTP/1.1" 405 137
[WARNING] 2026-07-31 15:46:17,872 log 362043 126196675245760 Method Not Allowed: /api/v1/complaints/
[WARNING] 2026-07-31 15:46:17,885 basehttp 362043 126196675245760 "GET /api/v1/complaints/?page_size=1 HTTP/1.1" 405 137
[WARNING] 2026-07-31 15:46:17,893 log 362043 126196666853056 Method Not Allowed: /api/v1/complaints/
[WARNING] 2026-07-31 15:46:17,913 log 362043 126196653217472 Method Not Allowed: /api/v1/complaints/
[WARNING] 2026-07-31 15:46:17,913 basehttp 362043 126196666853056 "GET /api/v1/complaints/?status=closed&page_size=1 HTTP/1.1" 405 137
[WARNING] 2026-07-31 15:46:17,914 basehttp 362043 126196653217472 "GET /api/v1/complaints/?status=submitted&page_size=1 HTTP/1.1" 405 137
[WARNING] 2026-07-31 15:46:17,923 log 362043 126196644824768 Method Not Allowed: /api/v1/complaints/
[WARNING] 2026-07-31 15:46:17,924 basehttp 362043 126196644824768 "GET /api/v1/complaints/?page=1&page_size=15 HTTP/1.1" 405 137
[INFO] 2026-07-31 15:48:22,650 basehttp 362043 126196623845056 "GET /admin/accounts/user/4/change/ HTTP/1.1" 200 66459
[INFO] 2026-07-31 15:48:22,818 basehttp 362043 126196623845056 "GET /admin/jsi18n/ HTTP/1.1" 200 3343
[INFO] 2026-07-31 15:48:30,165 basehttp 362043 126196623845056 "POST /admin/accounts/user/4/change/ HTTP/1.1" 302 0
[INFO] 2026-07-31 15:48:30,632 basehttp 362043 126196623845056 "GET /admin/accounts/user/ HTTP/1.1" 200 42752
[INFO] 2026-07-31 15:48:31,001 basehttp 362043 126196623845056 "GET /admin/jsi18n/ HTTP/1.1" 200 3343
[WARNING] 2026-07-31 15:48:38,740 log 362043 126196644824768 Bad Request: /api/v1/auth/logout/
[WARNING] 2026-07-31 15:48:38,742 basehttp 362043 126196644824768 "POST /api/v1/auth/logout/ HTTP/1.1" 400 132
[INFO] 2026-07-31 15:48:49,913 base_service 362043 126196644824768 User logged in with password: 09056419609
[INFO] 2026-07-31 15:48:50,067 basehttp 362043 126196644824768 "POST /api/v1/auth/login/ HTTP/1.1" 200 1169
[WARNING] 2026-07-31 15:48:58,222 log 362043 126196644824768 Method Not Allowed: /api/v1/complaints/
[WARNING] 2026-07-31 15:48:58,228 basehttp 362043 126196644824768 "GET /api/v1/complaints/?page=1&page_size=15 HTTP/1.1" 405 137
[WARNING] 2026-07-31 15:48:58,503 log 362043 126196644824768 Method Not Allowed: /api/v1/complaints/
[WARNING] 2026-07-31 15:48:58,505 basehttp 362043 126196644824768 "GET /api/v1/complaints/?page=1&page_size=15 HTTP/1.1" 405 137
[INFO] 2026-07-31 15:50:05,858 basehttp 362043 126196666853056 "OPTIONS /api/v1/stores/?page=1&page_size=15 HTTP/1.1" 200 0
[INFO] 2026-07-31 15:50:05,859 basehttp 362043 126196644824768 "OPTIONS /api/v1/stores/?page=1&page_size=15 HTTP/1.1" 200 0
[INFO] 2026-07-31 15:50:06,196 basehttp 362043 126196666853056 "GET /api/v1/stores/?page=1&page_size=15 HTTP/1.1" 200 466
[INFO] 2026-07-31 15:50:06,419 basehttp 362043 126196666853056 "GET /api/v1/stores/?page=1&page_size=15 HTTP/1.1" 200 466
[WARNING] 2026-07-31 15:50:10,839 log 362043 126196666853056 Method Not Allowed: /api/v1/complaints/
[WARNING] 2026-07-31 15:50:10,840 basehttp 362043 126196666853056 "GET /api/v1/complaints/?page=1&page_size=15 HTTP/1.1" 405 137
[WARNING] 2026-07-31 15:50:10,928 log 362043 126196666853056 Method Not Allowed: /api/v1/complaints/
[WARNING] 2026-07-31 15:50:10,928 basehttp 362043 126196666853056 "GET /api/v1/complaints/?page=1&page_size=15 HTTP/1.1" 405 137
[INFO] 2026-07-31 15:51:27,061 basehttp 362043 126196272592576 "OPTIONS /api/v1/complaints/track/6bbf3ac9-9ed0-453d-a570-d6407a3b7e84/ HTTP/1.1" 200 0
[INFO] 2026-07-31 15:51:27,234 basehttp 362043 126196272592576 "GET /api/v1/complaints/track/6bbf3ac9-9ed0-453d-a570-d6407a3b7e84/ HTTP/1.1" 200 267
[INFO] 2026-07-31 15:55:01,316 basehttp 362043 126196644824768 "OPTIONS /api/v1/stores/pending/?page_size=50 HTTP/1.1" 200 0
[INFO] 2026-07-31 15:55:01,317 basehttp 362043 126196666853056 "OPTIONS /api/v1/stores/pending/?page_size=50 HTTP/1.1" 200 0
[INFO] 2026-07-31 15:55:01,623 basehttp 362043 126196644824768 "GET /api/v1/stores/pending/?page_size=50 HTTP/1.1" 200 109
[INFO] 2026-07-31 15:55:01,925 basehttp 362043 126196644824768 "GET /api/v1/stores/pending/?page_size=50 HTTP/1.1" 200 109
[INFO] 2026-07-31 15:55:05,008 basehttp 362043 126196644824768 "GET /api/v1/stores/?page=1&page_size=15 HTTP/1.1" 200 466
[INFO] 2026-07-31 15:55:05,303 basehttp 362043 126196644824768 "GET /api/v1/stores/?page=1&page_size=15 HTTP/1.1" 200 466
[INFO] 2026-07-31 15:55:10,333 basehttp 362043 126196644824768 "OPTIONS /api/v1/organizations/unions/?search=&page=1&page_size=12 HTTP/1.1" 200 0
[INFO] 2026-07-31 15:55:10,333 basehttp 362043 126196666853056 "OPTIONS /api/v1/organizations/unions/?search=&page=1&page_size=12 HTTP/1.1" 200 0
[INFO] 2026-07-31 15:55:10,841 basehttp 362043 126196644824768 "GET /api/v1/organizations/unions/?search=&page=1&page_size=12 HTTP/1.1" 200 1548
[INFO] 2026-07-31 15:55:11,391 basehttp 362043 126196644824768 "GET /api/v1/organizations/unions/?search=&page=1&page_size=12 HTTP/1.1" 200 1548
[WARNING] 2026-07-31 15:55:24,161 log 362043 126196644824768 Bad Request: /api/v1/auth/logout/
[WARNING] 2026-07-31 15:55:24,162 basehttp 362043 126196644824768 "POST /api/v1/auth/logout/ HTTP/1.1" 400 132
[INFO] 2026-07-31 15:55:28,442 basehttp 362043 126196653217472 "GET /admin/accounts/user/4/change/ HTTP/1.1" 200 66459
[INFO] 2026-07-31 15:55:28,719 basehttp 362043 126196653217472 "GET /admin/jsi18n/ HTTP/1.1" 200 3343
[INFO] 2026-07-31 15:55:34,691 basehttp 362043 126196653217472 "POST /admin/accounts/user/4/change/ HTTP/1.1" 302 0
[INFO] 2026-07-31 15:55:35,295 basehttp 362043 126196653217472 "GET /admin/accounts/user/ HTTP/1.1" 200 42739
[INFO] 2026-07-31 15:55:35,599 basehttp 362043 126196653217472 "GET /admin/jsi18n/ HTTP/1.1" 200 3343
[INFO] 2026-07-31 15:55:50,137 base_service 362043 126196644824768 User logged in with password: 09056419609
[INFO] 2026-07-31 15:55:50,251 basehttp 362043 126196644824768 "POST /api/v1/auth/login/ HTTP/1.1" 200 1120
[INFO] 2026-07-31 15:55:51,171 basehttp 362043 126196644824768 "GET /api/v1/auth/me/ HTTP/1.1" 200 400
[INFO] 2026-07-31 15:55:51,325 basehttp 362043 126196644824768 "GET /api/v1/auth/me/ HTTP/1.1" 200 400
[INFO] 2026-07-31 15:55:51,866 basehttp 362043 126196644824768 "GET /api/v1/organizations/unions/?search=&page=1&page_size=12 HTTP/1.1" 200 1548
[INFO] 2026-07-31 15:55:52,349 basehttp 362043 126196644824768 "GET /api/v1/organizations/unions/?search=&page=1&page_size=12 HTTP/1.1" 200 1548
[WARNING] 2026-07-31 15:56:03,181 log 362043 126196666853056 Method Not Allowed: /api/v1/complaints/
[WARNING] 2026-07-31 15:56:03,213 basehttp 362043 126196666853056 "GET /api/v1/complaints/?status=submitted&page_size=1 HTTP/1.1" 405 137
[WARNING] 2026-07-31 15:56:03,249 log 362043 126196623845056 Method Not Allowed: /api/v1/complaints/
[WARNING] 2026-07-31 15:56:03,311 basehttp 362043 126196623845056 "GET /api/v1/complaints/?status=closed&page_size=1 HTTP/1.1" 405 137
[WARNING] 2026-07-31 15:56:03,661 log 362043 126196272592576 Method Not Allowed: /api/v1/complaints/
[WARNING] 2026-07-31 15:56:03,699 basehttp 362043 126196272592576 "GET /api/v1/complaints/?page=1&page_size=15 HTTP/1.1" 405 137
[WARNING] 2026-07-31 15:56:03,941 log 362043 126196636432064 Method Not Allowed: /api/v1/complaints/
[WARNING] 2026-07-31 15:56:03,990 basehttp 362043 126196636432064 "GET /api/v1/complaints/?status=confirmed&page_size=1 HTTP/1.1" 405 137
[WARNING] 2026-07-31 15:56:04,184 log 362043 126196644824768 Method Not Allowed: /api/v1/complaints/
[WARNING] 2026-07-31 15:56:04,248 basehttp 362043 126196644824768 "GET /api/v1/complaints/?page_size=1 HTTP/1.1" 405 137
[WARNING] 2026-07-31 15:56:04,266 log 362043 126196675245760 Method Not Allowed: /api/v1/complaints/
[WARNING] 2026-07-31 15:56:04,335 basehttp 362043 126196675245760 "GET /api/v1/complaints/?status=reviewing&page_size=1 HTTP/1.1" 405 137
[WARNING] 2026-07-31 15:56:04,641 log 362043 126196666853056 Method Not Allowed: /api/v1/complaints/
[WARNING] 2026-07-31 15:56:04,643 basehttp 362043 126196666853056 "GET /api/v1/complaints/?status=submitted&page_size=1 HTTP/1.1" 405 137
[WARNING] 2026-07-31 15:56:04,720 log 362043 126196623845056 Method Not Allowed: /api/v1/complaints/
[WARNING] 2026-07-31 15:56:04,738 basehttp 362043 126196623845056 "GET /api/v1/complaints/?status=closed&page_size=1 HTTP/1.1" 405 137
[WARNING] 2026-07-31 15:56:04,821 log 362043 126196272592576 Method Not Allowed: /api/v1/complaints/
[WARNING] 2026-07-31 15:56:04,823 basehttp 362043 126196272592576 "GET /api/v1/complaints/?page=1&page_size=15 HTTP/1.1" 405 137
[WARNING] 2026-07-31 15:56:04,995 log 362043 126196636432064 Method Not Allowed: /api/v1/complaints/
[WARNING] 2026-07-31 15:56:05,008 basehttp 362043 126196636432064 "GET /api/v1/complaints/?status=confirmed&page_size=1 HTTP/1.1" 405 137
[WARNING] 2026-07-31 15:56:05,146 log 362043 126196644824768 Method Not Allowed: /api/v1/complaints/
[WARNING] 2026-07-31 15:56:05,159 basehttp 362043 126196644824768 "GET /api/v1/complaints/?page_size=1 HTTP/1.1" 405 137
[WARNING] 2026-07-31 15:56:05,185 log 362043 126196675245760 Method Not Allowed: /api/v1/complaints/
[WARNING] 2026-07-31 15:56:05,186 basehttp 362043 126196675245760 "GET /api/v1/complaints/?status=reviewing&page_size=1 HTTP/1.1" 405 137
[INFO] 2026-07-31 16:44:11,650 autoreload 362043 126197486428288 /home/nimamakhmali/Documents/Rayan Pajouhan/724/Nazer-Bazaar/backend/apps/complaints/models/complaint.py changed, reloading.
[INFO] 2026-07-31 16:44:13,371 autoreload 377998 123912675205248 Watching for file changes with StatReloader
[INFO] 2026-07-31 16:53:38,223 autoreload 383162 139857571627136 Watching for file changes with StatReloader
[ERROR] 2026-07-31 16:53:59,087 api_exceptions 383162 139856845993664 Unhandled exception occurred
Traceback (most recent call last):
  File "/home/nimamakhmali/Documents/Rayan Pajouhan/724/Nazer-Bazaar/backend/venv/lib/python3.12/site-packages/rest_framework/views.py", line 506, in dispatch
    response = handler(request, *args, **kwargs)
               ^^^^^^^^^^^^^^^^^^^^^^^^^^^^^^^^^
TypeError: ComplaintTrackView.get() got an unexpected keyword argument 'uuid'
[ERROR] 2026-07-31 16:53:59,241 log 383162 139856845993664 Internal Server Error: /api/v1/complaints/track/6bbf3ac9-9ed0-453d-a570-d6407a3b7e84/
[ERROR] 2026-07-31 16:53:59,241 basehttp 383162 139856845993664 "GET /api/v1/complaints/track/6bbf3ac9-9ed0-453d-a570-d6407a3b7e84/ HTTP/1.1" 500 111
[INFO] 2026-07-31 16:54:05,365 basehttp 383162 139856832358080 "OPTIONS /api/v1/auth/me/ HTTP/1.1" 200 0
[INFO] 2026-07-31 16:54:05,365 basehttp 383162 139856845993664 "OPTIONS /api/v1/auth/me/ HTTP/1.1" 200 0
[INFO] 2026-07-31 16:54:05,529 basehttp 383162 139856845993664 "GET /api/v1/auth/me/ HTTP/1.1" 200 402
[INFO] 2026-07-31 16:54:05,740 basehttp 383162 139856845993664 "GET /api/v1/auth/me/ HTTP/1.1" 200 402
[INFO] 2026-07-31 16:54:05,849 basehttp 383162 139856832358080 "OPTIONS /api/v1/complaints/my/?page_size=5 HTTP/1.1" 200 0
[INFO] 2026-07-31 16:54:05,849 basehttp 383162 139856845993664 "OPTIONS /api/v1/stores/?page_size=1 HTTP/1.1" 200 0
[INFO] 2026-07-31 16:54:05,851 basehttp 383162 139856751621824 "OPTIONS /api/v1/stores/?page_size=1 HTTP/1.1" 200 0
[INFO] 2026-07-31 16:54:05,862 basehttp 383162 139856743229120 "OPTIONS /api/v1/complaints/my/?page_size=5 HTTP/1.1" 200 0
[INFO] 2026-07-31 16:54:06,307 basehttp 383162 139856751621824 "GET /api/v1/complaints/my/?page_size=5 HTTP/1.1" 200 549
[INFO] 2026-07-31 16:54:06,679 basehttp 383162 139856845993664 "GET /api/v1/stores/?page_size=1 HTTP/1.1" 200 466
[INFO] 2026-07-31 16:54:06,848 basehttp 383162 139856751621824 "GET /api/v1/complaints/my/?page_size=5 HTTP/1.1" 200 549
[INFO] 2026-07-31 16:54:07,114 basehttp 383162 139856845993664 "GET /api/v1/stores/?page_size=1 HTTP/1.1" 200 466
[INFO] 2026-07-31 16:54:09,584 basehttp 383162 139856845993664 "OPTIONS /api/v1/complaints/my/?page=1&page_size=10 HTTP/1.1" 200 0
[INFO] 2026-07-31 16:54:09,585 basehttp 383162 139856751621824 "OPTIONS /api/v1/complaints/my/?page=1&page_size=10 HTTP/1.1" 200 0
[INFO] 2026-07-31 16:54:09,785 basehttp 383162 139856845993664 "GET /api/v1/complaints/my/?page=1&page_size=10 HTTP/1.1" 200 549
[INFO] 2026-07-31 16:54:09,951 basehttp 383162 139856845993664 "GET /api/v1/complaints/my/?page=1&page_size=10 HTTP/1.1" 200 549
[INFO] 2026-07-31 16:54:16,082 basehttp 383162 139856845993664 "OPTIONS /api/v1/complaints/6bbf3ac9-9ed0-453d-a570-d6407a3b7e84/ HTTP/1.1" 200 0
[INFO] 2026-07-31 16:54:16,082 basehttp 383162 139856751621824 "OPTIONS /api/v1/complaints/6bbf3ac9-9ed0-453d-a570-d6407a3b7e84/ HTTP/1.1" 200 0
[INFO] 2026-07-31 16:54:16,455 basehttp 383162 139856845993664 "GET /api/v1/complaints/6bbf3ac9-9ed0-453d-a570-d6407a3b7e84/ HTTP/1.1" 200 860
[INFO] 2026-07-31 16:54:16,755 basehttp 383162 139856845993664 "GET /api/v1/complaints/6bbf3ac9-9ed0-453d-a570-d6407a3b7e84/ HTTP/1.1" 200 860
[WARNING] 2026-07-31 17:00:37,612 log 383162 139856751621824 Unauthorized: /api/v1/auth/me/
[WARNING] 2026-07-31 17:00:37,612 basehttp 383162 139856751621824 "GET /api/v1/auth/me/ HTTP/1.1" 401 293
[INFO] 2026-07-31 17:00:37,622 basehttp 383162 139856751621824 "OPTIONS /api/v1/auth/token/refresh/ HTTP/1.1" 200 0
[WARNING] 2026-07-31 17:00:37,790 log 383162 139856845993664 Unauthorized: /api/v1/auth/me/
[WARNING] 2026-07-31 17:00:37,793 basehttp 383162 139856845993664 "GET /api/v1/auth/me/ HTTP/1.1" 401 293
[INFO] 2026-07-31 17:00:37,852 basehttp 383162 139856751621824 "POST /api/v1/auth/token/refresh/ HTTP/1.1" 200 353
[WARNING] 2026-07-31 17:00:37,976 log 383162 139856751621824 Unauthorized: /api/v1/auth/me/
[WARNING] 2026-07-31 17:00:37,977 basehttp 383162 139856751621824 "GET /api/v1/auth/me/ HTTP/1.1" 401 293
[WARNING] 2026-07-31 17:00:38,110 log 383162 139856845993664 Unauthorized: /api/v1/auth/me/
[WARNING] 2026-07-31 17:00:38,110 basehttp 383162 139856845993664 "GET /api/v1/auth/me/ HTTP/1.1" 401 293
[INFO] 2026-07-31 17:00:38,279 basehttp 383162 139856845993664 "POST /api/v1/auth/token/refresh/ HTTP/1.1" 200 353
[WARNING] 2026-07-31 17:00:38,388 log 383162 139856845993664 Unauthorized: /api/v1/auth/me/
[WARNING] 2026-07-31 17:00:38,388 basehttp 383162 139856845993664 "GET /api/v1/auth/me/ HTTP/1.1" 401 293
[INFO] 2026-07-31 17:00:45,030 basehttp 383162 139856845993664 "OPTIONS /api/v1/auth/otp/request/ HTTP/1.1" 200 0
[WARNING] 2026-07-31 17:00:45,176 log 383162 139856845993664 Unauthorized: /api/v1/auth/otp/request/
[WARNING] 2026-07-31 17:00:45,177 basehttp 383162 139856845993664 "POST /api/v1/auth/otp/request/ HTTP/1.1" 401 293
[WARNING] 2026-07-31 17:00:55,777 log 383162 139856743229120 Not Found: /
[WARNING] 2026-07-31 17:00:55,779 basehttp 383162 139856743229120 "GET / HTTP/1.1" 404 16957
[INFO] 2026-07-31 17:01:06,564 basehttp 383162 139856743229120 "GET /admin/ HTTP/1.1" 200 42262
[INFO] 2026-07-31 17:01:09,300 basehttp 383162 139856743229120 "GET /admin/accounts/verifycode/ HTTP/1.1" 200 41556
[INFO] 2026-07-31 17:01:09,604 basehttp 383162 139856743229120 "GET /admin/jsi18n/ HTTP/1.1" 200 3343
[WARNING] 2026-07-31 17:01:14,130 log 383162 139856845993664 Unauthorized: /api/v1/auth/otp/request/
[WARNING] 2026-07-31 17:01:14,130 basehttp 383162 139856845993664 "POST /api/v1/auth/otp/request/ HTTP/1.1" 401 293
[WARNING] 2026-07-31 17:01:19,295 log 383162 139856845993664 Unauthorized: /api/v1/auth/otp/request/
[WARNING] 2026-07-31 17:01:19,296 basehttp 383162 139856845993664 "POST /api/v1/auth/otp/request/ HTTP/1.1" 401 293
[INFO] 2026-07-31 17:01:29,912 basehttp 383162 139856743229120 "GET /admin/ HTTP/1.1" 200 42262
[INFO] 2026-07-31 17:01:33,979 basehttp 383162 139856743229120 "GET /admin/accounts/user/ HTTP/1.1" 200 42514
[INFO] 2026-07-31 17:01:34,202 basehttp 383162 139856743229120 "GET /admin/jsi18n/ HTTP/1.1" 200 3343
[INFO] 2026-07-31 17:01:36,790 basehttp 383162 139856743229120 "GET /admin/accounts/user/1/change/ HTTP/1.1" 200 66469
[INFO] 2026-07-31 17:01:36,947 basehttp 383162 139856743229120 "GET /admin/jsi18n/ HTTP/1.1" 200 3343
[WARNING] 2026-07-31 17:01:41,209 log 383162 139856845993664 Unauthorized: /api/v1/auth/otp/request/
[WARNING] 2026-07-31 17:01:41,210 basehttp 383162 139856845993664 "POST /api/v1/auth/otp/request/ HTTP/1.1" 401 293
[WARNING] 2026-07-31 17:01:42,007 log 383162 139856845993664 Unauthorized: /api/v1/auth/otp/request/
[WARNING] 2026-07-31 17:01:42,008 basehttp 383162 139856845993664 "POST /api/v1/auth/otp/request/ HTTP/1.1" 401 293
[WARNING] 2026-07-31 17:01:42,235 log 383162 139856845993664 Unauthorized: /api/v1/auth/otp/request/
[WARNING] 2026-07-31 17:01:42,236 basehttp 383162 139856845993664 "POST /api/v1/auth/otp/request/ HTTP/1.1" 401 293
[INFO] 2026-07-31 17:01:46,999 otp_service 383162 139856845993664 [DEV] SMS to 09944574949: کد تایید سامانه پایش قیمت: 713291
[INFO] 2026-07-31 17:01:47,000 base_service 383162 139856845993664 OTP sent to 09944574949
[INFO] 2026-07-31 17:01:47,152 basehttp 383162 139856845993664 "POST /api/v1/auth/otp/request/ HTTP/1.1" 200 142
[INFO] 2026-07-31 17:01:51,677 basehttp 383162 139856743229120 "GET /admin/accounts/verifycode/ HTTP/1.1" 200 42081
[INFO] 2026-07-31 17:01:51,843 basehttp 383162 139856743229120 "GET /admin/jsi18n/ HTTP/1.1" 200 3343
[INFO] 2026-07-31 17:01:56,849 basehttp 383162 139856845993664 "OPTIONS /api/v1/auth/otp/verify/ HTTP/1.1" 200 0
[INFO] 2026-07-31 17:01:56,913 base_service 383162 139856845993664 User logged in: 09944574949
[INFO] 2026-07-31 17:01:57,193 basehttp 383162 139856845993664 "POST /api/v1/auth/otp/verify/ HTTP/1.1" 200 1242
[INFO] 2026-07-31 17:01:58,231 basehttp 383162 139856845993664 "GET /api/v1/auth/me/ HTTP/1.1" 200 402
[INFO] 2026-07-31 17:01:58,363 basehttp 383162 139856845993664 "GET /api/v1/auth/me/ HTTP/1.1" 200 402
[INFO] 2026-07-31 17:01:58,743 basehttp 383162 139856845993664 "GET /api/v1/complaints/my/?page_size=5 HTTP/1.1" 200 549
[INFO] 2026-07-31 17:01:58,895 basehttp 383162 139856845993664 "GET /api/v1/complaints/my/?page_size=5 HTTP/1.1" 200 549
[INFO] 2026-07-31 17:02:07,337 basehttp 383162 139856845993664 "GET /api/v1/complaints/6bbf3ac9-9ed0-453d-a570-d6407a3b7e84/ HTTP/1.1" 200 860
[INFO] 2026-07-31 17:02:07,542 basehttp 383162 139856845993664 "GET /api/v1/complaints/6bbf3ac9-9ed0-453d-a570-d6407a3b7e84/ HTTP/1.1" 200 860
[INFO] 2026-07-31 17:02:39,149 basehttp 383162 139856845993664 "OPTIONS /api/v1/products/?page_size=20 HTTP/1.1" 200 0
[INFO] 2026-07-31 17:02:39,150 basehttp 383162 139856751621824 "OPTIONS /api/v1/products/?page_size=20 HTTP/1.1" 200 0
[INFO] 2026-07-31 17:02:39,463 basehttp 383162 139856845993664 "GET /api/v1/products/?page_size=20 HTTP/1.1" 200 2813
[INFO] 2026-07-31 17:02:39,694 basehttp 383162 139856845993664 "GET /api/v1/products/?page_size=20 HTTP/1.1" 200 2813
[INFO] 2026-07-31 17:02:39,960 basehttp 383162 139856845993664 "GET /api/v1/products/?page_size=20 HTTP/1.1" 200 2813
[INFO] 2026-07-31 17:02:43,577 basehttp 383162 139856845993664 "OPTIONS /api/v1/stores/?search=%D9%81%D8%B1&status=active&page_size=10 HTTP/1.1" 200 0
[INFO] 2026-07-31 17:02:43,926 basehttp 383162 139856845993664 "GET /api/v1/stores/?search=%D9%81%D8%B1&status=active&page_size=10 HTTP/1.1" 200 466
[INFO] 2026-07-31 17:02:54,191 basehttp 383162 139856743229120 "GET /admin/complaints/complaint/ HTTP/1.1" 200 41745
[INFO] 2026-07-31 17:02:54,421 basehttp 383162 139856743229120 "GET /admin/jsi18n/ HTTP/1.1" 200 3343
[INFO] 2026-07-31 17:03:02,118 basehttp 383162 139856743229120 "GET /admin/complaints/complaint/2/change/ HTTP/1.1" 200 64115
[INFO] 2026-07-31 17:03:02,152 basehttp 383162 139856832358080 "GET /static/admin/css/vendor/select2/select2.css HTTP/1.1" 304 0
[INFO] 2026-07-31 17:03:02,162 basehttp 383162 139856724350656 "GET /static/admin/css/autocomplete.css HTTP/1.1" 304 0
[INFO] 2026-07-31 17:03:02,169 basehttp 383162 139856832358080 "GET /static/admin/js/vendor/select2/i18n/en.js HTTP/1.1" 304 0
[INFO] 2026-07-31 17:03:02,173 basehttp 383162 139856707565248 "GET /static/admin/js/vendor/select2/select2.full.js HTTP/1.1" 304 0
[INFO] 2026-07-31 17:03:02,186 basehttp 383162 139856715957952 "GET /static/admin/js/calendar.js HTTP/1.1" 200 8466
[INFO] 2026-07-31 17:03:02,187 basehttp 383162 139856724350656 "GET /static/admin/js/autocomplete.js HTTP/1.1" 304 0
[INFO] 2026-07-31 17:03:02,219 basehttp 383162 139856707565248 "GET /static/admin/js/inlines.js HTTP/1.1" 200 15526
[INFO] 2026-07-31 17:03:02,230 basehttp 383162 139856699172544 "GET /static/admin/js/admin/DateTimeShortcuts.js HTTP/1.1" 200 19319
[INFO] 2026-07-31 17:03:02,231 basehttp 383162 139856715957952 "GET /static/admin/img/icon-deletelink.svg HTTP/1.1" 304 0
[INFO] 2026-07-31 17:03:02,369 basehttp 383162 139856743229120 "GET /admin/jsi18n/ HTTP/1.1" 200 3343
[INFO] 2026-07-31 17:03:14,577 basehttp 383162 139856743229120 "GET /admin/autocomplete/?app_label=complaints&model_name=complaint&field_name=assigned_to HTTP/1.1" 200 314
[INFO] 2026-07-31 17:03:14,812 basehttp 383162 139856743229120 "GET /__debug__/history_sidebar/?store_id=e28635bfd2264ca98f00a4888ecdf176 HTTP/1.1" 200 10305
[INFO] 2026-07-31 17:03:57,823 basehttp 383162 139856845993664 "OPTIONS /api/v1/pricing/official-prices/today/?product=2 HTTP/1.1" 200 0
[WARNING] 2026-07-31 17:03:57,973 log 383162 139856845993664 Bad Request: /api/v1/pricing/official-prices/today/
[WARNING] 2026-07-31 17:03:57,974 basehttp 383162 139856845993664 "GET /api/v1/pricing/official-prices/today/?product=2 HTTP/1.1" 400 75
[INFO] 2026-07-31 17:04:20,210 basehttp 383162 139856845993664 "OPTIONS /api/v1/complaints/ HTTP/1.1" 200 0
[INFO] 2026-07-31 17:04:20,349 signals 383162 139856845993664 New complaint created with UUID: 2cef7602-54e1-44c2-a3e2-bce9722a7fe3
[WARNING] 2026-07-31 17:04:39,587 complaint_service 383162 139856845993664 Failed to send notification: Error 111 connecting to localhost:6379. Connection refused.
[INFO] 2026-07-31 17:04:39,587 base_service 383162 139856845993664 New complaint created: 2cef7602-54e1-44c2-a3e2-bce9722a7fe3 for store فروشگاه تست
[INFO] 2026-07-31 17:04:40,051 basehttp 383162 139856845993664 "POST /api/v1/complaints/ HTTP/1.1" 201 678
[INFO] 2026-07-31 17:04:56,636 basehttp 383162 139856845993664 "OPTIONS /api/v1/complaints/track/58290077/ HTTP/1.1" 200 0
[INFO] 2026-07-31 17:04:56,638 basehttp 383162 139856751621824 "OPTIONS /api/v1/complaints/track/58290077/ HTTP/1.1" 200 0
[WARNING] 2026-07-31 17:04:56,764 log 383162 139856751621824 Not Found: /api/v1/complaints/track/58290077/
[WARNING] 2026-07-31 17:04:56,764 basehttp 383162 139856751621824 "GET /api/v1/complaints/track/58290077/ HTTP/1.1" 404 19128
[WARNING] 2026-07-31 17:04:56,927 log 383162 139856845993664 Not Found: /api/v1/complaints/track/58290077/
[WARNING] 2026-07-31 17:04:56,928 basehttp 383162 139856845993664 "GET /api/v1/complaints/track/58290077/ HTTP/1.1" 404 19129
[WARNING] 2026-07-31 17:05:00,542 log 383162 139856845993664 Not Found: /api/v1/complaints/track/58290077/
[WARNING] 2026-07-31 17:05:00,543 basehttp 383162 139856845993664 "GET /api/v1/complaints/track/58290077/ HTTP/1.1" 404 19129
[WARNING] 2026-07-31 17:05:01,576 log 383162 139856845993664 Not Found: /api/v1/complaints/track/58290077/
[WARNING] 2026-07-31 17:05:01,576 basehttp 383162 139856845993664 "GET /api/v1/complaints/track/58290077/ HTTP/1.1" 404 19129
[WARNING] 2026-07-31 17:05:06,904 log 383162 139856845993664 Not Found: /api/v1/complaints/track/58290077/
[WARNING] 2026-07-31 17:05:06,905 basehttp 383162 139856845993664 "GET /api/v1/complaints/track/58290077/ HTTP/1.1" 404 19126
[INFO] 2026-07-31 17:05:09,120 basehttp 383162 139856845993664 "GET /api/v1/products/?page_size=20 HTTP/1.1" 200 2813
[INFO] 2026-07-31 17:05:09,362 basehttp 383162 139856845993664 "GET /api/v1/products/?page_size=20 HTTP/1.1" 200 2813
[INFO] 2026-07-31 17:05:09,644 basehttp 383162 139856845993664 "GET /api/v1/products/?page_size=20 HTTP/1.1" 200 2813
[INFO] 2026-07-31 17:05:14,553 basehttp 383162 139856751621824 "GET /api/v1/complaints/my/?page_size=5 HTTP/1.1" 200 787
[INFO] 2026-07-31 17:05:14,878 basehttp 383162 139856845993664 "GET /api/v1/stores/?page_size=1 HTTP/1.1" 200 466
[INFO] 2026-07-31 17:05:15,139 basehttp 383162 139856751621824 "GET /api/v1/complaints/my/?page_size=5 HTTP/1.1" 200 787
[INFO] 2026-07-31 17:05:15,292 basehttp 383162 139856845993664 "GET /api/v1/stores/?page_size=1 HTTP/1.1" 200 466
[INFO] 2026-07-31 17:05:16,001 basehttp 383162 139856845993664 "GET /api/v1/complaints/my/?page=1&page_size=10 HTTP/1.1" 200 787
[INFO] 2026-07-31 17:05:16,170 basehttp 383162 139856845993664 "GET /api/v1/complaints/my/?page=1&page_size=10 HTTP/1.1" 200 787
[INFO] 2026-07-31 17:05:17,979 basehttp 383162 139856845993664 "OPTIONS /api/v1/complaints/2cef7602-54e1-44c2-a3e2-bce9722a7fe3/ HTTP/1.1" 200 0
[INFO] 2026-07-31 17:05:17,979 basehttp 383162 139856751621824 "OPTIONS /api/v1/complaints/2cef7602-54e1-44c2-a3e2-bce9722a7fe3/ HTTP/1.1" 200 0
[INFO] 2026-07-31 17:05:18,200 basehttp 383162 139856845993664 "GET /api/v1/complaints/2cef7602-54e1-44c2-a3e2-bce9722a7fe3/ HTTP/1.1" 200 678
[INFO] 2026-07-31 17:05:18,417 basehttp 383162 139856845993664 "GET /api/v1/complaints/2cef7602-54e1-44c2-a3e2-bce9722a7fe3/ HTTP/1.1" 200 678
[INFO] 2026-07-31 17:06:08,767 basehttp 383162 139856743229120 "POST /admin/complaints/complaint/2/change/ HTTP/1.1" 302 0
[INFO] 2026-07-31 17:06:09,616 basehttp 383162 139856743229120 "GET /admin/complaints/complaint/ HTTP/1.1" 200 42737
[INFO] 2026-07-31 17:06:09,893 basehttp 383162 139856743229120 "GET /admin/jsi18n/ HTTP/1.1" 200 3343
[INFO] 2026-07-31 17:06:15,924 basehttp 383162 139856845993664 "GET /api/v1/products/?page_size=20 HTTP/1.1" 200 2813
[INFO] 2026-07-31 17:06:16,090 basehttp 383162 139856845993664 "GET /api/v1/products/?page_size=20 HTTP/1.1" 200 2813
[INFO] 2026-07-31 17:06:16,376 basehttp 383162 139856845993664 "GET /api/v1/products/?page_size=20 HTTP/1.1" 200 2813
[INFO] 2026-07-31 17:06:19,434 basehttp 383162 139856751621824 "GET /api/v1/complaints/my/?page_size=5 HTTP/1.1" 200 796
[INFO] 2026-07-31 17:06:19,636 basehttp 383162 139856845993664 "GET /api/v1/stores/?page_size=1 HTTP/1.1" 200 466
[INFO] 2026-07-31 17:06:19,959 basehttp 383162 139856751621824 "GET /api/v1/complaints/my/?page_size=5 HTTP/1.1" 200 796
[INFO] 2026-07-31 17:06:20,220 basehttp 383162 139856845993664 "GET /api/v1/stores/?page_size=1 HTTP/1.1" 200 466
[INFO] 2026-07-31 17:06:20,365 basehttp 383162 139856278714048 "GET /api/v1/complaints/my/?page=1&page_size=10 HTTP/1.1" 200 796
[INFO] 2026-07-31 17:06:20,603 basehttp 383162 139856278714048 "GET /api/v1/complaints/my/?page=1&page_size=10 HTTP/1.1" 200 796
[INFO] 2026-07-31 17:06:28,680 basehttp 383162 139856278714048 "GET /api/v1/complaints/6bbf3ac9-9ed0-453d-a570-d6407a3b7e84/ HTTP/1.1" 200 869
[INFO] 2026-07-31 17:06:28,887 basehttp 383162 139856278714048 "GET /api/v1/complaints/6bbf3ac9-9ed0-453d-a570-d6407a3b7e84/ HTTP/1.1" 200 869
[INFO] 2026-07-31 17:06:35,703 basehttp 383162 139856743229120 "GET /admin/complaints/complaint/2/change/ HTTP/1.1" 200 64117
[INFO] 2026-07-31 17:06:35,927 basehttp 383162 139856743229120 "GET /admin/jsi18n/ HTTP/1.1" 200 3343
[INFO] 2026-07-31 17:06:41,632 basehttp 383162 139856743229120 "POST /admin/complaints/complaint/2/change/ HTTP/1.1" 302 0
[INFO] 2026-07-31 17:06:42,440 basehttp 383162 139856743229120 "GET /admin/complaints/complaint/ HTTP/1.1" 200 42740
[INFO] 2026-07-31 17:06:42,689 basehttp 383162 139856743229120 "GET /admin/jsi18n/ HTTP/1.1" 200 3343
[INFO] 2026-07-31 17:06:47,373 basehttp 383162 139856278714048 "GET /api/v1/auth/me/ HTTP/1.1" 200 402
[INFO] 2026-07-31 17:06:47,493 basehttp 383162 139856278714048 "GET /api/v1/auth/me/ HTTP/1.1" 200 402
[INFO] 2026-07-31 17:06:47,906 basehttp 383162 139856278714048 "GET /api/v1/complaints/6bbf3ac9-9ed0-453d-a570-d6407a3b7e84/ HTTP/1.1" 200 872
[INFO] 2026-07-31 17:06:48,166 basehttp 383162 139856278714048 "GET /api/v1/complaints/6bbf3ac9-9ed0-453d-a570-d6407a3b7e84/ HTTP/1.1" 200 872
[INFO] 2026-07-31 17:06:59,420 basehttp 383162 139856743229120 "GET /admin/complaints/complaint/2/change/ HTTP/1.1" 200 64115
[INFO] 2026-07-31 17:06:59,686 basehttp 383162 139856743229120 "GET /admin/jsi18n/ HTTP/1.1" 200 3343
[INFO] 2026-07-31 17:07:08,062 basehttp 383162 139856743229120 "POST /admin/complaints/complaint/2/change/ HTTP/1.1" 302 0
[INFO] 2026-07-31 17:07:09,006 basehttp 383162 139856743229120 "GET /admin/complaints/complaint/ HTTP/1.1" 200 42739
[INFO] 2026-07-31 17:07:09,314 basehttp 383162 139856743229120 "GET /admin/jsi18n/ HTTP/1.1" 200 3343
[INFO] 2026-07-31 17:07:13,544 basehttp 383162 139856278714048 "GET /api/v1/auth/me/ HTTP/1.1" 200 402
[INFO] 2026-07-31 17:07:13,645 basehttp 383162 139856278714048 "GET /api/v1/auth/me/ HTTP/1.1" 200 402
[INFO] 2026-07-31 17:07:14,003 basehttp 383162 139856278714048 "GET /api/v1/complaints/6bbf3ac9-9ed0-453d-a570-d6407a3b7e84/ HTTP/1.1" 200 872
[INFO] 2026-07-31 17:07:14,202 basehttp 383162 139856278714048 "GET /api/v1/complaints/6bbf3ac9-9ed0-453d-a570-d6407a3b7e84/ HTTP/1.1" 200 872
[INFO] 2026-07-31 17:07:22,296 basehttp 383162 139856743229120 "GET /admin/complaints/complaint/2/change/ HTTP/1.1" 200 64117
[INFO] 2026-07-31 17:07:22,513 basehttp 383162 139856743229120 "GET /admin/jsi18n/ HTTP/1.1" 200 3343
[INFO] 2026-07-31 17:07:28,142 basehttp 383162 139856743229120 "POST /admin/complaints/complaint/2/change/ HTTP/1.1" 302 0
[INFO] 2026-07-31 17:07:29,373 basehttp 383162 139856743229120 "GET /admin/complaints/complaint/ HTTP/1.1" 200 42734
[INFO] 2026-07-31 17:07:29,700 basehttp 383162 139856743229120 "GET /admin/jsi18n/ HTTP/1.1" 200 3343
[INFO] 2026-07-31 17:07:33,164 basehttp 383162 139856278714048 "GET /api/v1/auth/me/ HTTP/1.1" 200 402
[INFO] 2026-07-31 17:07:33,356 basehttp 383162 139856278714048 "GET /api/v1/auth/me/ HTTP/1.1" 200 402
[INFO] 2026-07-31 17:07:33,707 basehttp 383162 139856278714048 "GET /api/v1/complaints/6bbf3ac9-9ed0-453d-a570-d6407a3b7e84/ HTTP/1.1" 200 864
[INFO] 2026-07-31 17:07:33,970 basehttp 383162 139856278714048 "GET /api/v1/complaints/6bbf3ac9-9ed0-453d-a570-d6407a3b7e84/ HTTP/1.1" 200 864
[INFO] 2026-07-31 17:07:38,585 basehttp 383162 139856743229120 "GET /admin/complaints/complaint/2/change/ HTTP/1.1" 200 64115
[INFO] 2026-07-31 17:07:38,767 basehttp 383162 139856743229120 "GET /admin/jsi18n/ HTTP/1.1" 200 3343
[INFO] 2026-07-31 17:07:43,676 basehttp 383162 139856743229120 "POST /admin/complaints/complaint/2/change/ HTTP/1.1" 302 0
[INFO] 2026-07-31 17:07:44,404 basehttp 383162 139856743229120 "GET /admin/complaints/complaint/ HTTP/1.1" 200 42725
[INFO] 2026-07-31 17:07:44,730 basehttp 383162 139856743229120 "GET /admin/jsi18n/ HTTP/1.1" 200 3343
[INFO] 2026-07-31 17:07:49,375 basehttp 383162 139856278714048 "GET /api/v1/auth/me/ HTTP/1.1" 200 402
[INFO] 2026-07-31 17:07:49,500 basehttp 383162 139856278714048 "GET /api/v1/auth/me/ HTTP/1.1" 200 402
[INFO] 2026-07-31 17:07:49,860 basehttp 383162 139856278714048 "GET /api/v1/complaints/6bbf3ac9-9ed0-453d-a570-d6407a3b7e84/ HTTP/1.1" 200 857
[INFO] 2026-07-31 17:07:50,217 basehttp 383162 139856278714048 "GET /api/v1/complaints/6bbf3ac9-9ed0-453d-a570-d6407a3b7e84/ HTTP/1.1" 200 857
[INFO] 2026-07-31 17:08:04,174 basehttp 383162 139856743229120 "GET /admin/complaints/complaint/2/change/ HTTP/1.1" 200 64115
[INFO] 2026-07-31 17:08:04,361 basehttp 383162 139856743229120 "GET /admin/jsi18n/ HTTP/1.1" 200 3343
[INFO] 2026-07-31 17:08:11,831 basehttp 383162 139856743229120 "POST /admin/complaints/complaint/2/change/ HTTP/1.1" 302 0
[INFO] 2026-07-31 17:08:12,685 basehttp 383162 139856743229120 "GET /admin/complaints/complaint/ HTTP/1.1" 200 42726
[INFO] 2026-07-31 17:08:13,001 basehttp 383162 139856743229120 "GET /admin/jsi18n/ HTTP/1.1" 200 3343
[INFO] 2026-07-31 17:08:17,521 basehttp 383162 139856278714048 "GET /api/v1/auth/me/ HTTP/1.1" 200 402
[INFO] 2026-07-31 17:08:17,668 basehttp 383162 139856278714048 "GET /api/v1/auth/me/ HTTP/1.1" 200 402
[INFO] 2026-07-31 17:08:17,969 basehttp 383162 139856278714048 "GET /api/v1/complaints/6bbf3ac9-9ed0-453d-a570-d6407a3b7e84/ HTTP/1.1" 200 856
[INFO] 2026-07-31 17:08:18,245 basehttp 383162 139856278714048 "GET /api/v1/complaints/6bbf3ac9-9ed0-453d-a570-d6407a3b7e84/ HTTP/1.1" 200 856
[INFO] 2026-07-31 17:14:17,366 basehttp 383162 139856278714048 "GET /api/v1/products/?page_size=20 HTTP/1.1" 200 2813
[INFO] 2026-07-31 17:14:17,481 basehttp 383162 139856278714048 "GET /api/v1/products/?page_size=20 HTTP/1.1" 200 2813
[INFO] 2026-07-31 17:14:17,723 basehttp 383162 139856278714048 "GET /api/v1/products/?page_size=20 HTTP/1.1" 200 2813
[INFO] 2026-07-31 17:14:21,476 basehttp 383162 139856278714048 "OPTIONS /api/v1/stores/?search=%D9%81%D8%B1%D9%88%D8%B4&status=active&page_size=10 HTTP/1.1" 200 0
[INFO] 2026-07-31 17:14:21,668 basehttp 383162 139856278714048 "GET /api/v1/stores/?search=%D9%81%D8%B1%D9%88%D8%B4&status=active&page_size=10 HTTP/1.1" 200 466
[WARNING] 2026-07-31 17:14:25,301 log 383162 139856278714048 Bad Request: /api/v1/pricing/official-prices/today/
[WARNING] 2026-07-31 17:14:25,302 basehttp 383162 139856278714048 "GET /api/v1/pricing/official-prices/today/?product=2 HTTP/1.1" 400 75
[INFO] 2026-07-31 17:15:09,939 basehttp 383162 139856743229120 "GET /admin/stores/store/ HTTP/1.1" 200 42678
[INFO] 2026-07-31 17:15:10,034 basehttp 383162 139856743229120 "GET /admin/jsi18n/ HTTP/1.1" 200 3343
[INFO] 2026-07-31 17:15:27,460 basehttp 383162 139856845993664 "GET /api/v1/complaints/my/?page_size=5 HTTP/1.1" 200 783
[INFO] 2026-07-31 17:15:27,710 basehttp 383162 139856278714048 "GET /api/v1/stores/?page_size=1 HTTP/1.1" 200 466
[INFO] 2026-07-31 17:15:27,860 basehttp 383162 139856845993664 "GET /api/v1/complaints/my/?page_size=5 HTTP/1.1" 200 783
[INFO] 2026-07-31 17:15:27,938 basehttp 383162 139856278714048 "GET /api/v1/stores/?page_size=1 HTTP/1.1" 200 466
[INFO] 2026-07-31 17:15:28,088 basehttp 383162 139856845993664 "GET /api/v1/complaints/my/?page=1&page_size=10 HTTP/1.1" 200 783
[INFO] 2026-07-31 17:15:28,215 basehttp 383162 139856845993664 "GET /api/v1/complaints/my/?page=1&page_size=10 HTTP/1.1" 200 783
[INFO] 2026-07-31 17:15:29,763 basehttp 383162 139856845993664 "GET /api/v1/complaints/6bbf3ac9-9ed0-453d-a570-d6407a3b7e84/ HTTP/1.1" 200 856
[INFO] 2026-07-31 17:15:29,935 basehttp 383162 139856845993664 "GET /api/v1/complaints/6bbf3ac9-9ed0-453d-a570-d6407a3b7e84/ HTTP/1.1" 200 856
[INFO] 2026-07-31 17:17:16,352 basehttp 383162 139856743229120 "GET /admin/complaints/complaint/ HTTP/1.1" 200 42477
[INFO] 2026-07-31 17:17:16,524 basehttp 383162 139856743229120 "GET /admin/jsi18n/ HTTP/1.1" 200 3343
[INFO] 2026-07-31 17:17:19,421 basehttp 383162 139856743229120 "GET /admin/complaints/complaint/2/change/ HTTP/1.1" 200 64115
[INFO] 2026-07-31 17:17:19,540 basehttp 383162 139856743229120 "GET /admin/jsi18n/ HTTP/1.1" 200 3343
[INFO] 2026-07-31 17:17:36,475 basehttp 383162 139856743229120 "POST /admin/complaints/complaint/2/change/ HTTP/1.1" 302 0
[INFO] 2026-07-31 17:17:37,183 basehttp 383162 139856743229120 "GET /admin/complaints/complaint/ HTTP/1.1" 200 42725
[INFO] 2026-07-31 17:17:37,401 basehttp 383162 139856743229120 "GET /admin/jsi18n/ HTTP/1.1" 200 3343
[INFO] 2026-07-31 17:17:43,091 basehttp 383162 139856845993664 "GET /api/v1/auth/me/ HTTP/1.1" 200 402
[INFO] 2026-07-31 17:17:43,222 basehttp 383162 139856845993664 "GET /api/v1/auth/me/ HTTP/1.1" 200 402
[INFO] 2026-07-31 17:17:43,558 basehttp 383162 139856845993664 "GET /api/v1/complaints/6bbf3ac9-9ed0-453d-a570-d6407a3b7e84/ HTTP/1.1" 200 857
[INFO] 2026-07-31 17:17:43,762 basehttp 383162 139856845993664 "GET /api/v1/complaints/6bbf3ac9-9ed0-453d-a570-d6407a3b7e84/ HTTP/1.1" 200 857
[INFO] 2026-07-31 17:20:36,777 basehttp 383162 139856845993664 "GET /api/v1/auth/me/ HTTP/1.1" 200 402
[INFO] 2026-07-31 17:20:36,914 basehttp 383162 139856845993664 "GET /api/v1/auth/me/ HTTP/1.1" 200 402
[INFO] 2026-07-31 17:20:37,156 basehttp 383162 139856845993664 "GET /api/v1/complaints/6bbf3ac9-9ed0-453d-a570-d6407a3b7e84/ HTTP/1.1" 200 857
[INFO] 2026-07-31 17:20:37,409 basehttp 383162 139856845993664 "GET /api/v1/complaints/6bbf3ac9-9ed0-453d-a570-d6407a3b7e84/ HTTP/1.1" 200 857
[INFO] 2026-07-31 18:06:03,987 autoreload 487490 126804371067008 Watching for file changes with StatReloader
[INFO] 2026-07-31 18:06:25,497 basehttp 487490 126803637167808 "OPTIONS /api/v1/pricing/official-prices/?page=1&is_today=true HTTP/1.1" 200 0
[INFO] 2026-07-31 18:06:25,497 basehttp 487490 126803645560512 "OPTIONS /api/v1/geography/provinces/ HTTP/1.1" 200 0
[INFO] 2026-07-31 18:06:25,499 basehttp 487490 126803628775104 "OPTIONS /api/v1/geography/provinces/ HTTP/1.1" 200 0
[INFO] 2026-07-31 18:06:25,499 basehttp 487490 126803620382400 "OPTIONS /api/v1/pricing/official-prices/?page=1&is_today=true HTTP/1.1" 200 0
[WARNING] 2026-07-31 18:06:25,750 log 487490 126803620382400 Unauthorized: /api/v1/pricing/official-prices/
[WARNING] 2026-07-31 18:06:25,751 basehttp 487490 126803620382400 "GET /api/v1/pricing/official-prices/?page=1&is_today=true HTTP/1.1" 401 293
[WARNING] 2026-07-31 18:06:25,795 log 487490 126803645560512 Unauthorized: /api/v1/geography/provinces/
[INFO] 2026-07-31 18:06:25,799 basehttp 487490 126803620382400 "OPTIONS /api/v1/auth/token/refresh/ HTTP/1.1" 200 0
[WARNING] 2026-07-31 18:06:25,799 basehttp 487490 126803645560512 "GET /api/v1/geography/provinces/ HTTP/1.1" 401 293
[WARNING] 2026-07-31 18:06:25,991 log 487490 126803628775104 Unauthorized: /api/v1/pricing/official-prices/
[WARNING] 2026-07-31 18:06:25,995 basehttp 487490 126803628775104 "GET /api/v1/pricing/official-prices/?page=1&is_today=true HTTP/1.1" 401 293
[WARNING] 2026-07-31 18:06:26,069 log 487490 126803620382400 Unauthorized: /api/v1/geography/provinces/
[WARNING] 2026-07-31 18:06:26,071 basehttp 487490 126803620382400 "GET /api/v1/geography/provinces/ HTTP/1.1" 401 293
[INFO] 2026-07-31 18:06:26,153 basehttp 487490 126803637167808 "POST /api/v1/auth/token/refresh/ HTTP/1.1" 200 352
[WARNING] 2026-07-31 18:06:26,323 log 487490 126803637167808 Unauthorized: /api/v1/pricing/official-prices/
[WARNING] 2026-07-31 18:06:26,323 basehttp 487490 126803637167808 "GET /api/v1/pricing/official-prices/?page=1&is_today=true HTTP/1.1" 401 293
[WARNING] 2026-07-31 18:06:26,332 log 487490 126803620382400 Unauthorized: /api/v1/geography/provinces/
[WARNING] 2026-07-31 18:06:26,334 basehttp 487490 126803620382400 "GET /api/v1/geography/provinces/ HTTP/1.1" 401 293
[WARNING] 2026-07-31 18:06:26,484 log 487490 126803628775104 Unauthorized: /api/v1/geography/provinces/
[WARNING] 2026-07-31 18:06:26,485 basehttp 487490 126803628775104 "GET /api/v1/geography/provinces/ HTTP/1.1" 401 293
[WARNING] 2026-07-31 18:06:26,538 log 487490 126803645560512 Unauthorized: /api/v1/pricing/official-prices/
[WARNING] 2026-07-31 18:06:26,541 basehttp 487490 126803645560512 "GET /api/v1/pricing/official-prices/?page=1&is_today=true HTTP/1.1" 401 293
[INFO] 2026-07-31 18:06:26,597 basehttp 487490 126803620382400 "POST /api/v1/auth/token/refresh/ HTTP/1.1" 200 352
[WARNING] 2026-07-31 18:06:26,784 log 487490 126803620382400 Unauthorized: /api/v1/geography/provinces/
[WARNING] 2026-07-31 18:06:26,785 log 487490 126803645560512 Unauthorized: /api/v1/pricing/official-prices/
[WARNING] 2026-07-31 18:06:26,786 basehttp 487490 126803620382400 "GET /api/v1/geography/provinces/ HTTP/1.1" 401 293
[WARNING] 2026-07-31 18:06:26,787 basehttp 487490 126803645560512 "GET /api/v1/pricing/official-prices/?page=1&is_today=true HTTP/1.1" 401 293
[WARNING] 2026-07-31 18:06:26,962 log 487490 126803628775104 Unauthorized: /api/v1/geography/provinces/
[WARNING] 2026-07-31 18:06:26,964 basehttp 487490 126803628775104 "GET /api/v1/geography/provinces/ HTTP/1.1" 401 293
[INFO] 2026-07-31 18:06:27,024 basehttp 487490 126803645560512 "POST /api/v1/auth/token/refresh/ HTTP/1.1" 200 352
[WARNING] 2026-07-31 18:06:27,172 log 487490 126803645560512 Unauthorized: /api/v1/pricing/official-prices/
[WARNING] 2026-07-31 18:06:27,174 basehttp 487490 126803645560512 "GET /api/v1/pricing/official-prices/?page=1&is_today=true HTTP/1.1" 401 293
[WARNING] 2026-07-31 18:06:27,228 log 487490 126803628775104 Unauthorized: /api/v1/geography/provinces/
[WARNING] 2026-07-31 18:06:27,229 basehttp 487490 126803628775104 "GET /api/v1/geography/provinces/ HTTP/1.1" 401 293
[INFO] 2026-07-31 18:06:27,367 basehttp 487490 126803628775104 "POST /api/v1/auth/token/refresh/ HTTP/1.1" 200 352
[WARNING] 2026-07-31 18:06:27,485 log 487490 126803628775104 Unauthorized: /api/v1/geography/provinces/
[WARNING] 2026-07-31 18:06:27,486 basehttp 487490 126803628775104 "GET /api/v1/geography/provinces/ HTTP/1.1" 401 293
[INFO] 2026-07-31 18:06:43,018 basehttp 487490 126803628775104 "OPTIONS /api/v1/auth/me/ HTTP/1.1" 200 0
[INFO] 2026-07-31 18:06:43,018 basehttp 487490 126803645560512 "OPTIONS /api/v1/auth/me/ HTTP/1.1" 200 0
[WARNING] 2026-07-31 18:06:43,092 log 487490 126803628775104 Unauthorized: /api/v1/auth/me/
[WARNING] 2026-07-31 18:06:43,093 basehttp 487490 126803628775104 "GET /api/v1/auth/me/ HTTP/1.1" 401 293
[WARNING] 2026-07-31 18:06:43,275 log 487490 126803645560512 Unauthorized: /api/v1/auth/me/
[WARNING] 2026-07-31 18:06:43,277 basehttp 487490 126803645560512 "GET /api/v1/auth/me/ HTTP/1.1" 401 293
[INFO] 2026-07-31 18:06:43,326 basehttp 487490 126803628775104 "POST /api/v1/auth/token/refresh/ HTTP/1.1" 200 352
[WARNING] 2026-07-31 18:06:43,433 log 487490 126803628775104 Unauthorized: /api/v1/auth/me/
[WARNING] 2026-07-31 18:06:43,433 basehttp 487490 126803628775104 "GET /api/v1/auth/me/ HTTP/1.1" 401 293
[WARNING] 2026-07-31 18:06:43,525 log 487490 126803645560512 Unauthorized: /api/v1/auth/me/
[WARNING] 2026-07-31 18:06:43,526 basehttp 487490 126803645560512 "GET /api/v1/auth/me/ HTTP/1.1" 401 293
[INFO] 2026-07-31 18:06:43,616 basehttp 487490 126803645560512 "POST /api/v1/auth/token/refresh/ HTTP/1.1" 200 352
[WARNING] 2026-07-31 18:06:43,752 log 487490 126803645560512 Unauthorized: /api/v1/auth/me/
[WARNING] 2026-07-31 18:06:43,753 basehttp 487490 126803645560512 "GET /api/v1/auth/me/ HTTP/1.1" 401 293
[WARNING] 2026-07-31 18:06:44,537 log 487490 126803645560512 Unauthorized: /api/v1/auth/me/
[WARNING] 2026-07-31 18:06:44,538 basehttp 487490 126803645560512 "GET /api/v1/auth/me/ HTTP/1.1" 401 293
[INFO] 2026-07-31 18:07:32,070 basehttp 487490 126803399145152 "GET /api/v1/auth/me/ HTTP/1.1" 200 402
[INFO] 2026-07-31 18:07:32,189 basehttp 487490 126803399145152 "GET /api/v1/auth/me/ HTTP/1.1" 200 402
[INFO] 2026-07-31 18:07:32,527 basehttp 487490 126803399145152 "GET /api/v1/complaints/6bbf3ac9-9ed0-453d-a570-d6407a3b7e84/ HTTP/1.1" 200 857
[INFO] 2026-07-31 18:07:32,748 basehttp 487490 126803399145152 "GET /api/v1/complaints/6bbf3ac9-9ed0-453d-a570-d6407a3b7e84/ HTTP/1.1" 200 857
[INFO] 2026-07-31 18:09:40,749 basehttp 487490 126803399145152 "GET /api/v1/auth/me/ HTTP/1.1" 200 402
[INFO] 2026-07-31 18:09:40,919 basehttp 487490 126803399145152 "GET /api/v1/auth/me/ HTTP/1.1" 200 402
[INFO] 2026-07-31 18:09:41,458 basehttp 487490 126803399145152 "GET /api/v1/complaints/6bbf3ac9-9ed0-453d-a570-d6407a3b7e84/ HTTP/1.1" 200 857
[INFO] 2026-07-31 18:09:41,762 basehttp 487490 126803399145152 "GET /api/v1/complaints/6bbf3ac9-9ed0-453d-a570-d6407a3b7e84/ HTTP/1.1" 200 857
[INFO] 2026-07-31 19:30:42,495 basehttp 487490 126803645560512 "OPTIONS /api/v1/auth/me/ HTTP/1.1" 200 0
[WARNING] 2026-07-31 19:30:42,560 log 487490 126803645560512 Unauthorized: /api/v1/auth/me/
[WARNING] 2026-07-31 19:30:42,561 basehttp 487490 126803645560512 "GET /api/v1/auth/me/ HTTP/1.1" 401 293
[INFO] 2026-07-31 19:30:42,606 basehttp 487490 126803645560512 "OPTIONS /api/v1/auth/token/refresh/ HTTP/1.1" 200 0
[INFO] 2026-07-31 19:30:42,735 basehttp 487490 126803645560512 "POST /api/v1/auth/token/refresh/ HTTP/1.1" 200 412
[WARNING] 2026-07-31 19:30:42,839 log 487490 126803645560512 Unauthorized: /api/v1/auth/me/
[WARNING] 2026-07-31 19:30:42,839 basehttp 487490 126803645560512 "GET /api/v1/auth/me/ HTTP/1.1" 401 293
[WARNING] 2026-07-31 19:30:43,938 log 487490 126803645560512 Unauthorized: /api/v1/auth/me/
[WARNING] 2026-07-31 19:30:43,938 basehttp 487490 126803645560512 "GET /api/v1/auth/me/ HTTP/1.1" 401 293
[INFO] 2026-07-31 19:30:44,008 basehttp 487490 126803645560512 "POST /api/v1/auth/token/refresh/ HTTP/1.1" 200 412
[WARNING] 2026-07-31 19:30:44,101 log 487490 126803645560512 Unauthorized: /api/v1/auth/me/
[WARNING] 2026-07-31 19:30:44,102 basehttp 487490 126803645560512 "GET /api/v1/auth/me/ HTTP/1.1" 401 293
[INFO] 2026-07-31 19:52:00,631 autoreload 559372 123976138895488 Watching for file changes with StatReloader
[WARNING] 2026-07-31 19:52:27,396 log 559372 123975412696768 Unauthorized: /api/v1/auth/me/
[WARNING] 2026-07-31 19:52:27,396 basehttp 559372 123975412696768 "GET /api/v1/auth/me/ HTTP/1.1" 401 293
[WARNING] 2026-07-31 19:52:27,497 log 559372 123975401158336 Unauthorized: /api/v1/auth/me/
[WARNING] 2026-07-31 19:52:27,498 basehttp 559372 123975401158336 "GET /api/v1/auth/me/ HTTP/1.1" 401 293
[INFO] 2026-07-31 19:52:27,568 basehttp 559372 123975412696768 "POST /api/v1/auth/token/refresh/ HTTP/1.1" 200 412
[WARNING] 2026-07-31 19:52:27,680 log 559372 123975412696768 Unauthorized: /api/v1/auth/me/
[WARNING] 2026-07-31 19:52:27,681 basehttp 559372 123975412696768 "GET /api/v1/auth/me/ HTTP/1.1" 401 293
[WARNING] 2026-07-31 19:52:27,800 log 559372 123975401158336 Unauthorized: /api/v1/auth/me/
[WARNING] 2026-07-31 19:52:27,801 basehttp 559372 123975401158336 "GET /api/v1/auth/me/ HTTP/1.1" 401 293
[INFO] 2026-07-31 19:52:27,929 basehttp 559372 123975401158336 "POST /api/v1/auth/token/refresh/ HTTP/1.1" 200 412
[WARNING] 2026-07-31 19:52:28,094 log 559372 123975401158336 Unauthorized: /api/v1/auth/me/
[WARNING] 2026-07-31 19:52:28,094 basehttp 559372 123975401158336 "GET /api/v1/auth/me/ HTTP/1.1" 401 293
[INFO] 2026-07-31 19:52:34,681 basehttp 559372 123975401158336 "OPTIONS /api/v1/auth/otp/request/ HTTP/1.1" 200 0
[WARNING] 2026-07-31 19:52:34,746 log 559372 123975401158336 Unauthorized: /api/v1/auth/otp/request/
[WARNING] 2026-07-31 19:52:34,747 basehttp 559372 123975401158336 "POST /api/v1/auth/otp/request/ HTTP/1.1" 401 293
[WARNING] 2026-07-31 19:52:36,410 log 559372 123975401158336 Unauthorized: /api/v1/auth/otp/request/
[WARNING] 2026-07-31 19:52:36,411 basehttp 559372 123975401158336 "POST /api/v1/auth/otp/request/ HTTP/1.1" 401 293
[WARNING] 2026-07-31 19:52:46,030 log 559372 123975389619904 Not Found: /
[WARNING] 2026-07-31 19:52:46,031 basehttp 559372 123975389619904 "GET / HTTP/1.1" 404 16956
[INFO] 2026-07-31 19:52:50,750 basehttp 559372 123975389619904 "GET /admin/ HTTP/1.1" 200 41905
[INFO] 2026-07-31 19:52:50,766 basehttp 559372 123975389619904 "GET /static/admin/css/base.css HTTP/1.1" 304 0
[INFO] 2026-07-31 19:52:50,768 basehttp 559372 123975170520768 "GET /static/admin/css/dark_mode.css HTTP/1.1" 304 0
[INFO] 2026-07-31 19:52:50,773 basehttp 559372 123975153735360 "GET /static/admin/css/dashboard.css HTTP/1.1" 304 0
[INFO] 2026-07-31 19:52:50,775 basehttp 559372 123975170520768 "GET /static/admin/js/theme.js HTTP/1.1" 304 0
[INFO] 2026-07-31 19:52:50,780 basehttp 559372 123975145342656 "GET /static/admin/css/responsive.css HTTP/1.1" 304 0
[INFO] 2026-07-31 19:52:50,780 basehttp 559372 123975162128064 "GET /static/admin/css/nav_sidebar.css HTTP/1.1" 304 0
[INFO] 2026-07-31 19:52:50,780 basehttp 559372 123975136949952 "GET /static/admin/js/nav_sidebar.js HTTP/1.1" 304 0
[INFO] 2026-07-31 19:52:50,819 basehttp 559372 123975136949952 "GET /static/admin/img/icon-viewlink.svg HTTP/1.1" 304 0
[INFO] 2026-07-31 19:52:50,820 basehttp 559372 123975170520768 "GET /static/admin/img/icon-addlink.svg HTTP/1.1" 304 0
[INFO] 2026-07-31 19:52:50,823 basehttp 559372 123975389619904 "GET /static/admin/img/icon-changelink.svg HTTP/1.1" 304 0
[INFO] 2026-07-31 19:52:58,005 otp_service 559372 123975401158336 [DEV] SMS to 09944574949: کد تایید سامانه پایش قیمت: 549807
[INFO] 2026-07-31 19:52:58,005 base_service 559372 123975401158336 OTP sent to 09944574949
[INFO] 2026-07-31 19:52:58,132 basehttp 559372 123975401158336 "POST /api/v1/auth/otp/request/ HTTP/1.1" 200 142
[INFO] 2026-07-31 19:53:02,426 basehttp 559372 123975389619904 "GET /admin/accounts/verifycode/ HTTP/1.1" 200 42606
[INFO] 2026-07-31 19:53:02,459 basehttp 559372 123975136949952 "GET /static/admin/img/icon-no.svg HTTP/1.1" 304 0
[INFO] 2026-07-31 19:53:02,464 basehttp 559372 123975170520768 "GET /static/admin/img/icon-yes.svg HTTP/1.1" 304 0
[INFO] 2026-07-31 19:53:02,575 basehttp 559372 123975389619904 "GET /admin/jsi18n/ HTTP/1.1" 200 3343
[INFO] 2026-07-31 19:53:02,643 basehttp 559372 123975389619904 "GET /static/admin/img/sorting-icons.svg HTTP/1.1" 304 0
[INFO] 2026-07-31 19:53:08,311 basehttp 559372 123975401158336 "OPTIONS /api/v1/auth/otp/verify/ HTTP/1.1" 200 0
[INFO] 2026-07-31 19:53:08,364 base_service 559372 123975401158336 User logged in: 09944574949
[INFO] 2026-07-31 19:53:08,518 basehttp 559372 123975401158336 "POST /api/v1/auth/otp/verify/ HTTP/1.1" 200 1242
[INFO] 2026-07-31 19:53:09,247 basehttp 559372 123975401158336 "GET /api/v1/auth/me/ HTTP/1.1" 200 402
[INFO] 2026-07-31 19:53:09,361 basehttp 559372 123975401158336 "GET /api/v1/auth/me/ HTTP/1.1" 200 402
[INFO] 2026-07-31 19:53:09,465 basehttp 559372 123975401158336 "OPTIONS /api/v1/complaints/my/?page_size=5 HTTP/1.1" 200 0
[INFO] 2026-07-31 19:53:09,465 basehttp 559372 123975412696768 "OPTIONS /api/v1/complaints/my/?page_size=5 HTTP/1.1" 200 0
[INFO] 2026-07-31 19:53:09,705 basehttp 559372 123975401158336 "GET /api/v1/complaints/my/?page_size=5 HTTP/1.1" 200 1276
[INFO] 2026-07-31 19:53:09,877 basehttp 559372 123975401158336 "GET /api/v1/complaints/my/?page_size=5 HTTP/1.1" 200 1276
[INFO] 2026-07-31 19:53:14,070 basehttp 559372 123975401158336 "OPTIONS /api/v1/complaints/6bbf3ac9-9ed0-453d-a570-d6407a3b7e84/ HTTP/1.1" 200 0
[INFO] 2026-07-31 19:53:14,072 basehttp 559372 123975412696768 "OPTIONS /api/v1/complaints/6bbf3ac9-9ed0-453d-a570-d6407a3b7e84/ HTTP/1.1" 200 0
[INFO] 2026-07-31 19:53:14,362 basehttp 559372 123975412696768 "GET /api/v1/complaints/6bbf3ac9-9ed0-453d-a570-d6407a3b7e84/ HTTP/1.1" 200 1106
[INFO] 2026-07-31 19:53:14,596 basehttp 559372 123975412696768 "GET /api/v1/complaints/6bbf3ac9-9ed0-453d-a570-d6407a3b7e84/ HTTP/1.1" 200 1106
[INFO] 2026-07-31 19:53:23,688 basehttp 559372 123975412696768 "OPTIONS /api/v1/auth/users/profile/ HTTP/1.1" 200 0
[INFO] 2026-07-31 19:53:23,689 basehttp 559372 123975401158336 "OPTIONS /api/v1/auth/users/profile/ HTTP/1.1" 200 0
[INFO] 2026-07-31 19:53:23,790 basehttp 559372 123975412696768 "GET /api/v1/auth/users/profile/ HTTP/1.1" 200 402
[INFO] 2026-07-31 19:53:23,938 basehttp 559372 123975412696768 "GET /api/v1/auth/users/profile/ HTTP/1.1" 200 402
[INFO] 2026-07-31 19:53:27,180 basehttp 559372 123975401158336 "OPTIONS /api/v1/products/?page_size=20 HTTP/1.1" 200 0
[INFO] 2026-07-31 19:53:27,180 basehttp 559372 123975412696768 "OPTIONS /api/v1/products/?page_size=20 HTTP/1.1" 200 0
[INFO] 2026-07-31 19:53:27,376 basehttp 559372 123975401158336 "GET /api/v1/products/?page_size=20 HTTP/1.1" 200 2813
[INFO] 2026-07-31 19:53:27,595 basehttp 559372 123975401158336 "GET /api/v1/products/?page_size=20 HTTP/1.1" 200 2813
[INFO] 2026-07-31 19:53:27,784 basehttp 559372 123975401158336 "GET /api/v1/products/?page_size=20 HTTP/1.1" 200 2813
[INFO] 2026-07-31 19:53:34,175 basehttp 559372 123975401158336 "OPTIONS /api/v1/stores/?search=%D9%81%D8%B1&status=active&page_size=10 HTTP/1.1" 200 0
[INFO] 2026-07-31 19:53:34,447 basehttp 559372 123975401158336 "GET /api/v1/stores/?search=%D9%81%D8%B1&status=active&page_size=10 HTTP/1.1" 200 466
[INFO] 2026-07-31 19:53:35,667 basehttp 559372 123975401158336 "OPTIONS /api/v1/pricing/official-prices/today/?product=7 HTTP/1.1" 200 0
[WARNING] 2026-07-31 19:53:35,777 log 559372 123975401158336 Bad Request: /api/v1/pricing/official-prices/today/
[WARNING] 2026-07-31 19:53:35,777 basehttp 559372 123975401158336 "GET /api/v1/pricing/official-prices/today/?product=7 HTTP/1.1" 400 75
[INFO] 2026-07-31 19:53:55,490 basehttp 559372 123975401158336 "OPTIONS /api/v1/complaints/ HTTP/1.1" 200 0
[INFO] 2026-07-31 19:53:55,577 signals 559372 123975401158336 New complaint created: 39356431
[WARNING] 2026-07-31 19:54:14,720 complaint_service 559372 123975401158336 Failed to send notification: Error 111 connecting to localhost:6379. Connection refused.
[INFO] 2026-07-31 19:54:14,720 base_service 559372 123975401158336 New complaint created: 63fb6e76-bce6-45af-9087-eb69d538b7ef for store فروشگاه تست
[INFO] 2026-07-31 19:54:15,176 basehttp 559372 123975401158336 "POST /api/v1/complaints/ HTTP/1.1" 201 1004
[INFO] 2026-07-31 19:54:21,062 basehttp 559372 123975401158336 "OPTIONS /api/v1/complaints/track/39356431/ HTTP/1.1" 200 0
[INFO] 2026-07-31 19:54:21,062 basehttp 559372 123975412696768 "OPTIONS /api/v1/complaints/track/39356431/ HTTP/1.1" 200 0
[WARNING] 2026-07-31 19:54:21,164 log 559372 123975401158336 Not Found: /api/v1/complaints/track/39356431/
[WARNING] 2026-07-31 19:54:21,165 basehttp 559372 123975401158336 "GET /api/v1/complaints/track/39356431/ HTTP/1.1" 404 19126
[WARNING] 2026-07-31 19:54:21,314 log 559372 123975412696768 Not Found: /api/v1/complaints/track/39356431/
[WARNING] 2026-07-31 19:54:21,314 basehttp 559372 123975412696768 "GET /api/v1/complaints/track/39356431/ HTTP/1.1" 404 19127
[WARNING] 2026-07-31 19:54:24,041 log 559372 123975412696768 Not Found: /api/v1/complaints/track/39356431/
[WARNING] 2026-07-31 19:54:24,041 basehttp 559372 123975412696768 "GET /api/v1/complaints/track/39356431/ HTTP/1.1" 404 19126
[WARNING] 2026-07-31 19:54:24,958 log 559372 123975412696768 Not Found: /api/v1/complaints/track/39356431/
[WARNING] 2026-07-31 19:54:24,958 basehttp 559372 123975412696768 "GET /api/v1/complaints/track/39356431/ HTTP/1.1" 404 19126
[WARNING] 2026-07-31 19:54:25,923 log 559372 123975412696768 Not Found: /api/v1/complaints/track/39356431/
[WARNING] 2026-07-31 19:54:25,924 basehttp 559372 123975412696768 "GET /api/v1/complaints/track/39356431/ HTTP/1.1" 404 19126
[WARNING] 2026-07-31 19:54:26,665 log 559372 123975412696768 Not Found: /api/v1/complaints/track/39356431/
[WARNING] 2026-07-31 19:54:26,666 basehttp 559372 123975412696768 "GET /api/v1/complaints/track/39356431/ HTTP/1.1" 404 19126
[INFO] 2026-07-31 19:54:30,628 basehttp 559372 123975412696768 "OPTIONS /api/v1/stores/?page_size=1 HTTP/1.1" 200 0
[INFO] 2026-07-31 19:54:30,637 basehttp 559372 123975122265792 "OPTIONS /api/v1/stores/?page_size=1 HTTP/1.1" 200 0
[INFO] 2026-07-31 19:54:30,982 basehttp 559372 123975401158336 "GET /api/v1/complaints/my/?page_size=5 HTTP/1.1" 200 1697
[INFO] 2026-07-31 19:54:31,045 basehttp 559372 123975412696768 "GET /api/v1/stores/?page_size=1 HTTP/1.1" 200 466
[INFO] 2026-07-31 19:54:31,294 basehttp 559372 123975122265792 "GET /api/v1/complaints/my/?page_size=5 HTTP/1.1" 200 1697
[INFO] 2026-07-31 19:54:31,375 basehttp 559372 123975412696768 "GET /api/v1/stores/?page_size=1 HTTP/1.1" 200 466
[INFO] 2026-07-31 19:54:32,862 basehttp 559372 123975412696768 "OPTIONS /api/v1/complaints/my/?page=1&page_size=10 HTTP/1.1" 200 0
[INFO] 2026-07-31 19:54:32,872 basehttp 559372 123975122265792 "OPTIONS /api/v1/complaints/my/?page=1&page_size=10 HTTP/1.1" 200 0
[INFO] 2026-07-31 19:54:33,023 basehttp 559372 123975412696768 "GET /api/v1/complaints/my/?page=1&page_size=10 HTTP/1.1" 200 1697
[INFO] 2026-07-31 19:54:33,226 basehttp 559372 123975412696768 "GET /api/v1/complaints/my/?page=1&page_size=10 HTTP/1.1" 200 1697
[INFO] 2026-07-31 19:54:36,386 basehttp 559372 123975122265792 "GET /api/v1/complaints/my/?page_size=5 HTTP/1.1" 200 1697
[INFO] 2026-07-31 19:54:36,531 basehttp 559372 123975412696768 "GET /api/v1/stores/?page_size=1 HTTP/1.1" 200 466
[INFO] 2026-07-31 19:54:36,709 basehttp 559372 123975122265792 "GET /api/v1/complaints/my/?page_size=5 HTTP/1.1" 200 1697
[INFO] 2026-07-31 19:54:36,799 basehttp 559372 123975412696768 "GET /api/v1/stores/?page_size=1 HTTP/1.1" 200 466
[INFO] 2026-07-31 19:54:44,166 basehttp 559372 123975122265792 "OPTIONS /api/v1/pricing/official-prices/?page=1&is_today=true HTTP/1.1" 200 0
[INFO] 2026-07-31 19:54:44,166 basehttp 559372 123975412696768 "OPTIONS /api/v1/geography/provinces/ HTTP/1.1" 200 0
[INFO] 2026-07-31 19:54:44,380 basehttp 559372 123975412696768 "GET /api/v1/geography/provinces/ HTTP/1.1" 200 152
[INFO] 2026-07-31 19:54:44,490 basehttp 559372 123975122265792 "GET /api/v1/pricing/official-prices/?page=1&is_today=true HTTP/1.1" 200 944
[INFO] 2026-07-31 19:54:48,180 basehttp 559372 123975122265792 "GET /api/v1/auth/me/ HTTP/1.1" 200 402
[INFO] 2026-07-31 19:54:48,286 basehttp 559372 123975122265792 "GET /api/v1/auth/me/ HTTP/1.1" 200 402
[INFO] 2026-07-31 19:54:48,620 basehttp 559372 123975412696768 "GET /api/v1/complaints/my/?page_size=5 HTTP/1.1" 200 1697
[INFO] 2026-07-31 19:54:48,910 basehttp 559372 123975122265792 "GET /api/v1/stores/?page_size=1 HTTP/1.1" 200 466
[INFO] 2026-07-31 19:54:49,069 basehttp 559372 123975412696768 "GET /api/v1/complaints/my/?page_size=5 HTTP/1.1" 200 1697
[INFO] 2026-07-31 19:54:49,146 basehttp 559372 123975122265792 "GET /api/v1/stores/?page_size=1 HTTP/1.1" 200 466
[INFO] 2026-07-31 19:54:49,682 basehttp 559372 123975122265792 "GET /api/v1/products/?page_size=20 HTTP/1.1" 200 2813
[INFO] 2026-07-31 19:54:49,839 basehttp 559372 123975122265792 "GET /api/v1/products/?page_size=20 HTTP/1.1" 200 2813
[INFO] 2026-07-31 19:54:50,030 basehttp 559372 123975122265792 "GET /api/v1/products/?page_size=20 HTTP/1.1" 200 2813
[INFO] 2026-07-31 19:54:53,687 basehttp 559372 123975122265792 "GET /api/v1/geography/provinces/ HTTP/1.1" 200 152
[INFO] 2026-07-31 19:54:53,910 basehttp 559372 123975412696768 "GET /api/v1/pricing/official-prices/?page=1&is_today=true HTTP/1.1" 200 944
[INFO] 2026-07-31 19:54:54,065 basehttp 559372 123975122265792 "GET /api/v1/geography/provinces/ HTTP/1.1" 200 152
[INFO] 2026-07-31 19:54:54,171 basehttp 559372 123975412696768 "GET /api/v1/pricing/official-prices/?page=1&is_today=true HTTP/1.1" 200 944
[INFO] 2026-07-31 19:54:56,771 basehttp 559372 123975122265792 "GET /api/v1/complaints/my/?page_size=5 HTTP/1.1" 200 1697
[INFO] 2026-07-31 19:54:56,993 basehttp 559372 123975412696768 "GET /api/v1/stores/?page_size=1 HTTP/1.1" 200 466
[INFO] 2026-07-31 19:54:57,238 basehttp 559372 123975122265792 "GET /api/v1/complaints/my/?page_size=5 HTTP/1.1" 200 1697
[INFO] 2026-07-31 19:54:57,382 basehttp 559372 123975412696768 "GET /api/v1/stores/?page_size=1 HTTP/1.1" 200 466
[INFO] 2026-07-31 19:54:58,260 basehttp 559372 123975412696768 "GET /api/v1/complaints/my/?page=1&page_size=10 HTTP/1.1" 200 1697
[INFO] 2026-07-31 19:54:58,440 basehttp 559372 123975412696768 "GET /api/v1/complaints/my/?page=1&page_size=10 HTTP/1.1" 200 1697
[INFO] 2026-07-31 19:54:59,554 basehttp 559372 123975122265792 "OPTIONS /api/v1/complaints/63fb6e76-bce6-45af-9087-eb69d538b7ef/ HTTP/1.1" 200 0
[INFO] 2026-07-31 19:54:59,554 basehttp 559372 123975412696768 "OPTIONS /api/v1/complaints/63fb6e76-bce6-45af-9087-eb69d538b7ef/ HTTP/1.1" 200 0
[INFO] 2026-07-31 19:54:59,852 basehttp 559372 123975122265792 "GET /api/v1/complaints/63fb6e76-bce6-45af-9087-eb69d538b7ef/ HTTP/1.1" 200 1004
[INFO] 2026-07-31 19:55:00,060 basehttp 559372 123975122265792 "GET /api/v1/complaints/63fb6e76-bce6-45af-9087-eb69d538b7ef/ HTTP/1.1" 200 1004
[INFO] 2026-07-31 19:55:12,561 basehttp 559372 123975122265792 "GET /api/v1/complaints/my/?page=1&page_size=10 HTTP/1.1" 200 1697
[INFO] 2026-07-31 19:55:12,699 basehttp 559372 123975122265792 "GET /api/v1/complaints/my/?page=1&page_size=10 HTTP/1.1" 200 1697
[INFO] 2026-07-31 19:55:13,144 basehttp 559372 123975412696768 "GET /api/v1/complaints/my/?page_size=5 HTTP/1.1" 200 1697
[INFO] 2026-07-31 19:55:13,387 basehttp 559372 123975122265792 "GET /api/v1/stores/?page_size=1 HTTP/1.1" 200 466
[INFO] 2026-07-31 19:55:13,567 basehttp 559372 123975412696768 "GET /api/v1/complaints/my/?page_size=5 HTTP/1.1" 200 1697
[INFO] 2026-07-31 19:55:13,637 basehttp 559372 123975122265792 "GET /api/v1/stores/?page_size=1 HTTP/1.1" 200 466
[INFO] 2026-07-31 19:55:14,192 basehttp 559372 123975122265792 "GET /api/v1/geography/provinces/ HTTP/1.1" 200 152
[INFO] 2026-07-31 19:55:14,379 basehttp 559372 123975412696768 "GET /api/v1/pricing/official-prices/?page=1&is_today=true HTTP/1.1" 200 944
[INFO] 2026-07-31 19:55:14,540 basehttp 559372 123975122265792 "GET /api/v1/geography/provinces/ HTTP/1.1" 200 152
[INFO] 2026-07-31 19:55:14,642 basehttp 559372 123975412696768 "GET /api/v1/pricing/official-prices/?page=1&is_today=true HTTP/1.1" 200 944
[INFO] 2026-07-31 19:55:15,356 basehttp 559372 123975412696768 "GET /api/v1/products/?page_size=20 HTTP/1.1" 200 2813
[INFO] 2026-07-31 19:55:15,510 basehttp 559372 123975412696768 "GET /api/v1/products/?page_size=20 HTTP/1.1" 200 2813
[INFO] 2026-07-31 19:55:15,734 basehttp 559372 123975412696768 "GET /api/v1/products/?page_size=20 HTTP/1.1" 200 2813
[INFO] 2026-07-31 19:55:16,226 basehttp 559372 123975122265792 "GET /api/v1/complaints/my/?page_size=5 HTTP/1.1" 200 1697
[INFO] 2026-07-31 19:55:16,505 basehttp 559372 123975412696768 "GET /api/v1/stores/?page_size=1 HTTP/1.1" 200 466
[INFO] 2026-07-31 19:55:16,656 basehttp 559372 123975122265792 "GET /api/v1/complaints/my/?page_size=5 HTTP/1.1" 200 1697
[INFO] 2026-07-31 19:55:16,738 basehttp 559372 123975412696768 "GET /api/v1/stores/?page_size=1 HTTP/1.1" 200 466
[INFO] 2026-07-31 19:55:17,662 basehttp 559372 123975412696768 "GET /api/v1/geography/provinces/ HTTP/1.1" 200 152
[INFO] 2026-07-31 19:55:17,732 basehttp 559372 123975122265792 "GET /api/v1/pricing/official-prices/?page=1&is_today=true HTTP/1.1" 200 944
[INFO] 2026-07-31 19:55:17,896 basehttp 559372 123975401158336 "GET /api/v1/geography/provinces/ HTTP/1.1" 200 152
[INFO] 2026-07-31 19:55:17,971 basehttp 559372 123975122265792 "GET /api/v1/pricing/official-prices/?page=1&is_today=true HTTP/1.1" 200 944
[INFO] 2026-07-31 19:55:19,733 basehttp 559372 123975122265792 "GET /api/v1/auth/me/ HTTP/1.1" 200 402
[INFO] 2026-07-31 19:55:19,888 basehttp 559372 123975122265792 "GET /api/v1/auth/me/ HTTP/1.1" 200 402
[INFO] 2026-07-31 19:55:20,244 basehttp 559372 123975401158336 "GET /api/v1/complaints/my/?page_size=5 HTTP/1.1" 200 1697
[INFO] 2026-07-31 19:55:20,567 basehttp 559372 123975122265792 "GET /api/v1/stores/?page_size=1 HTTP/1.1" 200 466
[INFO] 2026-07-31 19:55:20,749 basehttp 559372 123975401158336 "GET /api/v1/complaints/my/?page_size=5 HTTP/1.1" 200 1697
[INFO] 2026-07-31 19:55:20,836 basehttp 559372 123975122265792 "GET /api/v1/stores/?page_size=1 HTTP/1.1" 200 466
[INFO] 2026-07-31 19:55:22,445 basehttp 559372 123975122265792 "GET /api/v1/products/?page_size=20 HTTP/1.1" 200 2813
[INFO] 2026-07-31 19:55:22,613 basehttp 559372 123975122265792 "GET /api/v1/products/?page_size=20 HTTP/1.1" 200 2813
[INFO] 2026-07-31 19:55:22,818 basehttp 559372 123975122265792 "GET /api/v1/products/?page_size=20 HTTP/1.1" 200 2813
[INFO] 2026-07-31 19:55:25,395 basehttp 559372 123975122265792 "OPTIONS /api/v1/stores/?search=%D9%81%D8%B1%D9%88%D8%B4&status=active&page_size=10 HTTP/1.1" 200 0
[INFO] 2026-07-31 19:55:25,633 basehttp 559372 123975122265792 "GET /api/v1/stores/?search=%D9%81%D8%B1%D9%88%D8%B4&status=active&page_size=10 HTTP/1.1" 200 466
[INFO] 2026-07-31 19:55:27,901 basehttp 559372 123975122265792 "OPTIONS /api/v1/pricing/official-prices/today/?product=3 HTTP/1.1" 200 0
[WARNING] 2026-07-31 19:55:28,019 log 559372 123975122265792 Bad Request: /api/v1/pricing/official-prices/today/
[WARNING] 2026-07-31 19:55:28,019 basehttp 559372 123975122265792 "GET /api/v1/pricing/official-prices/today/?product=3 HTTP/1.1" 400 75
[INFO] 2026-07-31 19:55:46,608 signals 559372 123975122265792 New complaint created: 45209799
[WARNING] 2026-07-31 19:56:05,658 complaint_service 559372 123975122265792 Failed to send notification: Error 111 connecting to localhost:6379. Connection refused.
[INFO] 2026-07-31 19:56:05,658 base_service 559372 123975122265792 New complaint created: 3f8fe76a-7a42-4744-85e6-6b7cec5b4a26 for store فروشگاه تست
[INFO] 2026-07-31 19:56:05,953 basehttp 559372 123975122265792 "POST /api/v1/complaints/ HTTP/1.1" 201 938
[INFO] 2026-07-31 19:56:23,182 basehttp 559372 123975122265792 "OPTIONS /api/v1/complaints/track/45209799/ HTTP/1.1" 200 0
[INFO] 2026-07-31 19:56:23,183 basehttp 559372 123975401158336 "OPTIONS /api/v1/complaints/track/45209799/ HTTP/1.1" 200 0
[WARNING] 2026-07-31 19:56:23,319 log 559372 123975401158336 Not Found: /api/v1/complaints/track/45209799/
[WARNING] 2026-07-31 19:56:23,319 basehttp 559372 123975401158336 "GET /api/v1/complaints/track/45209799/ HTTP/1.1" 404 19128
[WARNING] 2026-07-31 19:56:23,450 log 559372 123975122265792 Not Found: /api/v1/complaints/track/45209799/
[WARNING] 2026-07-31 19:56:23,451 basehttp 559372 123975122265792 "GET /api/v1/complaints/track/45209799/ HTTP/1.1" 404 19126
[WARNING] 2026-07-31 19:56:26,152 log 559372 123975122265792 Not Found: /api/v1/complaints/track/45209799/
[WARNING] 2026-07-31 19:56:26,152 basehttp 559372 123975122265792 "GET /api/v1/complaints/track/45209799/ HTTP/1.1" 404 19126
[WARNING] 2026-07-31 19:56:26,946 log 559372 123975122265792 Not Found: /api/v1/complaints/track/45209799/
[WARNING] 2026-07-31 19:56:26,946 basehttp 559372 123975122265792 "GET /api/v1/complaints/track/45209799/ HTTP/1.1" 404 19126
[WARNING] 2026-07-31 20:00:22,115 log 559372 123975122265792 Not Found: /api/v1/complaints/track/45209799/
[WARNING] 2026-07-31 20:00:22,115 basehttp 559372 123975122265792 "GET /api/v1/complaints/track/45209799/ HTTP/1.1" 404 19126
[WARNING] 2026-07-31 20:00:23,669 log 559372 123975122265792 Not Found: /api/v1/complaints/track/45209799/
[WARNING] 2026-07-31 20:00:23,670 basehttp 559372 123975122265792 "GET /api/v1/complaints/track/45209799/ HTTP/1.1" 404 19126
[INFO] 2026-07-31 20:02:28,544 basehttp 559372 123975145342656 "GET /admin/ HTTP/1.1" 200 41905
[INFO] 2026-07-31 20:02:35,906 basehttp 559372 123975145342656 "GET /admin/complaints/complaint/ HTTP/1.1" 200 43961
[INFO] 2026-07-31 20:02:36,064 basehttp 559372 123975145342656 "GET /admin/jsi18n/ HTTP/1.1" 200 3343
[INFO] 2026-07-31 20:02:40,711 basehttp 559372 123975145342656 "GET /admin/complaints/complaint/2/change/ HTTP/1.1" 200 74137
[INFO] 2026-07-31 20:02:40,730 basehttp 559372 123975389619904 "GET /static/admin/css/forms.css HTTP/1.1" 304 0
[INFO] 2026-07-31 20:02:40,747 basehttp 559372 123975389619904 "GET /static/admin/js/prepopulate_init.js HTTP/1.1" 304 0
[INFO] 2026-07-31 20:02:40,755 basehttp 559372 123975136949952 "GET /static/admin/css/widgets.css HTTP/1.1" 304 0
[INFO] 2026-07-31 20:02:40,792 basehttp 559372 123975389619904 "GET /static/admin/img/icon-unknown.svg HTTP/1.1" 304 0
[INFO] 2026-07-31 20:02:40,848 basehttp 559372 123975389619904 "GET /static/admin/js/change_form.js HTTP/1.1" 304 0
[INFO] 2026-07-31 20:02:40,871 basehttp 559372 123975145342656 "GET /admin/jsi18n/ HTTP/1.1" 200 3343
[INFO] 2026-07-31 20:02:41,027 basehttp 559372 123975145342656 "GET /static/admin/img/icon-clock.svg HTTP/1.1" 200 677
[INFO] 2026-07-31 20:02:47,632 basehttp 559372 123975122265792 "OPTIONS /api/v1/complaints/track/14507164/ HTTP/1.1" 200 0
[WARNING] 2026-07-31 20:02:47,724 log 559372 123975122265792 Not Found: /api/v1/complaints/track/14507164/
[WARNING] 2026-07-31 20:02:47,725 basehttp 559372 123975122265792 "GET /api/v1/complaints/track/14507164/ HTTP/1.1" 404 19126
[WARNING] 2026-07-31 20:03:42,415 log 559372 123975170520768 Not Found: /api/v1/complaints/track/14507164/
[WARNING] 2026-07-31 20:03:42,415 basehttp 559372 123975170520768 "GET /api/v1/complaints/track/14507164/ HTTP/1.1" 404 19773
[INFO] 2026-07-31 20:05:15,484 autoreload 559372 123976138895488 /home/nimamakhmali/Documents/Rayan Pajouhan/724/Nazer-Bazaar/backend/apps/complaints/urls/api_urls.py changed, reloading.
[INFO] 2026-07-31 20:05:16,568 autoreload 564226 136338194481280 Watching for file changes with StatReloader
[INFO] 2026-07-31 20:05:55,724 autoreload 565309 137640430162048 Watching for file changes with StatReloader
[WARNING] 2026-07-31 20:05:58,196 log 565309 137639703344832 Not Found: /
[WARNING] 2026-07-31 20:05:58,197 basehttp 565309 137639703344832 "GET / HTTP/1.1" 404 16956
[INFO] 2026-07-31 20:06:02,409 basehttp 565309 137639703344832 "GET /admin/ HTTP/1.1" 200 41905
[WARNING] 2026-07-31 20:08:00,154 log 565309 137639703344832 Not Found: /
[WARNING] 2026-07-31 20:08:00,155 basehttp 565309 137639703344832 "GET / HTTP/1.1" 404 16957
[INFO] 2026-07-31 20:08:05,399 basehttp 565309 137639703344832 "GET /admin/ HTTP/1.1" 200 41905
[INFO] 2026-07-31 20:08:10,670 basehttp 565309 137639703344832 "GET /admin/complaints/complaint/ HTTP/1.1" 200 43961
[INFO] 2026-07-31 20:08:10,822 basehttp 565309 137639703344832 "GET /admin/jsi18n/ HTTP/1.1" 200 3343
[INFO] 2026-07-31 20:08:13,176 basehttp 565309 137639703344832 "GET /admin/complaints/complaint/4/change/ HTTP/1.1" 200 73726
[INFO] 2026-07-31 20:08:13,328 basehttp 565309 137639703344832 "GET /admin/jsi18n/ HTTP/1.1" 200 3343
[INFO] 2026-07-31 20:16:01,785 basehttp 565309 137639703344832 "GET /api/v1/complaints/track/39356431/ HTTP/1.1" 200 1004
[INFO] 2026-07-31 20:16:04,633 basehttp 565309 137639703344832 "GET /api/v1/complaints/track/39356431/ HTTP/1.1" 200 1004
[INFO] 2026-07-31 20:16:15,289 basehttp 565309 137639703344832 "GET /api/v1/complaints/track/39356431/ HTTP/1.1" 200 1004
[INFO] 2026-07-31 20:17:15,289 basehttp 565309 137639703344832 "GET /api/v1/auth/me/ HTTP/1.1" 200 402
[INFO] 2026-07-31 20:17:15,456 basehttp 565309 137639703344832 "GET /api/v1/auth/me/ HTTP/1.1" 200 402
[INFO] 2026-07-31 20:17:15,775 basehttp 565309 137639608972992 "GET /api/v1/complaints/my/?page_size=5 HTTP/1.1" 200 2109
[INFO] 2026-07-31 20:17:16,108 basehttp 565309 137639703344832 "GET /api/v1/stores/?page_size=1 HTTP/1.1" 200 466
[INFO] 2026-07-31 20:17:16,311 basehttp 565309 137639608972992 "GET /api/v1/complaints/my/?page_size=5 HTTP/1.1" 200 2109
[INFO] 2026-07-31 20:17:16,425 basehttp 565309 137639703344832 "GET /api/v1/stores/?page_size=1 HTTP/1.1" 200 466
[INFO] 2026-07-31 20:17:18,060 basehttp 565309 137639703344832 "GET /api/v1/products/?page_size=20 HTTP/1.1" 200 2813
[INFO] 2026-07-31 20:17:18,236 basehttp 565309 137639703344832 "GET /api/v1/products/?page_size=20 HTTP/1.1" 200 2813
[INFO] 2026-07-31 20:17:18,453 basehttp 565309 137639703344832 "GET /api/v1/products/?page_size=20 HTTP/1.1" 200 2813
[INFO] 2026-07-31 20:17:21,117 basehttp 565309 137639608972992 "GET /api/v1/complaints/my/?page_size=5 HTTP/1.1" 200 2109
[INFO] 2026-07-31 20:17:21,275 basehttp 565309 137639703344832 "GET /api/v1/stores/?page_size=1 HTTP/1.1" 200 466
[INFO] 2026-07-31 20:17:21,495 basehttp 565309 137639608972992 "GET /api/v1/complaints/my/?page_size=5 HTTP/1.1" 200 2109
[INFO] 2026-07-31 20:17:21,584 basehttp 565309 137639703344832 "GET /api/v1/stores/?page_size=1 HTTP/1.1" 200 466
[INFO] 2026-07-31 20:17:23,049 basehttp 565309 137639703344832 "GET /api/v1/complaints/my/?page=1&page_size=10 HTTP/1.1" 200 2109
[INFO] 2026-07-31 20:17:23,199 basehttp 565309 137639703344832 "GET /api/v1/complaints/my/?page=1&page_size=10 HTTP/1.1" 200 2109
[WARNING] 2026-07-31 20:19:22,544 log 565309 137639600580288 Not Found: /
[WARNING] 2026-07-31 20:19:22,545 basehttp 565309 137639600580288 "GET / HTTP/1.1" 404 16957
[INFO] 2026-07-31 20:19:23,925 basehttp 565309 137639703344832 "GET /api/v1/auth/me/ HTTP/1.1" 200 402
[INFO] 2026-07-31 20:19:24,039 basehttp 565309 137639703344832 "GET /api/v1/auth/me/ HTTP/1.1" 200 402
[INFO] 2026-07-31 20:19:24,329 basehttp 565309 137639703344832 "GET /api/v1/complaints/my/?page=1&page_size=10 HTTP/1.1" 200 2109
[INFO] 2026-07-31 20:19:24,489 basehttp 565309 137639703344832 "GET /api/v1/complaints/my/?page=1&page_size=10 HTTP/1.1" 200 2109
[INFO] 2026-07-31 20:19:26,810 basehttp 565309 137639600580288 "GET /admin/ HTTP/1.1" 200 41905
[INFO] 2026-07-31 20:19:33,350 basehttp 565309 137639600580288 "GET /admin/organizations/union/ HTTP/1.1" 200 43968
[INFO] 2026-07-31 20:19:33,568 basehttp 565309 137639600580288 "GET /admin/jsi18n/ HTTP/1.1" 200 3343
[INFO] 2026-07-31 20:19:35,842 basehttp 565309 137639600580288 "GET /admin/organizations/union/2/change/ HTTP/1.1" 200 48137
[INFO] 2026-07-31 20:19:35,875 basehttp 565309 137639592187584 "GET /static/admin/js/collapse.js HTTP/1.1" 304 0
[INFO] 2026-07-31 20:19:36,033 basehttp 565309 137639600580288 "GET /admin/jsi18n/ HTTP/1.1" 200 3343
[INFO] 2026-07-31 20:19:37,636 basehttp 565309 137639600580288 "GET /admin/autocomplete/?app_label=organizations&model_name=union&field_name=manager HTTP/1.1" 200 46
[INFO] 2026-07-31 20:19:37,878 basehttp 565309 137639600580288 "GET /__debug__/history_sidebar/?store_id=c84f32e8704c457482eaa6df755237dd HTTP/1.1" 200 10300
[INFO] 2026-07-31 20:19:41,758 basehttp 565309 137639592187584 "GET /admin/accounts/user/add/?_to_field=id&_popup=1 HTTP/1.1" 200 23052
[INFO] 2026-07-31 20:19:42,034 basehttp 565309 137639592187584 "GET /admin/jsi18n/ HTTP/1.1" 200 3343
[INFO] 2026-08-01 15:41:40,904 autoreload 51534 136800462925952 Watching for file changes with StatReloader
[WARNING] 2026-08-01 15:43:00,808 log 51534 136799737345728 Not Found: /
[WARNING] 2026-08-01 15:43:00,809 basehttp 51534 136799737345728 "GET / HTTP/1.1" 404 16957
[INFO] 2026-08-01 15:43:00,882 basehttp 51534 136799725807296 "GET /static/debug_toolbar/js/toolbar.js HTTP/1.1" 200 14601
[INFO] 2026-08-01 15:43:00,882 basehttp 51534 136799737345728 "GET /static/debug_toolbar/css/toolbar.css HTTP/1.1" 200 16675
[INFO] 2026-08-01 15:43:00,899 basehttp 51534 136799725807296 "GET /static/debug_toolbar/css/print.css HTTP/1.1" 200 43
[INFO] 2026-08-01 15:43:00,923 basehttp 51534 136799737345728 "GET /static/debug_toolbar/js/utils.js HTTP/1.1" 200 4742
[INFO] 2026-08-01 15:43:05,932 basehttp 51534 136799737345728 "GET /admin/ HTTP/1.1" 200 41905
[INFO] 2026-08-01 15:43:05,951 basehttp 51534 136799737345728 "GET /static/admin/css/base.css HTTP/1.1" 304 0
[INFO] 2026-08-01 15:43:05,956 basehttp 51534 136799725807296 "GET /static/admin/css/dark_mode.css HTTP/1.1" 304 0
[INFO] 2026-08-01 15:43:05,957 basehttp 51534 136799713220288 "GET /static/admin/css/dashboard.css HTTP/1.1" 304 0
[INFO] 2026-08-01 15:43:05,958 basehttp 51534 136799704827584 "GET /static/admin/css/nav_sidebar.css HTTP/1.1" 304 0
[INFO] 2026-08-01 15:43:05,958 basehttp 51534 136799696434880 "GET /static/admin/css/responsive.css HTTP/1.1" 304 0
[INFO] 2026-08-01 15:43:05,968 basehttp 51534 136799704827584 "GET /static/admin/js/theme.js HTTP/1.1" 304 0
[INFO] 2026-08-01 15:43:05,968 basehttp 51534 136799696434880 "GET /static/admin/js/nav_sidebar.js HTTP/1.1" 304 0
[INFO] 2026-08-01 15:43:06,042 basehttp 51534 136799704827584 "GET /static/admin/img/icon-changelink.svg HTTP/1.1" 304 0
[INFO] 2026-08-01 15:43:06,043 basehttp 51534 136799696434880 "GET /static/admin/img/icon-addlink.svg HTTP/1.1" 304 0
[INFO] 2026-08-01 15:43:06,045 basehttp 51534 136799737345728 "GET /static/admin/img/icon-viewlink.svg HTTP/1.1" 304 0
[INFO] 2026-08-01 15:43:18,324 basehttp 51534 136799696434880 "GET /admin/organizations/union/ HTTP/1.1" 200 43971
[INFO] 2026-08-01 15:43:18,362 basehttp 51534 136799704827584 "GET /static/admin/css/changelists.css HTTP/1.1" 200 6566
[INFO] 2026-08-01 15:43:18,366 basehttp 51534 136799737345728 "GET /static/admin/css/forms.css HTTP/1.1" 304 0
[INFO] 2026-08-01 15:43:18,370 basehttp 51534 136799725807296 "GET /static/admin/js/jquery.init.js HTTP/1.1" 200 347
[INFO] 2026-08-01 15:43:18,375 basehttp 51534 136799684896448 "GET /static/admin/js/core.js HTTP/1.1" 200 5682
[INFO] 2026-08-01 15:43:18,395 basehttp 51534 136799684896448 "GET /static/admin/js/prepopulate.js HTTP/1.1" 200 1531
[INFO] 2026-08-01 15:43:18,400 basehttp 51534 136799737345728 "GET /static/admin/js/actions.js HTTP/1.1" 200 7872
[INFO] 2026-08-01 15:43:18,405 basehttp 51534 136799704827584 "GET /static/admin/js/admin/RelatedObjectLookups.js HTTP/1.1" 200 8943
[INFO] 2026-08-01 15:43:18,406 basehttp 51534 136799725807296 "GET /static/admin/js/urlify.js HTTP/1.1" 200 7887
[INFO] 2026-08-01 15:43:18,420 basehttp 51534 136799713220288 "GET /static/admin/js/vendor/jquery/jquery.js HTTP/1.1" 200 292458
[INFO] 2026-08-01 15:43:18,430 basehttp 51534 136799713220288 "GET /static/admin/css/widgets.css HTTP/1.1" 304 0
[INFO] 2026-08-01 15:43:18,448 basehttp 51534 136799737345728 "GET /static/admin/js/vendor/xregexp/xregexp.js HTTP/1.1" 200 232381
[INFO] 2026-08-01 15:43:18,485 basehttp 51534 136799737345728 "GET /static/admin/img/search.svg HTTP/1.1" 200 458
[INFO] 2026-08-01 15:43:18,528 basehttp 51534 136799737345728 "GET /static/admin/js/filters.js HTTP/1.1" 200 978
[INFO] 2026-08-01 15:43:18,664 basehttp 51534 136799696434880 "GET /admin/jsi18n/ HTTP/1.1" 200 3343
[INFO] 2026-08-01 15:43:18,785 basehttp 51534 136799696434880 "GET /static/admin/img/tooltag-add.svg HTTP/1.1" 200 331
[INFO] 2026-08-01 15:43:18,787 basehttp 51534 136799737345728 "GET /static/admin/img/sorting-icons.svg HTTP/1.1" 304 0
[INFO] 2026-08-01 15:44:07,586 basehttp 51534 136799338886848 "GET /api/v1/geography/provinces/ HTTP/1.1" 200 152
[INFO] 2026-08-01 15:44:07,823 basehttp 51534 136799330494144 "GET /api/v1/pricing/official-prices/?page=1&is_today=true HTTP/1.1" 200 944
[INFO] 2026-08-01 15:44:08,004 basehttp 51534 136799338886848 "GET /api/v1/geography/provinces/ HTTP/1.1" 200 152
[INFO] 2026-08-01 15:44:08,145 basehttp 51534 136799330494144 "GET /api/v1/pricing/official-prices/?page=1&is_today=true HTTP/1.1" 200 944
[INFO] 2026-08-01 15:48:11,544 basehttp 51534 136799330494144 "OPTIONS /api/v1/auth/login/ HTTP/1.1" 200 0
[INFO] 2026-08-01 15:48:11,868 base_service 51534 136799330494144 User logged in with password: 09056419609
[INFO] 2026-08-01 15:48:12,004 basehttp 51534 136799330494144 "POST /api/v1/auth/login/ HTTP/1.1" 200 1120
[INFO] 2026-08-01 15:48:12,831 basehttp 51534 136799330494144 "OPTIONS /api/v1/auth/me/ HTTP/1.1" 200 0
[INFO] 2026-08-01 15:48:12,832 basehttp 51534 136799338886848 "OPTIONS /api/v1/auth/me/ HTTP/1.1" 200 0
[INFO] 2026-08-01 15:48:13,008 basehttp 51534 136799330494144 "GET /api/v1/auth/me/ HTTP/1.1" 200 400
[INFO] 2026-08-01 15:48:13,233 basehttp 51534 136799330494144 "GET /api/v1/auth/me/ HTTP/1.1" 200 400
[INFO] 2026-08-01 15:48:13,462 basehttp 51534 136799338886848 "OPTIONS /api/v1/auth/users/?page=1&page_size=10 HTTP/1.1" 200 0
[INFO] 2026-08-01 15:48:13,462 basehttp 51534 136799330494144 "OPTIONS /api/v1/auth/users/?page=1&page_size=10 HTTP/1.1" 200 0
[INFO] 2026-08-01 15:48:13,694 basehttp 51534 136799330494144 "GET /api/v1/auth/users/?page=1&page_size=10 HTTP/1.1" 200 2272
[INFO] 2026-08-01 15:48:13,922 basehttp 51534 136799330494144 "GET /api/v1/auth/users/?page=1&page_size=10 HTTP/1.1" 200 2272
[INFO] 2026-08-01 15:48:17,965 basehttp 51534 136799338886848 "OPTIONS /api/v1/organizations/unions/?page=1&page_size=9 HTTP/1.1" 200 0
[INFO] 2026-08-01 15:48:17,966 basehttp 51534 136799311611584 "OPTIONS /api/v1/organizations/unions/?page=1&page_size=9 HTTP/1.1" 200 0
[INFO] 2026-08-01 15:48:17,967 basehttp 51534 136799330494144 "OPTIONS /api/v1/organizations/chambers/?page_size=500 HTTP/1.1" 200 0
[INFO] 2026-08-01 15:48:17,967 basehttp 51534 136799320004288 "OPTIONS /api/v1/organizations/chambers/?page_size=500 HTTP/1.1" 200 0
[INFO] 2026-08-01 15:48:18,569 basehttp 51534 136799311611584 "GET /api/v1/organizations/unions/?page=1&page_size=9 HTTP/1.1" 200 1548
[INFO] 2026-08-01 15:48:19,156 basehttp 51534 136799320004288 "GET /api/v1/organizations/chambers/?page_size=500 HTTP/1.1" 200 1927
[INFO] 2026-08-01 15:48:20,056 basehttp 51534 136799311611584 "GET /api/v1/organizations/unions/?page=1&page_size=9 HTTP/1.1" 200 1548
[INFO] 2026-08-01 15:48:20,419 basehttp 51534 136799320004288 "GET /api/v1/organizations/chambers/?page_size=500 HTTP/1.1" 200 1927
[INFO] 2026-08-01 15:48:31,088 basehttp 51534 136799320004288 "OPTIONS /api/v1/organizations/unions/2/assign-manager/ HTTP/1.1" 200 0
[WARNING] 2026-08-01 15:48:31,322 log 51534 136799320004288 Not Found: /api/v1/organizations/unions/2/assign-manager/
[WARNING] 2026-08-01 15:48:31,323 basehttp 51534 136799320004288 "POST /api/v1/organizations/unions/2/assign-manager/ HTTP/1.1" 404 101
[INFO] 2026-08-01 15:50:53,553 basehttp 51534 136799320004288 "GET /api/v1/auth/users/?page=1&page_size=10 HTTP/1.1" 200 2272
[INFO] 2026-08-01 15:50:53,770 basehttp 51534 136799320004288 "GET /api/v1/auth/users/?page=1&page_size=10 HTTP/1.1" 200 2272
[INFO] 2026-08-01 15:50:53,823 basehttp 51534 136799311611584 "GET /api/v1/auth/me/ HTTP/1.1" 200 400
[INFO] 2026-08-01 15:50:53,934 basehttp 51534 136799311611584 "GET /api/v1/auth/me/ HTTP/1.1" 200 400
[INFO] 2026-08-01 15:50:54,083 basehttp 51534 136799311611584 "OPTIONS /api/v1/geography/cities/?page_size=500 HTTP/1.1" 200 0
[INFO] 2026-08-01 15:50:54,084 basehttp 51534 136799320004288 "OPTIONS /api/v1/organizations/chambers/?page=1&page_size=9 HTTP/1.1" 200 0
[INFO] 2026-08-01 15:50:54,084 basehttp 51534 136799330494144 "OPTIONS /api/v1/geography/cities/?page_size=500 HTTP/1.1" 200 0
[INFO] 2026-08-01 15:50:54,084 basehttp 51534 136799338886848 "OPTIONS /api/v1/organizations/chambers/?page=1&page_size=9 HTTP/1.1" 200 0
[INFO] 2026-08-01 15:50:54,547 basehttp 51534 136799330494144 "GET /api/v1/geography/cities/?page_size=500 HTTP/1.1" 200 624
[INFO] 2026-08-01 15:50:55,058 basehttp 51534 136799320004288 "GET /api/v1/organizations/chambers/?page=1&page_size=9 HTTP/1.1" 200 1927
[INFO] 2026-08-01 15:50:55,158 basehttp 51534 136799330494144 "GET /api/v1/geography/cities/?page_size=500 HTTP/1.1" 200 624
[INFO] 2026-08-01 15:50:55,590 basehttp 51534 136799320004288 "GET /api/v1/organizations/chambers/?page=1&page_size=9 HTTP/1.1" 200 1927
[INFO] 2026-08-01 15:51:11,541 basehttp 51534 136799330494144 "GET /api/v1/organizations/unions/?page=1&page_size=9 HTTP/1.1" 200 1548
[INFO] 2026-08-01 15:51:12,246 basehttp 51534 136799320004288 "GET /api/v1/organizations/chambers/?page_size=500 HTTP/1.1" 200 1927
[INFO] 2026-08-01 15:51:12,849 basehttp 51534 136799330494144 "GET /api/v1/organizations/unions/?page=1&page_size=9 HTTP/1.1" 200 1548
[INFO] 2026-08-01 15:51:13,204 basehttp 51534 136799338886848 "GET /api/v1/organizations/chambers/?page_size=500 HTTP/1.1" 200 1927
[INFO] 2026-08-01 18:14:33,853 autoreload 51534 136800462925952 /home/nimamakhmali/Documents/Rayan Pajouhan/724/Nazer-Bazaar/backend/apps/accounts/views/user_views.py changed, reloading.
[INFO] 2026-08-01 18:14:34,822 autoreload 206639 125830696403072 Watching for file changes with StatReloader
[INFO] 2026-08-01 18:14:37,427 autoreload 206639 125830696403072 /home/nimamakhmali/Documents/Rayan Pajouhan/724/Nazer-Bazaar/backend/apps/accounts/views/user_views.py changed, reloading.
[INFO] 2026-08-01 18:14:38,146 autoreload 206803 138087470121088 Watching for file changes with StatReloader
[INFO] 2026-08-01 18:14:57,639 autoreload 206803 138087470121088 /home/nimamakhmali/Documents/Rayan Pajouhan/724/Nazer-Bazaar/backend/apps/accounts/serializers/user_serializers.py changed, reloading.
[INFO] 2026-08-01 18:14:58,301 autoreload 207482 123192534413440 Watching for file changes with StatReloader
[INFO] 2026-08-01 18:15:09,683 autoreload 207482 123192534413440 /home/nimamakhmali/Documents/Rayan Pajouhan/724/Nazer-Bazaar/backend/apps/accounts/serializers/user_serializers.py changed, reloading.
[INFO] 2026-08-01 18:15:10,331 autoreload 207918 136515192340608 Watching for file changes with StatReloader
[INFO] 2026-08-01 18:26:21,205 autoreload 229900 123478629634176 Watching for file changes with StatReloader
[INFO] 2026-08-01 18:26:43,083 autoreload 231134 137738503917696 Watching for file changes with StatReloader
[INFO] 2026-08-01 18:28:48,779 autoreload 231134 137738503917696 /home/nimamakhmali/Documents/Rayan Pajouhan/724/Nazer-Bazaar/backend/apps/accounts/views/user_views.py changed, reloading.
[INFO] 2026-08-01 18:28:49,653 autoreload 235958 138193870196864 Watching for file changes with StatReloader
[INFO] 2026-08-01 18:29:04,253 autoreload 235958 138193870196864 /home/nimamakhmali/Documents/Rayan Pajouhan/724/Nazer-Bazaar/backend/apps/accounts/serializers/__init__.py changed, reloading.
[INFO] 2026-08-01 18:29:05,080 autoreload 236543 124721323094144 Watching for file changes with StatReloader
[INFO] 2026-08-01 18:31:24,138 autoreload 236543 124721323094144 /home/nimamakhmali/Documents/Rayan Pajouhan/724/Nazer-Bazaar/backend/apps/accounts/views/__init__.py changed, reloading.
[INFO] 2026-08-01 18:31:25,005 autoreload 241272 131986338508928 Watching for file changes with StatReloader
[INFO] 2026-08-01 18:31:51,539 autoreload 242483 130950986383488 Watching for file changes with StatReloader
[INFO] 2026-08-01 18:32:34,839 autoreload 243956 123963190595712 Watching for file changes with StatReloader
[WARNING] 2026-08-01 18:32:39,406 log 243956 123962464925376 Not Found: /
[WARNING] 2026-08-01 18:32:39,407 basehttp 243956 123962464925376 "GET / HTTP/1.1" 404 16956
[INFO] 2026-08-01 18:32:43,215 basehttp 243956 123962464925376 "GET /admin/ HTTP/1.1" 200 41905
[INFO] 2026-08-01 18:32:52,839 basehttp 243956 123962464925376 "GET /admin/organizations/union/ HTTP/1.1" 200 43968
[INFO] 2026-08-01 18:32:52,979 basehttp 243956 123962464925376 "GET /admin/jsi18n/ HTTP/1.1" 200 3343
[INFO] 2026-08-01 18:32:56,939 basehttp 243956 123962464925376 "GET /admin/organizations/union/2/change/ HTTP/1.1" 200 48137
[INFO] 2026-08-01 18:32:56,963 basehttp 243956 123962444998336 "GET /static/admin/css/vendor/select2/select2.css HTTP/1.1" 304 0
[INFO] 2026-08-01 18:32:56,963 basehttp 243956 123962436605632 "GET /static/admin/css/autocomplete.css HTTP/1.1" 304 0
[INFO] 2026-08-01 18:32:56,963 basehttp 243956 123962218510016 "GET /static/admin/js/collapse.js HTTP/1.1" 304 0
[INFO] 2026-08-01 18:32:56,969 basehttp 243956 123962201724608 "GET /static/admin/js/vendor/select2/i18n/en.js HTTP/1.1" 304 0
[INFO] 2026-08-01 18:32:56,969 basehttp 243956 123962210117312 "GET /static/admin/js/vendor/select2/select2.full.js HTTP/1.1" 304 0
[INFO] 2026-08-01 18:32:56,978 basehttp 243956 123962201724608 "GET /static/admin/img/icon-deletelink.svg HTTP/1.1" 304 0
[INFO] 2026-08-01 18:32:56,978 basehttp 243956 123962218510016 "GET /static/admin/js/autocomplete.js HTTP/1.1" 304 0
[INFO] 2026-08-01 18:32:56,979 basehttp 243956 123962210117312 "GET /static/admin/js/prepopulate_init.js HTTP/1.1" 304 0
[INFO] 2026-08-01 18:32:57,024 basehttp 243956 123962210117312 "GET /static/admin/js/change_form.js HTTP/1.1" 304 0
[INFO] 2026-08-01 18:32:57,090 basehttp 243956 123962464925376 "GET /admin/jsi18n/ HTTP/1.1" 200 3343
[INFO] 2026-08-01 18:32:58,652 basehttp 243956 123962464925376 "GET /admin/autocomplete/?app_label=organizations&model_name=union&field_name=manager HTTP/1.1" 200 46
[INFO] 2026-08-01 18:32:58,884 basehttp 243956 123962464925376 "GET /__debug__/history_sidebar/?store_id=452b32eea9534c0daa10f964d2e792b0 HTTP/1.1" 200 10300
[INFO] 2026-08-01 18:33:03,172 basehttp 243956 123962464925376 "GET /admin/organizations/union/ HTTP/1.1" 200 43968
[INFO] 2026-08-01 18:33:12,936 basehttp 243956 123962210117312 "GET /admin/ HTTP/1.1" 200 41905
[INFO] 2026-08-01 18:33:15,797 basehttp 243956 123962210117312 "GET /admin/accounts/user/ HTTP/1.1" 200 42514
[INFO] 2026-08-01 18:33:15,812 basehttp 243956 123962201724608 "GET /static/admin/img/icon-yes.svg HTTP/1.1" 304 0
[INFO] 2026-08-01 18:33:15,820 basehttp 243956 123962201724608 "GET /static/admin/img/icon-no.svg HTTP/1.1" 304 0
[INFO] 2026-08-01 18:33:15,933 basehttp 243956 123962210117312 "GET /admin/jsi18n/ HTTP/1.1" 200 3343
[INFO] 2026-08-01 18:33:22,183 basehttp 243956 123962210117312 "GET /admin/accounts/user/3/change/ HTTP/1.1" 200 66327
[INFO] 2026-08-01 18:33:22,202 basehttp 243956 123962201724608 "GET /static/admin/js/SelectBox.js HTTP/1.1" 304 0
[INFO] 2026-08-01 18:33:22,203 basehttp 243956 123962218510016 "GET /static/admin/js/SelectFilter2.js HTTP/1.1" 304 0
[INFO] 2026-08-01 18:33:22,327 basehttp 243956 123962210117312 "GET /admin/jsi18n/ HTTP/1.1" 200 3343
[INFO] 2026-08-01 18:33:22,406 basehttp 243956 123962210117312 "GET /static/admin/img/selector-icons.svg HTTP/1.1" 304 0
[INFO] 2026-08-01 18:33:23,975 basehttp 243956 123962210117312 "GET /admin/accounts/user/ HTTP/1.1" 200 42514
[INFO] 2026-08-01 18:33:26,873 basehttp 243956 123962210117312 "GET /admin/accounts/user/7/change/ HTTP/1.1" 200 66431
[INFO] 2026-08-01 18:33:27,007 basehttp 243956 123962210117312 "GET /admin/jsi18n/ HTTP/1.1" 200 3343
[INFO] 2026-08-01 18:33:36,506 basehttp 243956 123962210117312 "POST /admin/accounts/user/7/change/ HTTP/1.1" 302 0
[INFO] 2026-08-01 18:33:36,800 basehttp 243956 123962210117312 "GET /admin/accounts/user/ HTTP/1.1" 200 42739
[INFO] 2026-08-01 18:33:36,972 basehttp 243956 123962210117312 "GET /admin/jsi18n/ HTTP/1.1" 200 3343
[INFO] 2026-08-01 18:33:39,144 basehttp 243956 123962210117312 "GET /admin/accounts/user/7/change/ HTTP/1.1" 200 66430
[INFO] 2026-08-01 18:33:41,033 basehttp 243956 123962210117312 "GET /admin/accounts/user/ HTTP/1.1" 200 42514
[INFO] 2026-08-01 18:33:44,391 basehttp 243956 123962210117312 "GET /admin/ HTTP/1.1" 200 41905
[INFO] 2026-08-01 18:33:49,736 basehttp 243956 123962210117312 "GET /admin/organizations/union/ HTTP/1.1" 200 43968
[INFO] 2026-08-01 18:33:49,868 basehttp 243956 123962210117312 "GET /admin/jsi18n/ HTTP/1.1" 200 3343
[INFO] 2026-08-01 18:33:52,962 basehttp 243956 123962210117312 "GET /admin/organizations/union/2/change/ HTTP/1.1" 200 48137
[INFO] 2026-08-01 18:33:53,097 basehttp 243956 123962210117312 "GET /admin/jsi18n/ HTTP/1.1" 200 3343
[INFO] 2026-08-01 18:33:54,691 basehttp 243956 123962210117312 "GET /admin/autocomplete/?app_label=organizations&model_name=union&field_name=manager HTTP/1.1" 200 96
[INFO] 2026-08-01 18:33:54,926 basehttp 243956 123962210117312 "GET /__debug__/history_sidebar/?store_id=d272fdb24ba84ec69f55b1764298f498 HTTP/1.1" 200 10300
[INFO] 2026-08-01 18:34:14,263 basehttp 243956 123962464925376 "GET /api/v1/geography/provinces/ HTTP/1.1" 200 152
[INFO] 2026-08-01 18:34:14,441 basehttp 243956 123962193331904 "GET /api/v1/pricing/official-prices/?page=1&is_today=true HTTP/1.1" 200 944
[INFO] 2026-08-01 18:34:14,577 basehttp 243956 123962464925376 "GET /api/v1/geography/provinces/ HTTP/1.1" 200 152
[INFO] 2026-08-01 18:34:14,702 basehttp 243956 123962193331904 "GET /api/v1/pricing/official-prices/?page=1&is_today=true HTTP/1.1" 200 944
[INFO] 2026-08-01 18:34:27,459 basehttp 243956 123962193331904 "OPTIONS /api/v1/auth/login/ HTTP/1.1" 200 0
[INFO] 2026-08-01 18:34:27,739 base_service 243956 123962193331904 User logged in with password: 09184423221
[INFO] 2026-08-01 18:34:27,867 basehttp 243956 123962193331904 "POST /api/v1/auth/login/ HTTP/1.1" 200 1147
[INFO] 2026-08-01 18:34:32,290 basehttp 243956 123962464925376 "OPTIONS /api/v1/auth/me/ HTTP/1.1" 200 0
[INFO] 2026-08-01 18:34:32,294 basehttp 243956 123962193331904 "OPTIONS /api/v1/auth/me/ HTTP/1.1" 200 0
[INFO] 2026-08-01 18:34:32,450 basehttp 243956 123962464925376 "GET /api/v1/auth/me/ HTTP/1.1" 200 406
[INFO] 2026-08-01 18:34:32,608 basehttp 243956 123962464925376 "GET /api/v1/auth/me/ HTTP/1.1" 200 406
[INFO] 2026-08-01 18:34:32,728 basehttp 243956 123962193331904 "OPTIONS /api/v1/pricing/overpriced/?page_size=5 HTTP/1.1" 200 0
[INFO] 2026-08-01 18:34:32,728 basehttp 243956 123962464925376 "OPTIONS /api/v1/stores/?page_size=1 HTTP/1.1" 200 0
[INFO] 2026-08-01 18:34:32,734 basehttp 243956 123962182842048 "OPTIONS /api/v1/complaints/my/?page_size=5 HTTP/1.1" 200 0
[INFO] 2026-08-01 18:34:32,739 basehttp 243956 123962174449344 "OPTIONS /api/v1/stores/?page_size=1 HTTP/1.1" 200 0
[INFO] 2026-08-01 18:34:32,744 basehttp 243956 123961681639104 "OPTIONS /api/v1/complaints/my/?page_size=5 HTTP/1.1" 200 0
[INFO] 2026-08-01 18:34:32,745 basehttp 243956 123962166056640 "OPTIONS /api/v1/pricing/overpriced/?page_size=5 HTTP/1.1" 200 0
[INFO] 2026-08-01 18:34:33,133 basehttp 243956 123962464925376 "GET /api/v1/pricing/overpriced/?page_size=5 HTTP/1.1" 200 26
[INFO] 2026-08-01 18:34:33,323 basehttp 243956 123962193331904 "GET /api/v1/stores/?page_size=1 HTTP/1.1" 200 466
[INFO] 2026-08-01 18:34:33,376 basehttp 243956 123962182842048 "GET /api/v1/complaints/my/?page_size=5 HTTP/1.1" 200 2
[INFO] 2026-08-01 18:34:33,685 basehttp 243956 123962182842048 "GET /api/v1/complaints/my/?page_size=5 HTTP/1.1" 200 2
[INFO] 2026-08-01 18:34:33,756 basehttp 243956 123962464925376 "GET /api/v1/pricing/overpriced/?page_size=5 HTTP/1.1" 200 26
[INFO] 2026-08-01 18:34:33,822 basehttp 243956 123962193331904 "GET /api/v1/stores/?page_size=1 HTTP/1.1" 200 466
[INFO] 2026-08-01 18:34:49,173 basehttp 243956 123962193331904 "OPTIONS /api/v1/stores/?page=1&page_size=12 HTTP/1.1" 200 0
[INFO] 2026-08-01 18:34:49,180 basehttp 243956 123962464925376 "OPTIONS /api/v1/stores/?page=1&page_size=12 HTTP/1.1" 200 0
[INFO] 2026-08-01 18:34:49,354 basehttp 243956 123962193331904 "GET /api/v1/stores/?page=1&page_size=12 HTTP/1.1" 200 466
[INFO] 2026-08-01 18:34:49,536 basehttp 243956 123962193331904 "GET /api/v1/stores/?page=1&page_size=12 HTTP/1.1" 200 466
[INFO] 2026-08-01 18:34:53,033 basehttp 243956 123962193331904 "GET /api/v1/auth/me/ HTTP/1.1" 200 406
[INFO] 2026-08-01 18:34:53,159 basehttp 243956 123962193331904 "GET /api/v1/auth/me/ HTTP/1.1" 200 406
[INFO] 2026-08-01 18:34:56,231 basehttp 243956 123962464925376 "OPTIONS /api/v1/pricing/official-prices/?page=1&page_size=15 HTTP/1.1" 200 0
[INFO] 2026-08-01 18:34:56,233 basehttp 243956 123962193331904 "OPTIONS /api/v1/pricing/official-prices/?page=1&page_size=15 HTTP/1.1" 200 0
[INFO] 2026-08-01 18:34:56,459 basehttp 243956 123962193331904 "GET /api/v1/pricing/official-prices/?page=1&page_size=15 HTTP/1.1" 200 944
[INFO] 2026-08-01 18:34:56,653 basehttp 243956 123962193331904 "GET /api/v1/pricing/official-prices/?page=1&page_size=15 HTTP/1.1" 200 944
[INFO] 2026-08-01 18:35:01,047 basehttp 243956 123962193331904 "OPTIONS /api/v1/pricing/history/?page=1&page_size=20 HTTP/1.1" 200 0
[INFO] 2026-08-01 18:35:01,049 basehttp 243956 123962464925376 "OPTIONS /api/v1/pricing/history/?page=1&page_size=20 HTTP/1.1" 200 0
[WARNING] 2026-08-01 18:35:01,167 log 243956 123962464925376 Bad Request: /api/v1/pricing/history/
[WARNING] 2026-08-01 18:35:01,168 basehttp 243956 123962464925376 "GET /api/v1/pricing/history/?page=1&page_size=20 HTTP/1.1" 400 91
[WARNING] 2026-08-01 18:35:01,339 log 243956 123962464925376 Bad Request: /api/v1/pricing/history/
[WARNING] 2026-08-01 18:35:01,339 basehttp 243956 123962464925376 "GET /api/v1/pricing/history/?page=1&page_size=20 HTTP/1.1" 400 91
[INFO] 2026-08-01 18:35:03,403 basehttp 243956 123962464925376 "OPTIONS /api/v1/complaints/?page=1&page_size=15 HTTP/1.1" 200 0
[INFO] 2026-08-01 18:35:03,403 basehttp 243956 123962193331904 "OPTIONS /api/v1/complaints/?page=1&page_size=15 HTTP/1.1" 200 0
[ERROR] 2026-08-01 18:35:03,436 api_exceptions 243956 123962193331904 Unhandled exception occurred
Traceback (most recent call last):
  File "/home/nimamakhmali/Documents/Rayan Pajouhan/724/Nazer-Bazaar/backend/venv/lib/python3.12/site-packages/rest_framework/views.py", line 506, in dispatch
    response = handler(request, *args, **kwargs)
               ^^^^^^^^^^^^^^^^^^^^^^^^^^^^^^^^^
  File "/home/nimamakhmali/Documents/Rayan Pajouhan/724/Nazer-Bazaar/backend/apps/complaints/views/complaint_views.py", line 163, in get
    from apps.common.pagination import StandardResultsSetPagination
ImportError: cannot import name 'StandardResultsSetPagination' from 'apps.common.pagination' (/home/nimamakhmali/Documents/Rayan Pajouhan/724/Nazer-Bazaar/backend/apps/common/pagination/__init__.py)
[ERROR] 2026-08-01 18:35:03,560 log 243956 123962193331904 Internal Server Error: /api/v1/complaints/
[ERROR] 2026-08-01 18:35:03,561 basehttp 243956 123962193331904 "GET /api/v1/complaints/?page=1&page_size=15 HTTP/1.1" 500 111
[ERROR] 2026-08-01 18:35:03,651 api_exceptions 243956 123962193331904 Unhandled exception occurred
Traceback (most recent call last):
  File "/home/nimamakhmali/Documents/Rayan Pajouhan/724/Nazer-Bazaar/backend/venv/lib/python3.12/site-packages/rest_framework/views.py", line 506, in dispatch
    response = handler(request, *args, **kwargs)
               ^^^^^^^^^^^^^^^^^^^^^^^^^^^^^^^^^
  File "/home/nimamakhmali/Documents/Rayan Pajouhan/724/Nazer-Bazaar/backend/apps/complaints/views/complaint_views.py", line 163, in get
    from apps.common.pagination import StandardResultsSetPagination
ImportError: cannot import name 'StandardResultsSetPagination' from 'apps.common.pagination' (/home/nimamakhmali/Documents/Rayan Pajouhan/724/Nazer-Bazaar/backend/apps/common/pagination/__init__.py)
[ERROR] 2026-08-01 18:35:03,745 log 243956 123962193331904 Internal Server Error: /api/v1/complaints/
[ERROR] 2026-08-01 18:35:03,745 basehttp 243956 123962193331904 "GET /api/v1/complaints/?page=1&page_size=15 HTTP/1.1" 500 111
[INFO] 2026-08-01 18:35:07,777 basehttp 243956 123962193331904 "OPTIONS /api/v1/complaints/?page=1&page_size=15&status=submitted HTTP/1.1" 200 0
[ERROR] 2026-08-01 18:35:07,814 api_exceptions 243956 123962193331904 Unhandled exception occurred
Traceback (most recent call last):
  File "/home/nimamakhmali/Documents/Rayan Pajouhan/724/Nazer-Bazaar/backend/venv/lib/python3.12/site-packages/rest_framework/views.py", line 506, in dispatch
    response = handler(request, *args, **kwargs)
               ^^^^^^^^^^^^^^^^^^^^^^^^^^^^^^^^^
  File "/home/nimamakhmali/Documents/Rayan Pajouhan/724/Nazer-Bazaar/backend/apps/complaints/views/complaint_views.py", line 163, in get
    from apps.common.pagination import StandardResultsSetPagination
ImportError: cannot import name 'StandardResultsSetPagination' from 'apps.common.pagination' (/home/nimamakhmali/Documents/Rayan Pajouhan/724/Nazer-Bazaar/backend/apps/common/pagination/__init__.py)
[ERROR] 2026-08-01 18:35:07,911 log 243956 123962193331904 Internal Server Error: /api/v1/complaints/
[ERROR] 2026-08-01 18:35:07,911 basehttp 243956 123962193331904 "GET /api/v1/complaints/?page=1&page_size=15&status=submitted HTTP/1.1" 500 111
[ERROR] 2026-08-01 18:35:09,021 api_exceptions 243956 123962193331904 Unhandled exception occurred
Traceback (most recent call last):
  File "/home/nimamakhmali/Documents/Rayan Pajouhan/724/Nazer-Bazaar/backend/venv/lib/python3.12/site-packages/rest_framework/views.py", line 506, in dispatch
    response = handler(request, *args, **kwargs)
               ^^^^^^^^^^^^^^^^^^^^^^^^^^^^^^^^^
  File "/home/nimamakhmali/Documents/Rayan Pajouhan/724/Nazer-Bazaar/backend/apps/complaints/views/complaint_views.py", line 163, in get
    from apps.common.pagination import StandardResultsSetPagination
ImportError: cannot import name 'StandardResultsSetPagination' from 'apps.common.pagination' (/home/nimamakhmali/Documents/Rayan Pajouhan/724/Nazer-Bazaar/backend/apps/common/pagination/__init__.py)
[ERROR] 2026-08-01 18:35:09,103 log 243956 123962193331904 Internal Server Error: /api/v1/complaints/
[ERROR] 2026-08-01 18:35:09,103 basehttp 243956 123962193331904 "GET /api/v1/complaints/?page=1&page_size=15 HTTP/1.1" 500 111
[INFO] 2026-08-01 18:35:09,902 basehttp 243956 123962193331904 "OPTIONS /api/v1/complaints/?page=1&page_size=15&status=reviewing HTTP/1.1" 200 0
[ERROR] 2026-08-01 18:35:09,929 api_exceptions 243956 123962193331904 Unhandled exception occurred
Traceback (most recent call last):
  File "/home/nimamakhmali/Documents/Rayan Pajouhan/724/Nazer-Bazaar/backend/venv/lib/python3.12/site-packages/rest_framework/views.py", line 506, in dispatch
    response = handler(request, *args, **kwargs)
               ^^^^^^^^^^^^^^^^^^^^^^^^^^^^^^^^^
  File "/home/nimamakhmali/Documents/Rayan Pajouhan/724/Nazer-Bazaar/backend/apps/complaints/views/complaint_views.py", line 163, in get
    from apps.common.pagination import StandardResultsSetPagination
ImportError: cannot import name 'StandardResultsSetPagination' from 'apps.common.pagination' (/home/nimamakhmali/Documents/Rayan Pajouhan/724/Nazer-Bazaar/backend/apps/common/pagination/__init__.py)
[ERROR] 2026-08-01 18:35:10,020 log 243956 123962193331904 Internal Server Error: /api/v1/complaints/
[ERROR] 2026-08-01 18:35:10,021 basehttp 243956 123962193331904 "GET /api/v1/complaints/?page=1&page_size=15&status=reviewing HTTP/1.1" 500 111
[INFO] 2026-08-01 18:35:19,502 basehttp 243956 123962193331904 "OPTIONS /api/v1/auth/logout/ HTTP/1.1" 200 0
[WARNING] 2026-08-01 18:35:19,616 log 243956 123962193331904 Bad Request: /api/v1/auth/logout/
[WARNING] 2026-08-01 18:35:19,617 basehttp 243956 123962193331904 "POST /api/v1/auth/logout/ HTTP/1.1" 400 132
[INFO] 2026-08-01 18:35:30,448 base_service 243956 123962193331904 User logged in with password: 09056419609
[INFO] 2026-08-01 18:35:30,555 basehttp 243956 123962193331904 "POST /api/v1/auth/login/ HTTP/1.1" 200 1120
[ERROR] 2026-08-01 18:35:31,007 api_exceptions 243956 123962193331904 Unhandled exception occurred
Traceback (most recent call last):
  File "/home/nimamakhmali/Documents/Rayan Pajouhan/724/Nazer-Bazaar/backend/venv/lib/python3.12/site-packages/rest_framework/views.py", line 506, in dispatch
    response = handler(request, *args, **kwargs)
               ^^^^^^^^^^^^^^^^^^^^^^^^^^^^^^^^^
  File "/home/nimamakhmali/Documents/Rayan Pajouhan/724/Nazer-Bazaar/backend/apps/complaints/views/complaint_views.py", line 163, in get
    from apps.common.pagination import StandardResultsSetPagination
ImportError: cannot import name 'StandardResultsSetPagination' from 'apps.common.pagination' (/home/nimamakhmali/Documents/Rayan Pajouhan/724/Nazer-Bazaar/backend/apps/common/pagination/__init__.py)
[ERROR] 2026-08-01 18:35:31,096 log 243956 123962193331904 Internal Server Error: /api/v1/complaints/
[ERROR] 2026-08-01 18:35:31,097 basehttp 243956 123962193331904 "GET /api/v1/complaints/?page=1&page_size=15 HTTP/1.1" 500 111
[ERROR] 2026-08-01 18:35:31,117 api_exceptions 243956 123962193331904 Unhandled exception occurred
Traceback (most recent call last):
  File "/home/nimamakhmali/Documents/Rayan Pajouhan/724/Nazer-Bazaar/backend/venv/lib/python3.12/site-packages/rest_framework/views.py", line 506, in dispatch
    response = handler(request, *args, **kwargs)
               ^^^^^^^^^^^^^^^^^^^^^^^^^^^^^^^^^
  File "/home/nimamakhmali/Documents/Rayan Pajouhan/724/Nazer-Bazaar/backend/apps/complaints/views/complaint_views.py", line 163, in get
    from apps.common.pagination import StandardResultsSetPagination
ImportError: cannot import name 'StandardResultsSetPagination' from 'apps.common.pagination' (/home/nimamakhmali/Documents/Rayan Pajouhan/724/Nazer-Bazaar/backend/apps/common/pagination/__init__.py)
[ERROR] 2026-08-01 18:35:31,199 log 243956 123962193331904 Internal Server Error: /api/v1/complaints/
[ERROR] 2026-08-01 18:35:31,199 basehttp 243956 123962193331904 "GET /api/v1/complaints/?page=1&page_size=15 HTTP/1.1" 500 111
[INFO] 2026-08-01 18:35:39,247 basehttp 243956 123962193331904 "OPTIONS /api/v1/organizations/chambers/?page_size=500 HTTP/1.1" 200 0
[INFO] 2026-08-01 18:35:39,247 basehttp 243956 123962464925376 "OPTIONS /api/v1/organizations/unions/?page=1&page_size=9 HTTP/1.1" 200 0
[INFO] 2026-08-01 18:35:39,247 basehttp 243956 123961681639104 "OPTIONS /api/v1/organizations/unions/?page=1&page_size=9 HTTP/1.1" 200 0
[INFO] 2026-08-01 18:35:39,248 basehttp 243956 123962182842048 "OPTIONS /api/v1/organizations/chambers/?page_size=500 HTTP/1.1" 200 0
[INFO] 2026-08-01 18:35:39,697 basehttp 243956 123961681639104 "GET /api/v1/organizations/unions/?page=1&page_size=9 HTTP/1.1" 200 1548
[INFO] 2026-08-01 18:35:40,142 basehttp 243956 123962193331904 "GET /api/v1/organizations/chambers/?page_size=500 HTTP/1.1" 200 1927
[INFO] 2026-08-01 18:35:40,658 basehttp 243956 123961681639104 "GET /api/v1/organizations/unions/?page=1&page_size=9 HTTP/1.1" 200 1548
[INFO] 2026-08-01 18:35:40,999 basehttp 243956 123962193331904 "GET /api/v1/organizations/chambers/?page_size=500 HTTP/1.1" 200 1927
[INFO] 2026-08-01 18:35:42,041 basehttp 243956 123961681639104 "OPTIONS /api/v1/auth/users/org-search/?role=union_manager HTTP/1.1" 200 0
[INFO] 2026-08-01 18:35:42,041 basehttp 243956 123962193331904 "OPTIONS /api/v1/auth/users/org-search/?role=union_manager HTTP/1.1" 200 0
[INFO] 2026-08-01 18:35:42,223 basehttp 243956 123962193331904 "GET /api/v1/auth/users/org-search/?role=union_manager HTTP/1.1" 200 180
[INFO] 2026-08-01 18:35:42,396 basehttp 243956 123962193331904 "GET /api/v1/auth/users/org-search/?role=union_manager HTTP/1.1" 200 180
[INFO] 2026-08-01 18:36:18,802 basehttp 243956 123962193331904 "GET /api/v1/auth/users/org-search/?role=union_manager HTTP/1.1" 200 180
[INFO] 2026-08-01 18:36:18,918 basehttp 243956 123962193331904 "GET /api/v1/auth/users/org-search/?role=union_manager HTTP/1.1" 200 180
[INFO] 2026-08-01 18:36:20,866 basehttp 243956 123962193331904 "GET /api/v1/auth/users/org-search/?role=union_manager HTTP/1.1" 200 180
[INFO] 2026-08-01 18:36:21,056 basehttp 243956 123962193331904 "GET /api/v1/auth/users/org-search/?role=union_manager HTTP/1.1" 200 180
[INFO] 2026-08-01 18:36:22,635 basehttp 243956 123962193331904 "GET /api/v1/auth/users/org-search/?role=union_manager HTTP/1.1" 200 180
[INFO] 2026-08-01 18:36:22,780 basehttp 243956 123962193331904 "GET /api/v1/auth/users/org-search/?role=union_manager HTTP/1.1" 200 180
[INFO] 2026-08-01 18:38:56,129 basehttp 243956 123962193331904 "OPTIONS /api/v1/organizations/unions/2/assign-manager/ HTTP/1.1" 200 0
[INFO] 2026-08-01 18:38:56,195 base_service 243956 123962193331904 Manager assigned to Union: اتحادیه صنف خواربار و بنکداران شهرستان همدان → reza makhmali
[INFO] 2026-08-01 18:38:56,386 basehttp 243956 123962193331904 "POST /api/v1/organizations/unions/2/assign-manager/ HTTP/1.1" 200 932
[INFO] 2026-08-01 18:38:56,751 basehttp 243956 123962193331904 "GET /api/v1/organizations/unions/?page=1&page_size=9 HTTP/1.1" 200 1542
[WARNING] 2026-08-01 18:39:04,042 log 243956 123962193331904 Bad Request: /api/v1/auth/logout/
[WARNING] 2026-08-01 18:39:04,043 basehttp 243956 123962193331904 "POST /api/v1/auth/logout/ HTTP/1.1" 400 132
[INFO] 2026-08-01 18:39:17,363 base_service 243956 123962193331904 User logged in with password: 09184423221
[INFO] 2026-08-01 18:39:17,468 basehttp 243956 123962193331904 "POST /api/v1/auth/login/ HTTP/1.1" 200 1147
[INFO] 2026-08-01 18:39:18,356 basehttp 243956 123961681639104 "GET /api/v1/organizations/unions/?page=1&page_size=9 HTTP/1.1" 200 1542
[INFO] 2026-08-01 18:39:18,873 basehttp 243956 123962193331904 "GET /api/v1/organizations/chambers/?page_size=500 HTTP/1.1" 200 1927
[INFO] 2026-08-01 18:39:19,228 basehttp 243956 123961681639104 "GET /api/v1/organizations/unions/?page=1&page_size=9 HTTP/1.1" 200 1542
[INFO] 2026-08-01 18:39:19,452 basehttp 243956 123962193331904 "GET /api/v1/organizations/chambers/?page_size=500 HTTP/1.1" 200 1927
[INFO] 2026-08-01 18:39:24,014 basehttp 243956 123962193331904 "GET /api/v1/auth/me/ HTTP/1.1" 200 406
[INFO] 2026-08-01 18:39:24,099 basehttp 243956 123962193331904 "GET /api/v1/auth/me/ HTTP/1.1" 200 406
[INFO] 2026-08-01 18:39:24,666 basehttp 243956 123961681639104 "GET /api/v1/organizations/unions/?page=1&page_size=9 HTTP/1.1" 200 1542
[INFO] 2026-08-01 18:39:25,108 basehttp 243956 123962193331904 "GET /api/v1/organizations/chambers/?page_size=500 HTTP/1.1" 200 1927
[INFO] 2026-08-01 18:39:25,630 basehttp 243956 123961681639104 "GET /api/v1/organizations/unions/?page=1&page_size=9 HTTP/1.1" 200 1542
[INFO] 2026-08-01 18:39:25,863 basehttp 243956 123962193331904 "GET /api/v1/organizations/chambers/?page_size=500 HTTP/1.1" 200 1927
[INFO] 2026-08-01 18:39:28,261 basehttp 243956 123962193331904 "GET /api/v1/stores/?page_size=1 HTTP/1.1" 200 466
[INFO] 2026-08-01 18:39:28,328 basehttp 243956 123961681639104 "GET /api/v1/pricing/overpriced/?page_size=5 HTTP/1.1" 200 26
[INFO] 2026-08-01 18:39:28,330 basehttp 243956 123962182842048 "GET /api/v1/complaints/my/?page_size=5 HTTP/1.1" 200 2
[INFO] 2026-08-01 18:39:28,578 basehttp 243956 123962182842048 "GET /api/v1/complaints/my/?page_size=5 HTTP/1.1" 200 2
[INFO] 2026-08-01 18:39:28,627 basehttp 243956 123962193331904 "GET /api/v1/pricing/overpriced/?page_size=5 HTTP/1.1" 200 26
[INFO] 2026-08-01 18:39:28,685 basehttp 243956 123962464925376 "GET /api/v1/stores/?page_size=1 HTTP/1.1" 200 466
[INFO] 2026-08-01 18:39:29,205 basehttp 243956 123962464925376 "GET /api/v1/stores/?page=1&page_size=12 HTTP/1.1" 200 466
[INFO] 2026-08-01 18:39:29,338 basehttp 243956 123962464925376 "GET /api/v1/stores/?page=1&page_size=12 HTTP/1.1" 200 466
[INFO] 2026-08-01 18:39:31,684 basehttp 243956 123962464925376 "GET /api/v1/pricing/official-prices/?page=1&page_size=15 HTTP/1.1" 200 944
[INFO] 2026-08-01 18:39:31,854 basehttp 243956 123962464925376 "GET /api/v1/pricing/official-prices/?page=1&page_size=15 HTTP/1.1" 200 944
[INFO] 2026-08-01 18:39:33,448 basehttp 243956 123962464925376 "GET /api/v1/stores/?page_size=1 HTTP/1.1" 200 466
[INFO] 2026-08-01 18:39:33,465 basehttp 243956 123962182842048 "GET /api/v1/complaints/my/?page_size=5 HTTP/1.1" 200 2
[INFO] 2026-08-01 18:39:33,466 basehttp 243956 123962193331904 "GET /api/v1/pricing/overpriced/?page_size=5 HTTP/1.1" 200 26
[INFO] 2026-08-01 18:39:33,745 basehttp 243956 123962182842048 "GET /api/v1/pricing/overpriced/?page_size=5 HTTP/1.1" 200 26
[INFO] 2026-08-01 18:39:33,792 basehttp 243956 123962193331904 "GET /api/v1/complaints/my/?page_size=5 HTTP/1.1" 200 2
[INFO] 2026-08-01 18:39:33,851 basehttp 243956 123962464925376 "GET /api/v1/stores/?page_size=1 HTTP/1.1" 200 466
[INFO] 2026-08-01 18:39:35,378 basehttp 243956 123962193331904 "GET /api/v1/complaints/my/?page_size=5 HTTP/1.1" 200 2
[INFO] 2026-08-01 18:39:35,539 basehttp 243956 123962464925376 "GET /api/v1/stores/?page_size=1 HTTP/1.1" 200 466
[INFO] 2026-08-01 18:39:35,761 basehttp 243956 123962193331904 "GET /api/v1/complaints/my/?page_size=5 HTTP/1.1" 200 2
[INFO] 2026-08-01 18:39:35,849 basehttp 243956 123962464925376 "GET /api/v1/stores/?page_size=1 HTTP/1.1" 200 466
[INFO] 2026-08-01 18:39:38,700 basehttp 243956 123962464925376 "OPTIONS /api/v1/auth/users/profile/ HTTP/1.1" 200 0
[INFO] 2026-08-01 18:39:38,700 basehttp 243956 123962193331904 "OPTIONS /api/v1/auth/users/profile/ HTTP/1.1" 200 0
[INFO] 2026-08-01 18:39:38,811 basehttp 243956 123962464925376 "GET /api/v1/auth/users/profile/ HTTP/1.1" 200 406
[INFO] 2026-08-01 18:39:38,952 basehttp 243956 123962464925376 "GET /api/v1/auth/users/profile/ HTTP/1.1" 200 406
[INFO] 2026-08-01 18:39:41,694 basehttp 243956 123962182842048 "GET /api/v1/complaints/my/?page_size=5 HTTP/1.1" 200 2
[INFO] 2026-08-01 18:39:41,824 basehttp 243956 123962464925376 "GET /api/v1/stores/?page_size=1 HTTP/1.1" 200 466
[INFO] 2026-08-01 18:39:41,883 basehttp 243956 123962193331904 "GET /api/v1/pricing/overpriced/?page_size=5 HTTP/1.1" 200 26
[INFO] 2026-08-01 18:39:42,124 basehttp 243956 123961681639104 "GET /api/v1/complaints/my/?page_size=5 HTTP/1.1" 200 2
[INFO] 2026-08-01 18:39:42,176 basehttp 243956 123962182842048 "GET /api/v1/stores/?page_size=1 HTTP/1.1" 200 466
[INFO] 2026-08-01 18:39:42,243 basehttp 243956 123962193331904 "GET /api/v1/pricing/overpriced/?page_size=5 HTTP/1.1" 200 26
[INFO] 2026-08-01 18:39:43,494 basehttp 243956 123962193331904 "GET /api/v1/stores/?page=1&page_size=12 HTTP/1.1" 200 466
[INFO] 2026-08-01 18:39:43,640 basehttp 243956 123962193331904 "GET /api/v1/stores/?page=1&page_size=12 HTTP/1.1" 200 466
[INFO] 2026-08-01 18:39:44,907 basehttp 243956 123962193331904 "GET /api/v1/auth/me/ HTTP/1.1" 200 406
[INFO] 2026-08-01 18:39:44,999 basehttp 243956 123962193331904 "GET /api/v1/auth/me/ HTTP/1.1" 200 406
[INFO] 2026-08-01 18:39:47,152 basehttp 243956 123962193331904 "GET /api/v1/pricing/official-prices/?page=1&page_size=15 HTTP/1.1" 200 944
[INFO] 2026-08-01 18:39:47,329 basehttp 243956 123962193331904 "GET /api/v1/pricing/official-prices/?page=1&page_size=15 HTTP/1.1" 200 944
[WARNING] 2026-08-01 18:39:48,489 log 243956 123962193331904 Bad Request: /api/v1/pricing/history/
[WARNING] 2026-08-01 18:39:48,489 basehttp 243956 123962193331904 "GET /api/v1/pricing/history/?page=1&page_size=20 HTTP/1.1" 400 91
[WARNING] 2026-08-01 18:39:48,602 log 243956 123962193331904 Bad Request: /api/v1/pricing/history/
[WARNING] 2026-08-01 18:39:48,602 basehttp 243956 123962193331904 "GET /api/v1/pricing/history/?page=1&page_size=20 HTTP/1.1" 400 91
[INFO] 2026-08-01 18:39:53,814 basehttp 243956 123962193331904 "GET /api/v1/auth/users/profile/ HTTP/1.1" 200 406
[INFO] 2026-08-01 18:39:53,920 basehttp 243956 123962193331904 "GET /api/v1/auth/users/profile/ HTTP/1.1" 200 406
[INFO] 2026-08-01 18:40:06,697 basehttp 243956 123962166056640 "GET /admin/organizations/union/2/change/ HTTP/1.1" 200 48203
[INFO] 2026-08-01 18:40:06,835 basehttp 243956 123962166056640 "GET /admin/jsi18n/ HTTP/1.1" 200 3343
[INFO] 2026-08-01 18:40:16,207 basehttp 243956 123962182842048 "GET /api/v1/complaints/my/?page_size=5 HTTP/1.1" 200 2
[INFO] 2026-08-01 18:40:16,469 basehttp 243956 123962193331904 "GET /api/v1/stores/?page_size=1 HTTP/1.1" 200 466
[INFO] 2026-08-01 18:40:16,645 basehttp 243956 123962182842048 "GET /api/v1/complaints/my/?page_size=5 HTTP/1.1" 200 2
[INFO] 2026-08-01 18:40:16,754 basehttp 243956 123962193331904 "GET /api/v1/stores/?page_size=1 HTTP/1.1" 200 466
[INFO] 2026-08-01 18:40:22,081 basehttp 243956 123962193331904 "GET /api/v1/stores/?page=1&page_size=12 HTTP/1.1" 200 466
[INFO] 2026-08-01 18:40:22,245 basehttp 243956 123962193331904 "GET /api/v1/stores/?page=1&page_size=12 HTTP/1.1" 200 466
[INFO] 2026-08-01 18:40:23,851 basehttp 243956 123962193331904 "OPTIONS /api/v1/pricing/store-prices/today/?store=3 HTTP/1.1" 200 0
[INFO] 2026-08-01 18:40:24,036 basehttp 243956 123962193331904 "GET /api/v1/pricing/store-prices/today/?store=3 HTTP/1.1" 200 26
[INFO] 2026-08-01 18:40:27,943 basehttp 243956 123962193331904 "GET /api/v1/pricing/official-prices/?page=1&page_size=15 HTTP/1.1" 200 944
[INFO] 2026-08-01 18:40:28,078 basehttp 243956 123962193331904 "GET /api/v1/pricing/official-prices/?page=1&page_size=15 HTTP/1.1" 200 944
[INFO] 2026-08-01 18:40:28,936 basehttp 243956 123962193331904 "GET /api/v1/auth/me/ HTTP/1.1" 200 406
[INFO] 2026-08-01 18:40:29,035 basehttp 243956 123962193331904 "GET /api/v1/auth/me/ HTTP/1.1" 200 406
[WARNING] 2026-08-01 18:40:30,501 log 243956 123962193331904 Bad Request: /api/v1/pricing/history/
[WARNING] 2026-08-01 18:40:30,502 basehttp 243956 123962193331904 "GET /api/v1/pricing/history/?page=1&page_size=20 HTTP/1.1" 400 91
[WARNING] 2026-08-01 18:40:30,605 log 243956 123962193331904 Bad Request: /api/v1/pricing/history/
[WARNING] 2026-08-01 18:40:30,605 basehttp 243956 123962193331904 "GET /api/v1/pricing/history/?page=1&page_size=20 HTTP/1.1" 400 91
[ERROR] 2026-08-01 18:40:31,358 api_exceptions 243956 123962193331904 Unhandled exception occurred
Traceback (most recent call last):
  File "/home/nimamakhmali/Documents/Rayan Pajouhan/724/Nazer-Bazaar/backend/venv/lib/python3.12/site-packages/rest_framework/views.py", line 506, in dispatch
    response = handler(request, *args, **kwargs)
               ^^^^^^^^^^^^^^^^^^^^^^^^^^^^^^^^^
  File "/home/nimamakhmali/Documents/Rayan Pajouhan/724/Nazer-Bazaar/backend/apps/complaints/views/complaint_views.py", line 163, in get
    from apps.common.pagination import StandardResultsSetPagination
ImportError: cannot import name 'StandardResultsSetPagination' from 'apps.common.pagination' (/home/nimamakhmali/Documents/Rayan Pajouhan/724/Nazer-Bazaar/backend/apps/common/pagination/__init__.py)
[ERROR] 2026-08-01 18:40:31,485 log 243956 123962193331904 Internal Server Error: /api/v1/complaints/
[ERROR] 2026-08-01 18:40:31,485 basehttp 243956 123962193331904 "GET /api/v1/complaints/?page=1&page_size=15 HTTP/1.1" 500 111
[ERROR] 2026-08-01 18:40:31,520 api_exceptions 243956 123962193331904 Unhandled exception occurred
Traceback (most recent call last):
  File "/home/nimamakhmali/Documents/Rayan Pajouhan/724/Nazer-Bazaar/backend/venv/lib/python3.12/site-packages/rest_framework/views.py", line 506, in dispatch
    response = handler(request, *args, **kwargs)
               ^^^^^^^^^^^^^^^^^^^^^^^^^^^^^^^^^
  File "/home/nimamakhmali/Documents/Rayan Pajouhan/724/Nazer-Bazaar/backend/apps/complaints/views/complaint_views.py", line 163, in get
    from apps.common.pagination import StandardResultsSetPagination
ImportError: cannot import name 'StandardResultsSetPagination' from 'apps.common.pagination' (/home/nimamakhmali/Documents/Rayan Pajouhan/724/Nazer-Bazaar/backend/apps/common/pagination/__init__.py)
[ERROR] 2026-08-01 18:40:31,624 log 243956 123962193331904 Internal Server Error: /api/v1/complaints/
[ERROR] 2026-08-01 18:40:31,624 basehttp 243956 123962193331904 "GET /api/v1/complaints/?page=1&page_size=15 HTTP/1.1" 500 111
[INFO] 2026-08-01 18:47:24,998 basehttp 243956 123962182842048 "GET /api/v1/complaints/my/?page_size=5 HTTP/1.1" 200 2
[INFO] 2026-08-01 18:47:25,210 basehttp 243956 123962193331904 "GET /api/v1/stores/?page_size=1 HTTP/1.1" 200 466
[INFO] 2026-08-01 18:47:25,363 basehttp 243956 123962182842048 "GET /api/v1/complaints/my/?page_size=5 HTTP/1.1" 200 2
[INFO] 2026-08-01 18:47:25,429 basehttp 243956 123962193331904 "GET /api/v1/stores/?page_size=1 HTTP/1.1" 200 466
[INFO] 2026-08-01 18:47:42,130 basehttp 243956 123962193331904 "GET /api/v1/auth/me/ HTTP/1.1" 200 406
[INFO] 2026-08-01 18:47:42,230 basehttp 243956 123962193331904 "GET /api/v1/auth/me/ HTTP/1.1" 200 406
[INFO] 2026-08-01 18:47:42,474 basehttp 243956 123962193331904 "GET /api/v1/auth/me/ HTTP/1.1" 200 406
[INFO] 2026-08-01 18:47:42,624 basehttp 243956 123962193331904 "GET /api/v1/auth/me/ HTTP/1.1" 200 406
[INFO] 2026-08-01 18:47:48,049 basehttp 243956 123962193331904 "GET /api/v1/pricing/official-prices/?page=1&page_size=15 HTTP/1.1" 200 944
[INFO] 2026-08-01 18:47:48,222 basehttp 243956 123962193331904 "GET /api/v1/pricing/official-prices/?page=1&page_size=15 HTTP/1.1" 200 944
[INFO] 2026-08-01 18:47:49,650 basehttp 243956 123962182842048 "GET /api/v1/complaints/my/?page_size=5 HTTP/1.1" 200 2
[INFO] 2026-08-01 18:47:49,939 basehttp 243956 123962193331904 "GET /api/v1/stores/?page_size=1 HTTP/1.1" 200 466
[INFO] 2026-08-01 18:47:50,102 basehttp 243956 123962182842048 "GET /api/v1/complaints/my/?page_size=5 HTTP/1.1" 200 2
[INFO] 2026-08-01 18:47:50,209 basehttp 243956 123962193331904 "GET /api/v1/stores/?page_size=1 HTTP/1.1" 200 466
[INFO] 2026-08-01 18:47:51,856 basehttp 243956 123962193331904 "GET /api/v1/auth/me/ HTTP/1.1" 200 406
[INFO] 2026-08-01 18:47:51,966 basehttp 243956 123962193331904 "GET /api/v1/auth/me/ HTTP/1.1" 200 406
[INFO] 2026-08-01 18:47:52,261 basehttp 243956 123962193331904 "GET /api/v1/stores/?page=1&page_size=12 HTTP/1.1" 200 466
[INFO] 2026-08-01 18:47:52,427 basehttp 243956 123962193331904 "GET /api/v1/stores/?page=1&page_size=12 HTTP/1.1" 200 466
[INFO] 2026-08-01 18:47:56,170 basehttp 243956 123962182842048 "GET /api/v1/complaints/my/?page_size=5 HTTP/1.1" 200 2
[INFO] 2026-08-01 18:47:56,370 basehttp 243956 123962193331904 "GET /api/v1/stores/?page_size=1 HTTP/1.1" 200 466
[INFO] 2026-08-01 18:47:56,530 basehttp 243956 123962182842048 "GET /api/v1/complaints/my/?page_size=5 HTTP/1.1" 200 2
[INFO] 2026-08-01 18:47:56,618 basehttp 243956 123962193331904 "GET /api/v1/stores/?page_size=1 HTTP/1.1" 200 466
[INFO] 2026-08-01 18:47:58,069 basehttp 243956 123962193331904 "GET /api/v1/auth/me/ HTTP/1.1" 200 406
[INFO] 2026-08-01 18:47:58,171 basehttp 243956 123962193331904 "GET /api/v1/auth/me/ HTTP/1.1" 200 406
[INFO] 2026-08-01 18:47:58,349 basehttp 243956 123962193331904 "GET /api/v1/auth/me/ HTTP/1.1" 200 406
[INFO] 2026-08-01 18:47:58,485 basehttp 243956 123962193331904 "GET /api/v1/auth/me/ HTTP/1.1" 200 406
[WARNING] 2026-08-01 18:48:13,895 log 243956 123962193331904 Bad Request: /api/v1/pricing/history/
[WARNING] 2026-08-01 18:48:13,896 basehttp 243956 123962193331904 "GET /api/v1/pricing/history/?page=1&page_size=20 HTTP/1.1" 400 91
[WARNING] 2026-08-01 18:48:13,990 log 243956 123962193331904 Bad Request: /api/v1/pricing/history/
[WARNING] 2026-08-01 18:48:13,990 basehttp 243956 123962193331904 "GET /api/v1/pricing/history/?page=1&page_size=20 HTTP/1.1" 400 91
[ERROR] 2026-08-01 18:48:17,477 api_exceptions 243956 123962193331904 Unhandled exception occurred
Traceback (most recent call last):
  File "/home/nimamakhmali/Documents/Rayan Pajouhan/724/Nazer-Bazaar/backend/venv/lib/python3.12/site-packages/rest_framework/views.py", line 506, in dispatch
    response = handler(request, *args, **kwargs)
               ^^^^^^^^^^^^^^^^^^^^^^^^^^^^^^^^^
  File "/home/nimamakhmali/Documents/Rayan Pajouhan/724/Nazer-Bazaar/backend/apps/complaints/views/complaint_views.py", line 163, in get
    from apps.common.pagination import StandardResultsSetPagination
ImportError: cannot import name 'StandardResultsSetPagination' from 'apps.common.pagination' (/home/nimamakhmali/Documents/Rayan Pajouhan/724/Nazer-Bazaar/backend/apps/common/pagination/__init__.py)
[ERROR] 2026-08-01 18:48:17,564 log 243956 123962193331904 Internal Server Error: /api/v1/complaints/
[ERROR] 2026-08-01 18:48:17,564 basehttp 243956 123962193331904 "GET /api/v1/complaints/?page=1&page_size=15 HTTP/1.1" 500 111
[ERROR] 2026-08-01 18:48:17,591 api_exceptions 243956 123962193331904 Unhandled exception occurred
Traceback (most recent call last):
  File "/home/nimamakhmali/Documents/Rayan Pajouhan/724/Nazer-Bazaar/backend/venv/lib/python3.12/site-packages/rest_framework/views.py", line 506, in dispatch
    response = handler(request, *args, **kwargs)
               ^^^^^^^^^^^^^^^^^^^^^^^^^^^^^^^^^
  File "/home/nimamakhmali/Documents/Rayan Pajouhan/724/Nazer-Bazaar/backend/apps/complaints/views/complaint_views.py", line 163, in get
    from apps.common.pagination import StandardResultsSetPagination
ImportError: cannot import name 'StandardResultsSetPagination' from 'apps.common.pagination' (/home/nimamakhmali/Documents/Rayan Pajouhan/724/Nazer-Bazaar/backend/apps/common/pagination/__init__.py)
[ERROR] 2026-08-01 18:48:17,673 log 243956 123962193331904 Internal Server Error: /api/v1/complaints/
[ERROR] 2026-08-01 18:48:17,673 basehttp 243956 123962193331904 "GET /api/v1/complaints/?page=1&page_size=15 HTTP/1.1" 500 111
[WARNING] 2026-08-01 18:48:19,082 log 243956 123962193331904 Bad Request: /api/v1/pricing/history/
[WARNING] 2026-08-01 18:48:19,083 basehttp 243956 123962193331904 "GET /api/v1/pricing/history/?page=1&page_size=20 HTTP/1.1" 400 91
[WARNING] 2026-08-01 18:48:19,190 log 243956 123962193331904 Bad Request: /api/v1/pricing/history/
[WARNING] 2026-08-01 18:48:19,191 basehttp 243956 123962193331904 "GET /api/v1/pricing/history/?page=1&page_size=20 HTTP/1.1" 400 91
[INFO] 2026-08-01 18:48:24,031 basehttp 243956 123962193331904 "GET /api/v1/auth/me/ HTTP/1.1" 200 406
[INFO] 2026-08-01 18:48:24,143 basehttp 243956 123962193331904 "GET /api/v1/auth/me/ HTTP/1.1" 200 406
[INFO] 2026-08-01 18:48:25,619 basehttp 243956 123962193331904 "GET /api/v1/stores/?page=1&page_size=12 HTTP/1.1" 200 466
[INFO] 2026-08-01 18:48:25,773 basehttp 243956 123962193331904 "GET /api/v1/stores/?page=1&page_size=12 HTTP/1.1" 200 466
[INFO] 2026-08-01 18:48:29,235 basehttp 243956 123962193331904 "GET /api/v1/stores/?page_size=1 HTTP/1.1" 200 466
[INFO] 2026-08-01 18:48:29,486 basehttp 243956 123962182842048 "GET /api/v1/complaints/my/?page_size=5 HTTP/1.1" 200 2
[INFO] 2026-08-01 18:48:29,689 basehttp 243956 123962193331904 "GET /api/v1/stores/?page_size=1 HTTP/1.1" 200 466
[INFO] 2026-08-01 18:48:29,745 basehttp 243956 123962182842048 "GET /api/v1/complaints/my/?page_size=5 HTTP/1.1" 200 2
[INFO] 2026-08-01 18:48:43,613 basehttp 243956 123962182842048 "GET /api/v1/auth/me/ HTTP/1.1" 200 406
[INFO] 2026-08-01 18:48:43,805 basehttp 243956 123962182842048 "GET /api/v1/auth/me/ HTTP/1.1" 200 406
[ERROR] 2026-08-01 18:48:43,936 api_exceptions 243956 123962182842048 Unhandled exception occurred
Traceback (most recent call last):
  File "/home/nimamakhmali/Documents/Rayan Pajouhan/724/Nazer-Bazaar/backend/venv/lib/python3.12/site-packages/rest_framework/views.py", line 506, in dispatch
    response = handler(request, *args, **kwargs)
               ^^^^^^^^^^^^^^^^^^^^^^^^^^^^^^^^^
  File "/home/nimamakhmali/Documents/Rayan Pajouhan/724/Nazer-Bazaar/backend/apps/complaints/views/complaint_views.py", line 163, in get
    from apps.common.pagination import StandardResultsSetPagination
ImportError: cannot import name 'StandardResultsSetPagination' from 'apps.common.pagination' (/home/nimamakhmali/Documents/Rayan Pajouhan/724/Nazer-Bazaar/backend/apps/common/pagination/__init__.py)
[ERROR] 2026-08-01 18:48:44,054 log 243956 123962182842048 Internal Server Error: /api/v1/complaints/
[ERROR] 2026-08-01 18:48:44,054 basehttp 243956 123962182842048 "GET /api/v1/complaints/?page=1&page_size=15 HTTP/1.1" 500 111
[ERROR] 2026-08-01 18:48:44,088 api_exceptions 243956 123962182842048 Unhandled exception occurred
Traceback (most recent call last):
  File "/home/nimamakhmali/Documents/Rayan Pajouhan/724/Nazer-Bazaar/backend/venv/lib/python3.12/site-packages/rest_framework/views.py", line 506, in dispatch
    response = handler(request, *args, **kwargs)
               ^^^^^^^^^^^^^^^^^^^^^^^^^^^^^^^^^
  File "/home/nimamakhmali/Documents/Rayan Pajouhan/724/Nazer-Bazaar/backend/apps/complaints/views/complaint_views.py", line 163, in get
    from apps.common.pagination import StandardResultsSetPagination
ImportError: cannot import name 'StandardResultsSetPagination' from 'apps.common.pagination' (/home/nimamakhmali/Documents/Rayan Pajouhan/724/Nazer-Bazaar/backend/apps/common/pagination/__init__.py)
[ERROR] 2026-08-01 18:48:44,213 log 243956 123962182842048 Internal Server Error: /api/v1/complaints/
[ERROR] 2026-08-01 18:48:44,214 basehttp 243956 123962182842048 "GET /api/v1/complaints/?page=1&page_size=15 HTTP/1.1" 500 111
[WARNING] 2026-08-01 18:48:47,068 log 243956 123962182842048 Bad Request: /api/v1/pricing/history/
[WARNING] 2026-08-01 18:48:47,069 basehttp 243956 123962182842048 "GET /api/v1/pricing/history/?page=1&page_size=20 HTTP/1.1" 400 91
[WARNING] 2026-08-01 18:48:47,174 log 243956 123962182842048 Bad Request: /api/v1/pricing/history/
[WARNING] 2026-08-01 18:48:47,175 basehttp 243956 123962182842048 "GET /api/v1/pricing/history/?page=1&page_size=20 HTTP/1.1" 400 91
[INFO] 2026-08-01 18:48:49,517 basehttp 243956 123962193331904 "GET /api/v1/pricing/overpriced/?page_size=5 HTTP/1.1" 200 26
[INFO] 2026-08-01 18:48:50,029 basehttp 243956 123962182842048 "GET /api/v1/stores/?page_size=1 HTTP/1.1" 200 466
[INFO] 2026-08-01 18:48:50,041 basehttp 243956 123962464925376 "GET /api/v1/complaints/my/?page_size=5 HTTP/1.1" 200 2
[INFO] 2026-08-01 18:48:50,251 basehttp 243956 123962193331904 "GET /api/v1/pricing/overpriced/?page_size=5 HTTP/1.1" 200 26
[INFO] 2026-08-01 18:48:50,357 basehttp 243956 123962182842048 "GET /api/v1/stores/?page_size=1 HTTP/1.1" 200 466
[INFO] 2026-08-01 18:48:50,426 basehttp 243956 123962464925376 "GET /api/v1/complaints/my/?page_size=5 HTTP/1.1" 200 2
[INFO] 2026-08-01 18:49:00,000 basehttp 243956 123962464925376 "GET /api/v1/stores/?page=1&page_size=12 HTTP/1.1" 200 466
[INFO] 2026-08-01 18:49:00,134 basehttp 243956 123962464925376 "GET /api/v1/stores/?page=1&page_size=12 HTTP/1.1" 200 466
[INFO] 2026-08-01 18:49:04,340 basehttp 243956 123962193331904 "GET /api/v1/complaints/my/?page_size=5 HTTP/1.1" 200 2
[INFO] 2026-08-01 18:49:04,587 basehttp 243956 123962182842048 "GET /api/v1/pricing/overpriced/?page_size=5 HTTP/1.1" 200 26
[INFO] 2026-08-01 18:49:04,610 basehttp 243956 123962464925376 "GET /api/v1/stores/?page_size=1 HTTP/1.1" 200 466
[INFO] 2026-08-01 18:49:04,889 basehttp 243956 123962193331904 "GET /api/v1/complaints/my/?page_size=5 HTTP/1.1" 200 2
[INFO] 2026-08-01 18:49:04,952 basehttp 243956 123962182842048 "GET /api/v1/pricing/overpriced/?page_size=5 HTTP/1.1" 200 26
[INFO] 2026-08-01 18:49:05,008 basehttp 243956 123962464925376 "GET /api/v1/stores/?page_size=1 HTTP/1.1" 200 466
[INFO] 2026-08-01 18:51:22,730 basehttp 243956 123962464925376 "GET /api/v1/pricing/official-prices/?page=1&page_size=15 HTTP/1.1" 200 944
[INFO] 2026-08-01 18:51:22,871 basehttp 243956 123962464925376 "GET /api/v1/pricing/official-prices/?page=1&page_size=15 HTTP/1.1" 200 944
[INFO] 2026-08-01 18:51:38,658 basehttp 243956 123962464925376 "OPTIONS /api/v1/pricing/official-prices/2/ HTTP/1.1" 200 0
[INFO] 2026-08-01 18:51:38,734 base_service 243956 123962464925376 OfficialPrice updated: id=2
[INFO] 2026-08-01 18:51:39,020 basehttp 243956 123962464925376 "PATCH /api/v1/pricing/official-prices/2/ HTTP/1.1" 200 801
[INFO] 2026-08-01 18:51:39,274 basehttp 243956 123962464925376 "GET /api/v1/pricing/official-prices/?page=1&page_size=15 HTTP/1.1" 200 948
[INFO] 2026-08-01 18:52:22,281 basehttp 243956 123962464925376 "GET /api/v1/auth/me/ HTTP/1.1" 200 406
[INFO] 2026-08-01 18:52:22,379 basehttp 243956 123962464925376 "GET /api/v1/auth/me/ HTTP/1.1" 200 406
[INFO] 2026-08-01 18:52:31,440 basehttp 243956 123962464925376 "GET /api/v1/pricing/official-prices/?page=1&page_size=15 HTTP/1.1" 200 948
[INFO] 2026-08-01 18:52:31,682 basehttp 243956 123962464925376 "GET /api/v1/pricing/official-prices/?page=1&page_size=15 HTTP/1.1" 200 948
[INFO] 2026-08-01 18:54:24,517 basehttp 243956 123962464925376 "GET /api/v1/auth/me/ HTTP/1.1" 200 406
[INFO] 2026-08-01 18:54:24,605 basehttp 243956 123962464925376 "GET /api/v1/auth/me/ HTTP/1.1" 200 406
[INFO] 2026-08-01 18:54:52,427 basehttp 243956 123962464925376 "GET /api/v1/pricing/official-prices/?page=1&page_size=15 HTTP/1.1" 200 948
[INFO] 2026-08-01 18:54:52,560 basehttp 243956 123962464925376 "GET /api/v1/pricing/official-prices/?page=1&page_size=15 HTTP/1.1" 200 948
[INFO] 2026-08-01 19:01:36,784 basehttp 243956 123962182842048 "GET /api/v1/complaints/my/?page_size=5 HTTP/1.1" 200 2
[INFO] 2026-08-01 19:01:37,132 basehttp 243956 123962464925376 "GET /api/v1/stores/?page_size=1 HTTP/1.1" 200 466
[INFO] 2026-08-01 19:01:37,315 basehttp 243956 123962193331904 "GET /api/v1/pricing/overpriced/?page_size=5 HTTP/1.1" 200 26
[INFO] 2026-08-01 19:01:37,486 basehttp 243956 123962182842048 "GET /api/v1/complaints/my/?page_size=5 HTTP/1.1" 200 2
[INFO] 2026-08-01 19:01:37,585 basehttp 243956 123962166056640 "GET /api/v1/stores/?page_size=1 HTTP/1.1" 200 466
[INFO] 2026-08-01 19:01:37,660 basehttp 243956 123962193331904 "GET /api/v1/pricing/overpriced/?page_size=5 HTTP/1.1" 200 26
[INFO] 2026-08-01 19:01:37,889 basehttp 243956 123962166056640 "GET /api/v1/complaints/my/?page_size=5 HTTP/1.1" 200 2
[INFO] 2026-08-01 19:01:38,046 basehttp 243956 123962193331904 "GET /api/v1/stores/?page_size=1 HTTP/1.1" 200 466
[INFO] 2026-08-01 19:01:38,208 basehttp 243956 123962166056640 "GET /api/v1/complaints/my/?page_size=5 HTTP/1.1" 200 2
[INFO] 2026-08-01 19:01:38,290 basehttp 243956 123962193331904 "GET /api/v1/stores/?page_size=1 HTTP/1.1" 200 466
[INFO] 2026-08-09 02:11:54,174 autoreload 10752 2632 Watching for file changes with StatReloader
[INFO] 2026-08-09 02:12:05,924 basehttp 10752 13184 "GET /admin HTTP/1.1" 301 0
[INFO] 2026-08-09 02:12:06,195 basehttp 10752 6468 "GET /admin/ HTTP/1.1" 302 0
[INFO] 2026-08-09 02:12:06,691 basehttp 10752 6468 "GET /admin/login/?next=/admin/ HTTP/1.1" 200 17389
[INFO] 2026-08-09 02:12:06,727 basehttp 10752 4296 "GET /static/admin/css/dark_mode.css HTTP/1.1" 200 2929
[INFO] 2026-08-09 02:12:06,741 basehttp 10752 4296 "GET /static/admin/css/login.css HTTP/1.1" 200 958
[INFO] 2026-08-09 02:12:06,758 basehttp 10752 4296 "GET /static/admin/css/responsive.css HTTP/1.1" 200 18559
[INFO] 2026-08-09 02:12:06,772 basehttp 10752 4296 "GET /static/debug_toolbar/css/toolbar.css HTTP/1.1" 200 16675
[INFO] 2026-08-09 02:12:06,799 basehttp 10752 6468 "GET /static/admin/css/base.css HTTP/1.1" 200 21310
[INFO] 2026-08-09 02:12:06,818 basehttp 10752 700 "GET /static/admin/css/nav_sidebar.css HTTP/1.1" 200 2694
[INFO] 2026-08-09 02:12:06,858 basehttp 10752 4296 "GET /static/debug_toolbar/js/toolbar.js HTTP/1.1" 200 14601
[INFO] 2026-08-09 02:12:06,872 basehttp 10752 4296 "GET /static/debug_toolbar/css/print.css HTTP/1.1" 200 43
[INFO] 2026-08-09 02:12:06,882 basehttp 10752 6468 "GET /static/admin/js/theme.js HTTP/1.1" 200 1943
[INFO] 2026-08-09 02:12:06,930 basehttp 10752 700 "GET /static/admin/js/nav_sidebar.js HTTP/1.1" 200 3063
[INFO] 2026-08-09 02:12:06,965 basehttp 10752 4296 "GET /static/debug_toolbar/js/utils.js HTTP/1.1" 200 4742
[WARNING] 2026-08-09 02:12:07,206 log 10752 4296 Not Found: /favicon.ico
[WARNING] 2026-08-09 02:12:07,207 basehttp 10752 4296 "GET /favicon.ico HTTP/1.1" 404 16654
[INFO] 2026-08-09 02:15:06,973 basehttp 10752 5432 "OPTIONS /api/v1/auth/login/ HTTP/1.1" 200 0
[INFO] 2026-08-09 02:15:12,272 base_service 10752 5432 User logged in with password: 09123456789
[INFO] 2026-08-09 02:15:13,459 basehttp 10752 5432 "POST /api/v1/auth/login/ HTTP/1.1" 200 1353
[INFO] 2026-08-09 02:15:14,323 basehttp 10752 5432 "OPTIONS /api/v1/auth/me/ HTTP/1.1" 200 0
[INFO] 2026-08-09 02:15:14,323 basehttp 10752 11852 "OPTIONS /api/v1/auth/me/ HTTP/1.1" 200 0
[INFO] 2026-08-09 02:15:15,222 basehttp 10752 5432 "GET /api/v1/auth/me/ HTTP/1.1" 200 569
[INFO] 2026-08-09 02:15:15,328 basehttp 10752 5432 "OPTIONS /api/v1/auth/users/?page=1&page_size=10 HTTP/1.1" 200 0
[INFO] 2026-08-09 02:15:15,330 basehttp 10752 5432 "OPTIONS /api/v1/auth/users/?page=1&page_size=10 HTTP/1.1" 200 0
[INFO] 2026-08-09 02:15:15,602 basehttp 10752 11852 "GET /api/v1/auth/me/ HTTP/1.1" 200 569
[INFO] 2026-08-09 02:15:17,773 basehttp 10752 5432 "GET /api/v1/auth/users/?page=1&page_size=10 HTTP/1.1" 200 2762
[INFO] 2026-08-09 02:15:18,006 basehttp 10752 11852 "GET /api/v1/auth/users/?page=1&page_size=10 HTTP/1.1" 200 2762
[INFO] 2026-08-09 02:17:36,788 basehttp 10752 4588 "GET /admin/login/?next=/admin/ HTTP/1.1" 200 17389
[INFO] 2026-08-09 02:17:37,390 basehttp 10752 7984 "GET /api/v1/auth/me/ HTTP/1.1" 200 569
[INFO] 2026-08-09 02:17:37,524 basehttp 10752 7984 "GET /api/v1/auth/me/ HTTP/1.1" 200 569
[INFO] 2026-08-09 02:17:37,856 basehttp 10752 7984 "GET /api/v1/auth/users/?page=1&page_size=10 HTTP/1.1" 200 2762
[INFO] 2026-08-09 02:17:38,098 basehttp 10752 13568 "GET /api/v1/auth/users/?page=1&page_size=10 HTTP/1.1" 200 2762
[INFO] 2026-08-09 02:17:50,172 basehttp 10752 7984 "OPTIONS /api/v1/organizations/province-offices/?page=1&page_size=10 HTTP/1.1" 200 0
[INFO] 2026-08-09 02:17:50,172 basehttp 10752 13264 "OPTIONS /api/v1/geography/provinces/?page_size=100 HTTP/1.1" 200 0
[INFO] 2026-08-09 02:17:50,172 basehttp 10752 13568 "OPTIONS /api/v1/geography/provinces/?page_size=100 HTTP/1.1" 200 0
[INFO] 2026-08-09 02:17:50,178 basehttp 10752 7984 "OPTIONS /api/v1/organizations/province-offices/?page=1&page_size=10 HTTP/1.1" 200 0
[INFO] 2026-08-09 02:17:50,678 basehttp 10752 13568 "GET /api/v1/geography/provinces/?page_size=100 HTTP/1.1" 200 67
[INFO] 2026-08-09 02:17:50,956 basehttp 10752 7984 "GET /api/v1/geography/provinces/?page_size=100 HTTP/1.1" 200 67
[INFO] 2026-08-09 02:17:50,957 basehttp 10752 13264 "GET /api/v1/organizations/province-offices/?page=1&page_size=10 HTTP/1.1" 200 300
[INFO] 2026-08-09 02:17:51,161 basehttp 10752 7984 "GET /api/v1/organizations/province-offices/?page=1&page_size=10 HTTP/1.1" 200 300
[INFO] 2026-08-09 02:17:52,594 basehttp 10752 7984 "OPTIONS /api/v1/auth/users/org-search/?role=province_manager HTTP/1.1" 200 0
[INFO] 2026-08-09 02:17:52,594 basehttp 10752 13264 "OPTIONS /api/v1/auth/users/org-search/?role=province_manager HTTP/1.1" 200 0
[INFO] 2026-08-09 02:17:53,723 basehttp 10752 13264 "GET /api/v1/auth/users/org-search/?role=province_manager HTTP/1.1" 200 231
[INFO] 2026-08-09 02:17:54,182 basehttp 10752 7984 "GET /api/v1/auth/users/org-search/?role=province_manager HTTP/1.1" 200 231
[INFO] 2026-08-09 02:18:16,290 basehttp 10752 7984 "OPTIONS /api/v1/auth/users/?role=admin&page_size=1 HTTP/1.1" 200 0
[INFO] 2026-08-09 02:18:16,294 basehttp 10752 13264 "OPTIONS /api/v1/auth/users/?role=province_manager&page_size=1 HTTP/1.1" 200 0
[INFO] 2026-08-09 02:18:16,294 basehttp 10752 13568 "OPTIONS /api/v1/auth/users/?role=chamber_manager&page_size=1 HTTP/1.1" 200 0
[INFO] 2026-08-09 02:18:16,294 basehttp 10752 7984 "OPTIONS /api/v1/auth/users/?role=store_owner&page_size=1 HTTP/1.1" 200 0
[INFO] 2026-08-09 02:18:16,294 basehttp 10752 12520 "OPTIONS /api/v1/auth/users/?role=union_manager&page_size=1 HTTP/1.1" 200 0
[INFO] 2026-08-09 02:18:16,301 basehttp 10752 13568 "OPTIONS /api/v1/auth/users/?role=inspector&page_size=1 HTTP/1.1" 200 0
[INFO] 2026-08-09 02:18:16,303 basehttp 10752 7984 "OPTIONS /api/v1/auth/users/?role=customer&page_size=1 HTTP/1.1" 200 0
[INFO] 2026-08-09 02:18:16,304 basehttp 10752 13568 "OPTIONS /api/v1/auth/users/?role=chamber_manager&page_size=1 HTTP/1.1" 200 0
[INFO] 2026-08-09 02:18:16,304 basehttp 10752 12520 "OPTIONS /api/v1/auth/users/?role=province_manager&page_size=1 HTTP/1.1" 200 0
[INFO] 2026-08-09 02:18:16,311 basehttp 10752 7984 "OPTIONS /api/v1/auth/users/?role=union_manager&page_size=1 HTTP/1.1" 200 0
[INFO] 2026-08-09 02:18:16,311 basehttp 10752 13568 "OPTIONS /api/v1/auth/users/?role=store_owner&page_size=1 HTTP/1.1" 200 0
[INFO] 2026-08-09 02:18:16,314 basehttp 10752 13568 "OPTIONS /api/v1/auth/users/?role=inspector&page_size=1 HTTP/1.1" 200 0
[INFO] 2026-08-09 02:18:16,593 basehttp 10752 11652 "OPTIONS /api/v1/auth/users/?role=customer&page_size=1 HTTP/1.1" 200 0
[INFO] 2026-08-09 02:18:17,126 basehttp 10752 11652 "GET /api/v1/auth/users/?role=inspector&page_size=1 HTTP/1.1" 200 109
[INFO] 2026-08-09 02:18:17,258 basehttp 10752 13568 "GET /api/v1/auth/users/?role=store_owner&page_size=1 HTTP/1.1" 200 552
[INFO] 2026-08-09 02:18:17,523 basehttp 10752 13264 "GET /api/v1/auth/users/?role=admin&page_size=1 HTTP/1.1" 200 537
[INFO] 2026-08-09 02:18:17,658 basehttp 10752 7984 "GET /api/v1/auth/users/?role=chamber_manager&page_size=1 HTTP/1.1" 200 540
[INFO] 2026-08-09 02:18:17,806 basehttp 10752 11684 "GET /api/v1/auth/users/?role=union_manager&page_size=1 HTTP/1.1" 200 525
[INFO] 2026-08-09 02:18:18,058 basehttp 10752 13568 "GET /api/v1/auth/users/?role=inspector&page_size=1 HTTP/1.1" 200 109
[INFO] 2026-08-09 02:18:18,243 basehttp 10752 11652 "GET /api/v1/auth/users/?role=customer&page_size=1 HTTP/1.1" 200 501
[INFO] 2026-08-09 02:18:18,326 basehttp 10752 12520 "GET /api/v1/auth/users/?role=province_manager&page_size=1 HTTP/1.1" 200 647
[INFO] 2026-08-09 02:18:18,714 basehttp 10752 13264 "GET /api/v1/auth/users/?role=store_owner&page_size=1 HTTP/1.1" 200 552
[INFO] 2026-08-09 02:18:18,851 basehttp 10752 7984 "GET /api/v1/auth/users/?role=admin&page_size=1 HTTP/1.1" 200 537
[INFO] 2026-08-09 02:18:18,938 basehttp 10752 12520 "GET /api/v1/auth/users/?role=province_manager&page_size=1 HTTP/1.1" 200 647
[INFO] 2026-08-09 02:18:19,011 basehttp 10752 13568 "GET /api/v1/auth/users/?role=union_manager&page_size=1 HTTP/1.1" 200 525
[INFO] 2026-08-09 02:18:19,097 basehttp 10752 11684 "GET /api/v1/auth/users/?role=chamber_manager&page_size=1 HTTP/1.1" 200 540
[INFO] 2026-08-09 02:18:19,106 basehttp 10752 11652 "GET /api/v1/auth/users/?role=customer&page_size=1 HTTP/1.1" 200 501
[INFO] 2026-08-09 02:18:27,104 basehttp 10752 11652 "GET /api/v1/auth/me/ HTTP/1.1" 200 569
[INFO] 2026-08-09 02:18:27,220 basehttp 10752 11684 "GET /api/v1/auth/me/ HTTP/1.1" 200 569
[INFO] 2026-08-09 02:18:27,482 basehttp 10752 11684 "GET /api/v1/auth/users/?page=1&page_size=10 HTTP/1.1" 200 2762
[INFO] 2026-08-09 02:18:27,709 basehttp 10752 11652 "GET /api/v1/auth/users/?page=1&page_size=10 HTTP/1.1" 200 2762
[INFO] 2026-08-09 02:19:45,122 basehttp 10752 4588 "GET /admin/login/?next=/admin/ HTTP/1.1" 200 17391
[INFO] 2026-08-09 02:19:45,323 basehttp 10752 11652 "GET /api/v1/auth/me/ HTTP/1.1" 200 569
[INFO] 2026-08-09 02:19:45,623 basehttp 10752 11684 "GET /api/v1/auth/me/ HTTP/1.1" 200 569
[INFO] 2026-08-09 02:19:45,941 basehttp 10752 11684 "GET /api/v1/auth/users/?page=1&page_size=10 HTTP/1.1" 200 2762
[INFO] 2026-08-09 02:19:46,206 basehttp 10752 11652 "GET /api/v1/auth/users/?page=1&page_size=10 HTTP/1.1" 200 2762
[INFO] 2026-08-09 02:19:51,843 basehttp 10752 11652 "OPTIONS /api/v1/complaints/?page_size=6 HTTP/1.1" 200 0
[INFO] 2026-08-09 02:19:51,843 basehttp 10752 13264 "OPTIONS /api/v1/stores/?page_size=1 HTTP/1.1" 200 0
[INFO] 2026-08-09 02:19:51,843 basehttp 10752 11684 "OPTIONS /api/v1/pricing/overpriced/?page_size=5 HTTP/1.1" 200 0
[INFO] 2026-08-09 02:19:51,843 basehttp 10752 13568 "OPTIONS /api/v1/stores/?page_size=1 HTTP/1.1" 200 0
[INFO] 2026-08-09 02:19:51,843 basehttp 10752 12520 "OPTIONS /api/v1/complaints/?page_size=6 HTTP/1.1" 200 0
[INFO] 2026-08-09 02:19:51,843 basehttp 10752 7984 "OPTIONS /api/v1/pricing/overpriced/?page_size=5 HTTP/1.1" 200 0
[INFO] 2026-08-09 02:19:52,193 basehttp 10752 11652 "GET /api/v1/complaints/?page_size=6 HTTP/1.1" 200 109
[INFO] 2026-08-09 02:19:52,608 basehttp 10752 13568 "GET /api/v1/stores/?page_size=1 HTTP/1.1" 200 416
[INFO] 2026-08-09 02:19:52,859 basehttp 10752 7984 "GET /api/v1/complaints/?page_size=6 HTTP/1.1" 200 109
[INFO] 2026-08-09 02:19:53,143 basehttp 10752 11652 "GET /api/v1/stores/?page_size=1 HTTP/1.1" 200 416
[INFO] 2026-08-09 02:19:53,159 basehttp 10752 12520 "GET /api/v1/pricing/overpriced/?page_size=5 HTTP/1.1" 200 26
[INFO] 2026-08-09 02:19:53,359 basehttp 10752 11652 "GET /api/v1/pricing/overpriced/?page_size=5 HTTP/1.1" 200 26
[INFO] 2026-08-09 02:21:02,471 basehttp 10752 11652 "OPTIONS /api/v1/products/categories/?page_size=200 HTTP/1.1" 200 0
[INFO] 2026-08-09 02:21:02,471 basehttp 10752 13264 "OPTIONS /api/v1/products/units/ HTTP/1.1" 200 0
[INFO] 2026-08-09 02:21:02,472 basehttp 10752 13568 "OPTIONS /api/v1/products/?page=1&page_size=12 HTTP/1.1" 200 0
[INFO] 2026-08-09 02:21:02,472 basehttp 10752 12520 "OPTIONS /api/v1/products/units/ HTTP/1.1" 200 0
[INFO] 2026-08-09 02:21:02,474 basehttp 10752 7984 "OPTIONS /api/v1/organizations/unions/?page_size=200 HTTP/1.1" 200 0
[INFO] 2026-08-09 02:21:02,474 basehttp 10752 11684 "OPTIONS /api/v1/products/categories/?page_size=200 HTTP/1.1" 200 0
[INFO] 2026-08-09 02:21:02,476 basehttp 10752 11652 "OPTIONS /api/v1/organizations/unions/?page_size=200 HTTP/1.1" 200 0
[INFO] 2026-08-09 02:21:02,478 basehttp 10752 13264 "OPTIONS /api/v1/products/?page=1&page_size=12 HTTP/1.1" 200 0
[INFO] 2026-08-09 02:21:03,170 basehttp 10752 7984 "GET /api/v1/products/?page=1&page_size=12 HTTP/1.1" 200 109
[INFO] 2026-08-09 02:21:03,190 basehttp 10752 13568 "GET /api/v1/products/categories/?page_size=200 HTTP/1.1" 200 26
[INFO] 2026-08-09 02:21:03,374 basehttp 10752 12520 "GET /api/v1/products/units/ HTTP/1.1" 200 26
[INFO] 2026-08-09 02:21:03,755 basehttp 10752 13568 "GET /api/v1/products/units/ HTTP/1.1" 200 26
[INFO] 2026-08-09 02:21:03,829 basehttp 10752 11684 "GET /api/v1/organizations/unions/?page_size=200 HTTP/1.1" 200 299
[INFO] 2026-08-09 02:21:03,917 basehttp 10752 13264 "GET /api/v1/products/?page=1&page_size=12 HTTP/1.1" 200 109
[INFO] 2026-08-09 02:21:03,994 basehttp 10752 7984 "GET /api/v1/products/categories/?page_size=200 HTTP/1.1" 200 26
[INFO] 2026-08-09 02:21:04,192 basehttp 10752 13568 "GET /api/v1/organizations/unions/?page_size=200 HTTP/1.1" 200 299
[INFO] 2026-08-09 02:21:04,893 basehttp 10752 13568 "OPTIONS /api/v1/stores/?page=1&page_size=10 HTTP/1.1" 200 0
[INFO] 2026-08-09 02:21:04,894 basehttp 10752 7984 "OPTIONS /api/v1/stores/?page=1&page_size=10 HTTP/1.1" 200 0
[INFO] 2026-08-09 02:21:05,260 basehttp 10752 7984 "GET /api/v1/stores/?page=1&page_size=10 HTTP/1.1" 200 416
[INFO] 2026-08-09 02:21:05,459 basehttp 10752 13568 "GET /api/v1/stores/?page=1&page_size=10 HTTP/1.1" 200 416
[INFO] 2026-08-09 02:21:10,636 basehttp 10752 11652 "OPTIONS /api/v1/complaints/?page=1&page_size=15 HTTP/1.1" 200 0
[INFO] 2026-08-09 02:21:10,637 basehttp 10752 7984 "OPTIONS /api/v1/complaints/?status=submitted&page_size=1 HTTP/1.1" 200 0
[INFO] 2026-08-09 02:21:10,638 basehttp 10752 13264 "OPTIONS /api/v1/complaints/?status=reviewing&page_size=1 HTTP/1.1" 200 0
[INFO] 2026-08-09 02:21:10,638 basehttp 10752 12520 "OPTIONS /api/v1/complaints/?status=closed&page_size=1 HTTP/1.1" 200 0
[INFO] 2026-08-09 02:21:10,639 basehttp 10752 13568 "OPTIONS /api/v1/complaints/?page_size=1 HTTP/1.1" 200 0
[INFO] 2026-08-09 02:21:10,639 basehttp 10752 11684 "OPTIONS /api/v1/complaints/?status=confirmed&page_size=1 HTTP/1.1" 200 0
[INFO] 2026-08-09 02:21:10,639 basehttp 10752 11652 "OPTIONS /api/v1/complaints/?status=submitted&page_size=1 HTTP/1.1" 200 0
[INFO] 2026-08-09 02:21:10,643 basehttp 10752 7984 "OPTIONS /api/v1/complaints/?page_size=1 HTTP/1.1" 200 0
[INFO] 2026-08-09 02:21:10,647 basehttp 10752 11684 "OPTIONS /api/v1/complaints/?status=reviewing&page_size=1 HTTP/1.1" 200 0
[INFO] 2026-08-09 02:21:10,648 basehttp 10752 13568 "OPTIONS /api/v1/complaints/?page=1&page_size=15 HTTP/1.1" 200 0
[INFO] 2026-08-09 02:21:10,648 basehttp 10752 13264 "OPTIONS /api/v1/complaints/?status=closed&page_size=1 HTTP/1.1" 200 0
[INFO] 2026-08-09 02:21:10,648 basehttp 10752 12520 "OPTIONS /api/v1/complaints/?status=confirmed&page_size=1 HTTP/1.1" 200 0
[INFO] 2026-08-09 02:21:11,141 basehttp 10752 7984 "GET /api/v1/complaints/?page=1&page_size=15 HTTP/1.1" 200 109
[INFO] 2026-08-09 02:21:11,290 basehttp 10752 13568 "GET /api/v1/complaints/?status=reviewing&page_size=1 HTTP/1.1" 200 109
[INFO] 2026-08-09 02:21:11,390 basehttp 10752 11684 "GET /api/v1/complaints/?status=closed&page_size=1 HTTP/1.1" 200 109
[INFO] 2026-08-09 02:21:11,741 basehttp 10752 7984 "GET /api/v1/complaints/?page=1&page_size=15 HTTP/1.1" 200 109
[INFO] 2026-08-09 02:21:11,774 basehttp 10752 13264 "GET /api/v1/complaints/?status=confirmed&page_size=1 HTTP/1.1" 200 109
[INFO] 2026-08-09 02:21:11,807 basehttp 10752 12520 "GET /api/v1/complaints/?page_size=1 HTTP/1.1" 200 109
[INFO] 2026-08-09 02:21:11,927 basehttp 10752 11652 "GET /api/v1/complaints/?status=submitted&page_size=1 HTTP/1.1" 200 109
[INFO] 2026-08-09 02:21:12,102 basehttp 10752 13568 "GET /api/v1/complaints/?status=reviewing&page_size=1 HTTP/1.1" 200 109
[INFO] 2026-08-09 02:21:12,330 basehttp 10752 7984 "GET /api/v1/complaints/?status=confirmed&page_size=1 HTTP/1.1" 200 109
[INFO] 2026-08-09 02:21:12,399 basehttp 10752 11684 "GET /api/v1/complaints/?status=closed&page_size=1 HTTP/1.1" 200 109
[INFO] 2026-08-09 02:21:12,493 basehttp 10752 12520 "GET /api/v1/complaints/?status=submitted&page_size=1 HTTP/1.1" 200 109
[INFO] 2026-08-09 02:21:12,498 basehttp 10752 13264 "GET /api/v1/complaints/?page_size=1 HTTP/1.1" 200 109
[INFO] 2026-08-09 02:21:15,378 basehttp 10752 13264 "GET /api/v1/complaints/?page_size=6 HTTP/1.1" 200 109
[INFO] 2026-08-09 02:21:15,761 basehttp 10752 12520 "GET /api/v1/pricing/overpriced/?page_size=5 HTTP/1.1" 200 26
[INFO] 2026-08-09 02:21:15,909 basehttp 10752 11684 "GET /api/v1/stores/?page_size=1 HTTP/1.1" 200 416
[INFO] 2026-08-09 02:21:16,173 basehttp 10752 7984 "GET /api/v1/complaints/?page_size=6 HTTP/1.1" 200 109
[INFO] 2026-08-09 02:21:16,274 basehttp 10752 13264 "GET /api/v1/pricing/overpriced/?page_size=5 HTTP/1.1" 200 26
[INFO] 2026-08-09 02:21:16,391 basehttp 10752 12520 "GET /api/v1/stores/?page_size=1 HTTP/1.1" 200 416
[INFO] 2026-08-09 02:21:34,924 basehttp 10752 13264 "GET /api/v1/complaints/?status=submitted&page_size=1 HTTP/1.1" 200 109
[INFO] 2026-08-09 02:21:35,091 basehttp 10752 13568 "GET /api/v1/complaints/?status=closed&page_size=1 HTTP/1.1" 200 109
[INFO] 2026-08-09 02:21:35,141 basehttp 10752 11684 "GET /api/v1/complaints/?status=confirmed&page_size=1 HTTP/1.1" 200 109
[INFO] 2026-08-09 02:21:35,174 basehttp 10752 12520 "GET /api/v1/complaints/?page_size=1 HTTP/1.1" 200 109
[INFO] 2026-08-09 02:21:35,426 basehttp 10752 11652 "GET /api/v1/complaints/?page=1&page_size=15 HTTP/1.1" 200 109
[INFO] 2026-08-09 02:21:35,691 basehttp 10752 7984 "GET /api/v1/complaints/?status=reviewing&page_size=1 HTTP/1.1" 200 109
[INFO] 2026-08-09 02:21:35,883 basehttp 10752 11684 "GET /api/v1/complaints/?status=confirmed&page_size=1 HTTP/1.1" 200 109
[INFO] 2026-08-09 02:21:35,888 basehttp 10752 13568 "GET /api/v1/complaints/?status=closed&page_size=1 HTTP/1.1" 200 109
[INFO] 2026-08-09 02:21:36,121 basehttp 10752 13264 "GET /api/v1/complaints/?status=submitted&page_size=1 HTTP/1.1" 200 109
[INFO] 2026-08-09 02:21:36,134 basehttp 10752 7984 "GET /api/v1/complaints/?status=reviewing&page_size=1 HTTP/1.1" 200 109
[INFO] 2026-08-09 02:21:36,194 basehttp 10752 11652 "GET /api/v1/complaints/?page=1&page_size=15 HTTP/1.1" 200 109
[INFO] 2026-08-09 02:21:36,214 basehttp 10752 12520 "GET /api/v1/complaints/?page_size=1 HTTP/1.1" 200 109
[INFO] 2026-08-09 02:21:40,989 basehttp 10752 12520 "GET /api/v1/complaints/?page_size=6 HTTP/1.1" 200 109
[INFO] 2026-08-09 02:21:41,020 basehttp 10752 11652 "GET /api/v1/pricing/overpriced/?page_size=5 HTTP/1.1" 200 26
[INFO] 2026-08-09 02:21:41,229 basehttp 10752 7984 "GET /api/v1/stores/?page_size=1 HTTP/1.1" 200 416
[INFO] 2026-08-09 02:21:41,524 basehttp 10752 13264 "GET /api/v1/complaints/?page_size=6 HTTP/1.1" 200 109
[INFO] 2026-08-09 02:21:41,691 basehttp 10752 12520 "GET /api/v1/pricing/overpriced/?page_size=5 HTTP/1.1" 200 26
[INFO] 2026-08-09 02:21:41,691 basehttp 10752 11652 "GET /api/v1/stores/?page_size=1 HTTP/1.1" 200 416
[INFO] 2026-08-09 16:36:50,210 autoreload 14188 14032 Watching for file changes with StatReloader
[INFO] 2026-08-09 16:37:15,266 basehttp 14188 6888 "GET /admin HTTP/1.1" 301 0
[INFO] 2026-08-09 16:37:15,675 basehttp 14188 8696 "GET /admin/ HTTP/1.1" 302 0
[INFO] 2026-08-09 16:37:16,181 basehttp 14188 8696 "GET /admin/login/?next=/admin/ HTTP/1.1" 200 17389
[INFO] 2026-08-09 16:37:16,221 basehttp 14188 5888 "GET /static/admin/css/dark_mode.css HTTP/1.1" 200 2929
[INFO] 2026-08-09 16:37:16,227 basehttp 14188 1088 "GET /static/admin/css/login.css HTTP/1.1" 200 958
[INFO] 2026-08-09 16:37:16,552 basehttp 14188 13892 "GET /static/debug_toolbar/css/toolbar.css HTTP/1.1" 200 16675
[INFO] 2026-08-09 16:37:16,565 basehttp 14188 8696 "GET /static/admin/css/base.css HTTP/1.1" 200 21310
[INFO] 2026-08-09 16:37:16,775 basehttp 14188 13792 "GET /static/admin/css/responsive.css HTTP/1.1" 200 18559
[INFO] 2026-08-09 16:37:17,795 basehttp 14188 5888 "GET /static/debug_toolbar/js/toolbar.js HTTP/1.1" 200 14601
[INFO] 2026-08-09 16:37:17,806 basehttp 14188 5888 "GET /static/debug_toolbar/css/print.css HTTP/1.1" 200 43
[INFO] 2026-08-09 16:37:18,006 basehttp 14188 11120 "GET /static/admin/css/nav_sidebar.css HTTP/1.1" 200 2694
[INFO] 2026-08-09 16:37:18,197 basehttp 14188 11120 "GET /static/debug_toolbar/js/utils.js HTTP/1.1" 200 4742
[INFO] 2026-08-09 16:37:18,215 basehttp 14188 8696 "GET /static/admin/js/nav_sidebar.js HTTP/1.1" 200 3063
[INFO] 2026-08-09 16:37:18,216 basehttp 14188 13792 "GET /static/admin/js/theme.js HTTP/1.1" 200 1943
[WARNING] 2026-08-09 16:37:22,990 log 14188 13792 Not Found: /favicon.ico
[WARNING] 2026-08-09 16:37:22,991 basehttp 14188 13792 "GET /favicon.ico HTTP/1.1" 404 16658
[INFO] 2026-08-09 20:01:38,996 autoreload 12756 11392 Watching for file changes with StatReloader
[INFO] 2026-08-09 20:02:09,670 basehttp 12756 7828 "GET /admin HTTP/1.1" 301 0
[INFO] 2026-08-09 20:02:10,124 basehttp 12756 5112 "GET /admin/ HTTP/1.1" 302 0
[INFO] 2026-08-09 20:02:11,480 basehttp 12756 5112 "GET /admin/login/?next=/admin/ HTTP/1.1" 200 17392
[INFO] 2026-08-09 20:02:11,521 basehttp 12756 5112 "GET /static/admin/css/base.css HTTP/1.1" 200 21310
[INFO] 2026-08-09 20:02:11,527 basehttp 12756 13188 "GET /static/admin/css/login.css HTTP/1.1" 200 958
[INFO] 2026-08-09 20:02:11,527 basehttp 12756 10528 "GET /static/admin/css/nav_sidebar.css HTTP/1.1" 200 2694
[INFO] 2026-08-09 20:02:11,528 basehttp 12756 3740 "GET /static/admin/css/dark_mode.css HTTP/1.1" 200 2929
[INFO] 2026-08-09 20:02:11,533 basehttp 12756 12344 "GET /static/admin/css/responsive.css HTTP/1.1" 200 18559
[INFO] 2026-08-09 20:02:11,537 basehttp 12756 6664 "GET /static/debug_toolbar/css/toolbar.css HTTP/1.1" 200 16675
[INFO] 2026-08-09 20:02:11,554 basehttp 12756 6664 "GET /static/debug_toolbar/css/print.css HTTP/1.1" 200 43
[INFO] 2026-08-09 20:02:11,566 basehttp 12756 3740 "GET /static/admin/js/nav_sidebar.js HTTP/1.1" 200 3063
[INFO] 2026-08-09 20:02:11,566 basehttp 12756 12344 "GET /static/admin/js/theme.js HTTP/1.1" 200 1943
[INFO] 2026-08-09 20:02:11,571 basehttp 12756 5112 "GET /static/debug_toolbar/js/toolbar.js HTTP/1.1" 200 14601
[INFO] 2026-08-09 20:02:11,979 basehttp 12756 5112 "GET /static/debug_toolbar/js/utils.js HTTP/1.1" 200 4742
[INFO] 2026-08-09 20:04:54,156 basehttp 12756 11148 "OPTIONS /api/v1/auth/login/ HTTP/1.1" 200 0
[INFO] 2026-08-09 20:04:55,454 base_service 12756 11148 User logged in with password: 09123456789
[INFO] 2026-08-09 20:04:55,821 basehttp 12756 11148 "POST /api/v1/auth/login/ HTTP/1.1" 200 1353
[INFO] 2026-08-09 20:04:56,588 basehttp 12756 11148 "OPTIONS /api/v1/auth/me/ HTTP/1.1" 200 0
[INFO] 2026-08-09 20:04:56,588 basehttp 12756 7384 "OPTIONS /api/v1/auth/me/ HTTP/1.1" 200 0
[INFO] 2026-08-09 20:04:56,921 basehttp 12756 7384 "GET /api/v1/auth/me/ HTTP/1.1" 200 569
[INFO] 2026-08-09 20:04:57,037 basehttp 12756 11148 "GET /api/v1/auth/me/ HTTP/1.1" 200 569
[INFO] 2026-08-09 20:04:57,143 basehttp 12756 11148 "OPTIONS /api/v1/auth/users/?page=1&page_size=10 HTTP/1.1" 200 0
[INFO] 2026-08-09 20:04:57,143 basehttp 12756 7384 "OPTIONS /api/v1/auth/users/?page=1&page_size=10 HTTP/1.1" 200 0
[INFO] 2026-08-09 20:04:57,523 basehttp 12756 7384 "GET /api/v1/auth/users/?page=1&page_size=10 HTTP/1.1" 200 2762
[INFO] 2026-08-09 20:04:57,738 basehttp 12756 11148 "GET /api/v1/auth/users/?page=1&page_size=10 HTTP/1.1" 200 2762
[INFO] 2026-08-09 20:05:01,745 basehttp 12756 7384 "OPTIONS /api/v1/pricing/overpriced/?page_size=5 HTTP/1.1" 200 0
[INFO] 2026-08-09 20:05:01,745 basehttp 12756 11148 "OPTIONS /api/v1/complaints/?page_size=100 HTTP/1.1" 200 0
[INFO] 2026-08-09 20:05:01,747 basehttp 12756 7384 "OPTIONS /api/v1/pricing/official-prices/today/?page_size=10 HTTP/1.1" 200 0
[INFO] 2026-08-09 20:05:01,747 basehttp 12756 11148 "OPTIONS /api/v1/stores/?page_size=1 HTTP/1.1" 200 0
[INFO] 2026-08-09 20:05:01,747 basehttp 12756 7384 "OPTIONS /api/v1/pricing/overpriced/?page_size=5 HTTP/1.1" 200 0
[INFO] 2026-08-09 20:05:01,747 basehttp 12756 11148 "OPTIONS /api/v1/complaints/?page_size=100 HTTP/1.1" 200 0
[INFO] 2026-08-09 20:05:01,757 basehttp 12756 7384 "OPTIONS /api/v1/pricing/official-prices/today/?page_size=10 HTTP/1.1" 200 0
[INFO] 2026-08-09 20:05:02,057 basehttp 12756 14180 "OPTIONS /api/v1/stores/?page_size=1 HTTP/1.1" 200 0
[INFO] 2026-08-09 20:05:02,307 basehttp 12756 7384 "GET /api/v1/complaints/?page_size=100 HTTP/1.1" 200 109
[WARNING] 2026-08-09 20:05:02,688 log 12756 480 Bad Request: /api/v1/pricing/official-prices/today/
[WARNING] 2026-08-09 20:05:02,688 basehttp 12756 480 "GET /api/v1/pricing/official-prices/today/?page_size=10 HTTP/1.1" 400 75
[INFO] 2026-08-09 20:05:03,138 basehttp 12756 14180 "GET /api/v1/complaints/?page_size=100 HTTP/1.1" 200 109
[INFO] 2026-08-09 20:05:03,155 basehttp 12756 11148 "GET /api/v1/pricing/overpriced/?page_size=5 HTTP/1.1" 200 26
[INFO] 2026-08-09 20:05:03,238 basehttp 12756 6092 "GET /api/v1/stores/?page_size=1 HTTP/1.1" 200 416
[WARNING] 2026-08-09 20:05:03,354 log 12756 7384 Bad Request: /api/v1/pricing/official-prices/today/
[WARNING] 2026-08-09 20:05:03,354 basehttp 12756 7384 "GET /api/v1/pricing/official-prices/today/?page_size=10 HTTP/1.1" 400 75
[INFO] 2026-08-09 20:05:03,572 basehttp 12756 11148 "GET /api/v1/stores/?page_size=1 HTTP/1.1" 200 416
[INFO] 2026-08-09 20:05:03,633 basehttp 12756 14180 "GET /api/v1/pricing/overpriced/?page_size=5 HTTP/1.1" 200 26
[INFO] 2026-08-09 20:05:15,897 basehttp 12756 14180 "GET /api/v1/auth/users/?page=1&page_size=10 HTTP/1.1" 200 2762
[WARNING] 2026-08-09 20:05:16,199 log 12756 6092 Bad Request: /api/v1/pricing/official-prices/today/
[WARNING] 2026-08-09 20:05:16,206 basehttp 12756 6092 "GET /api/v1/pricing/official-prices/today/?page_size=10 HTTP/1.1" 400 75
[WARNING] 2026-08-09 20:05:16,571 log 12756 14180 Bad Request: /api/v1/pricing/official-prices/today/
[WARNING] 2026-08-09 20:05:16,573 basehttp 12756 14180 "GET /api/v1/pricing/official-prices/today/?page_size=10 HTTP/1.1" 400 75
[INFO] 2026-08-09 20:05:16,583 basehttp 12756 480 "GET /api/v1/stores/?page_size=1 HTTP/1.1" 200 416
[INFO] 2026-08-09 20:05:16,619 basehttp 12756 7384 "GET /api/v1/pricing/overpriced/?page_size=5 HTTP/1.1" 200 26
[INFO] 2026-08-09 20:05:16,635 basehttp 12756 11148 "GET /api/v1/complaints/?page_size=100 HTTP/1.1" 200 109
[INFO] 2026-08-09 20:05:17,102 basehttp 12756 7384 "GET /api/v1/complaints/?page_size=100 HTTP/1.1" 200 109
[INFO] 2026-08-09 20:05:17,119 basehttp 12756 12640 "GET /api/v1/auth/users/?page=1&page_size=10 HTTP/1.1" 200 2762
[INFO] 2026-08-09 20:05:17,224 basehttp 12756 480 "GET /api/v1/pricing/overpriced/?page_size=5 HTTP/1.1" 200 26
[INFO] 2026-08-09 20:05:17,293 basehttp 12756 14180 "GET /api/v1/stores/?page_size=1 HTTP/1.1" 200 416
[INFO] 2026-08-09 20:06:59,765 basehttp 12756 12908 "GET /api/v1/auth/me/ HTTP/1.1" 200 569
[INFO] 2026-08-09 20:06:59,946 basehttp 12756 12908 "GET /api/v1/auth/me/ HTTP/1.1" 200 569
[INFO] 2026-08-09 20:07:00,377 basehttp 12756 12908 "GET /api/v1/complaints/?page_size=100 HTTP/1.1" 200 109
[WARNING] 2026-08-09 20:07:00,641 log 12756 2144 Bad Request: /api/v1/pricing/official-prices/today/
[WARNING] 2026-08-09 20:07:00,642 basehttp 12756 2144 "GET /api/v1/pricing/official-prices/today/?page_size=10 HTTP/1.1" 400 75
[INFO] 2026-08-09 20:07:00,753 basehttp 12756 1944 "GET /api/v1/pricing/overpriced/?page_size=5 HTTP/1.1" 200 26
[INFO] 2026-08-09 20:07:01,127 basehttp 12756 6464 "GET /api/v1/stores/?page_size=1 HTTP/1.1" 200 416
[WARNING] 2026-08-09 20:07:01,172 log 12756 12908 Bad Request: /api/v1/pricing/official-prices/today/
[WARNING] 2026-08-09 20:07:01,175 basehttp 12756 12908 "GET /api/v1/pricing/official-prices/today/?page_size=10 HTTP/1.1" 400 75
[INFO] 2026-08-09 20:07:01,365 basehttp 12756 2144 "GET /api/v1/pricing/overpriced/?page_size=5 HTTP/1.1" 200 26
[INFO] 2026-08-09 20:07:01,402 basehttp 12756 1152 "GET /api/v1/complaints/?page_size=100 HTTP/1.1" 200 109
[INFO] 2026-08-09 20:07:01,543 basehttp 12756 1944 "GET /api/v1/stores/?page_size=1 HTTP/1.1" 200 416
[INFO] 2026-08-09 20:07:14,612 basehttp 12756 13700 "POST /admin/login/?next=/admin/ HTTP/1.1" 302 0
[INFO] 2026-08-09 20:07:15,359 basehttp 12756 13700 "GET /admin/ HTTP/1.1" 200 41528
[INFO] 2026-08-09 20:07:17,388 basehttp 12756 2084 "GET /static/admin/css/dashboard.css HTTP/1.1" 200 441
[INFO] 2026-08-09 20:07:17,400 basehttp 12756 7500 "GET /static/admin/img/icon-viewlink.svg HTTP/1.1" 200 581
[INFO] 2026-08-09 20:07:17,414 basehttp 12756 10244 "GET /static/admin/img/icon-changelink.svg HTTP/1.1" 200 380
[INFO] 2026-08-09 20:07:17,418 basehttp 12756 3000 "GET /static/admin/img/icon-addlink.svg HTTP/1.1" 200 331
[INFO] 2026-08-09 20:07:53,021 basehttp 12756 12872 "GET /admin/accounts/user/ HTTP/1.1" 200 42862
[INFO] 2026-08-09 20:07:53,076 basehttp 12756 12872 "GET /static/admin/css/changelists.css HTTP/1.1" 200 6566
[INFO] 2026-08-09 20:07:53,089 basehttp 12756 10816 "GET /static/admin/js/jquery.init.js HTTP/1.1" 200 347
[INFO] 2026-08-09 20:07:53,124 basehttp 12756 2000 "GET /static/admin/js/admin/RelatedObjectLookups.js HTTP/1.1" 200 8943
[INFO] 2026-08-09 20:07:53,138 basehttp 12756 10816 "GET /static/admin/js/urlify.js HTTP/1.1" 200 7887
[INFO] 2026-08-09 20:07:53,140 basehttp 12756 12872 "GET /static/admin/js/actions.js HTTP/1.1" 200 7872
[INFO] 2026-08-09 20:07:53,156 basehttp 12756 13596 "GET /static/admin/js/core.js HTTP/1.1" 200 5682
[INFO] 2026-08-09 20:07:53,156 basehttp 12756 2000 "GET /static/admin/js/prepopulate.js HTTP/1.1" 200 1531
[INFO] 2026-08-09 20:07:53,211 basehttp 12756 12076 "GET /static/admin/js/vendor/jquery/jquery.js HTTP/1.1" 200 292458
[INFO] 2026-08-09 20:07:53,221 basehttp 12756 2000 "GET /static/admin/img/icon-yes.svg HTTP/1.1" 200 436
[INFO] 2026-08-09 20:07:53,255 basehttp 12756 12076 "GET /static/admin/img/search.svg HTTP/1.1" 200 458
[INFO] 2026-08-09 20:07:53,263 basehttp 12756 2000 "GET /static/admin/img/icon-no.svg HTTP/1.1" 200 560
[INFO] 2026-08-09 20:07:53,270 basehttp 12756 12872 "GET /static/admin/js/vendor/xregexp/xregexp.js HTTP/1.1" 200 232381
[INFO] 2026-08-09 20:07:53,326 basehttp 12756 12872 "GET /static/admin/js/filters.js HTTP/1.1" 200 978
[INFO] 2026-08-09 20:07:53,333 basehttp 12756 11828 "GET /admin/jsi18n/ HTTP/1.1" 200 3343
[INFO] 2026-08-09 20:07:53,365 basehttp 12756 11828 "GET /static/admin/img/tooltag-add.svg HTTP/1.1" 200 331
[INFO] 2026-08-09 20:07:53,367 basehttp 12756 12872 "GET /static/admin/img/sorting-icons.svg HTTP/1.1" 200 1097
[INFO] 2026-08-09 20:08:15,607 basehttp 12756 12872 "GET /admin/accounts/user/2/change/ HTTP/1.1" 200 66012
[INFO] 2026-08-09 20:08:15,642 basehttp 12756 12872 "GET /static/admin/css/forms.css HTTP/1.1" 200 9090
[INFO] 2026-08-09 20:08:15,662 basehttp 12756 12872 "GET /static/admin/css/widgets.css HTTP/1.1" 200 11921
[INFO] 2026-08-09 20:08:15,666 basehttp 12756 2000 "GET /static/admin/js/SelectBox.js HTTP/1.1" 200 4530
[INFO] 2026-08-09 20:08:15,667 basehttp 12756 11828 "GET /static/admin/js/collapse.js HTTP/1.1" 200 1803
[INFO] 2026-08-09 20:08:15,669 basehttp 12756 12076 "GET /static/admin/js/SelectFilter2.js HTTP/1.1" 200 15292
[INFO] 2026-08-09 20:08:15,688 basehttp 12756 2000 "GET /static/admin/js/prepopulate_init.js HTTP/1.1" 200 586
[INFO] 2026-08-09 20:08:15,756 basehttp 12756 2000 "GET /static/admin/js/change_form.js HTTP/1.1" 200 606
[INFO] 2026-08-09 20:08:15,947 basehttp 12756 13596 "GET /admin/jsi18n/ HTTP/1.1" 200 3343
[INFO] 2026-08-09 20:08:16,032 basehttp 12756 2000 "GET /static/admin/img/selector-icons.svg HTTP/1.1" 200 3291
[INFO] 2026-08-09 20:08:16,043 basehttp 12756 13596 "GET /static/admin/img/icon-unknown.svg HTTP/1.1" 200 655
[INFO] 2026-08-09 20:08:16,046 basehttp 12756 12076 "GET /static/admin/img/icon-unknown-alt.svg HTTP/1.1" 200 655
[INFO] 2026-08-09 20:08:43,354 basehttp 12756 7500 "OPTIONS /api/v1/auth/logout/ HTTP/1.1" 200 0
[INFO] 2026-08-09 20:08:43,533 basehttp 12756 7500 "POST /api/v1/auth/logout/ HTTP/1.1" 200 71
[INFO] 2026-08-09 20:08:50,145 basehttp 12756 7500 "OPTIONS /api/v1/auth/otp/request/ HTTP/1.1" 200 0
[INFO] 2026-08-09 20:08:50,656 base_service 12756 7500 OTP sent to 09123456799
[INFO] 2026-08-09 20:08:50,813 basehttp 12756 7500 "POST /api/v1/auth/otp/request/ HTTP/1.1" 200 142
[INFO] 2026-08-09 20:08:58,020 basehttp 12756 1672 "GET /admin/ HTTP/1.1" 200 41527
[INFO] 2026-08-09 20:09:10,395 basehttp 12756 5084 "GET /admin/accounts/verifycode/ HTTP/1.1" 200 38033
[INFO] 2026-08-09 20:09:10,575 basehttp 12756 5084 "GET /admin/jsi18n/ HTTP/1.1" 200 3343
[INFO] 2026-08-09 20:09:15,781 basehttp 12756 11012 "OPTIONS /api/v1/auth/otp/verify/ HTTP/1.1" 200 0
[INFO] 2026-08-09 20:09:15,873 base_service 12756 11012 User logged in: 09123456799
[INFO] 2026-08-09 20:09:16,060 basehttp 12756 11012 "POST /api/v1/auth/otp/verify/ HTTP/1.1" 200 1213
[INFO] 2026-08-09 20:09:35,558 basehttp 12756 12456 "OPTIONS /api/v1/complaints/my/?page_size=5 HTTP/1.1" 200 0
[INFO] 2026-08-09 20:09:35,558 basehttp 12756 11012 "OPTIONS /api/v1/complaints/my/?page_size=5 HTTP/1.1" 200 0
[INFO] 2026-08-09 20:09:35,812 basehttp 12756 11012 "GET /api/v1/complaints/my/?page_size=5 HTTP/1.1" 200 2
[INFO] 2026-08-09 20:09:36,019 basehttp 12756 12456 "GET /api/v1/complaints/my/?page_size=5 HTTP/1.1" 200 2
[INFO] 2026-08-09 20:10:15,436 basehttp 12756 12456 "OPTIONS /api/v1/complaints/my/?page=1&page_size=10 HTTP/1.1" 200 0
[INFO] 2026-08-09 20:10:15,436 basehttp 12756 11012 "OPTIONS /api/v1/complaints/my/?page=1&page_size=10 HTTP/1.1" 200 0
[INFO] 2026-08-09 20:10:15,648 basehttp 12756 11012 "GET /api/v1/complaints/my/?page=1&page_size=10 HTTP/1.1" 200 2
[INFO] 2026-08-09 20:10:15,896 basehttp 12756 12456 "GET /api/v1/complaints/my/?page=1&page_size=10 HTTP/1.1" 200 2
[INFO] 2026-08-09 20:10:20,782 basehttp 12756 12456 "OPTIONS /api/v1/auth/users/profile/ HTTP/1.1" 200 0
[INFO] 2026-08-09 20:10:20,782 basehttp 12756 11012 "OPTIONS /api/v1/auth/users/profile/ HTTP/1.1" 200 0
[INFO] 2026-08-09 20:10:20,946 basehttp 12756 12456 "GET /api/v1/auth/users/profile/ HTTP/1.1" 200 493
[INFO] 2026-08-09 20:10:22,225 basehttp 12756 11012 "GET /api/v1/auth/users/profile/ HTTP/1.1" 200 493
[INFO] 2026-08-09 20:13:04,539 base_service 12756 11012 Profile updated: 09123456799
[INFO] 2026-08-09 20:13:04,736 basehttp 12756 11012 "PATCH /api/v1/auth/users/profile/ HTTP/1.1" 200 592
[INFO] 2026-08-09 20:13:37,367 basehttp 12756 11012 "GET /api/v1/complaints/my/?page=1&page_size=10 HTTP/1.1" 200 2
[INFO] 2026-08-09 20:13:37,668 basehttp 12756 12456 "GET /api/v1/complaints/my/?page=1&page_size=10 HTTP/1.1" 200 2
[INFO] 2026-08-09 20:13:41,750 basehttp 12756 11012 "OPTIONS /api/v1/products/?page_size=20 HTTP/1.1" 200 0
[INFO] 2026-08-09 20:13:41,750 basehttp 12756 12456 "OPTIONS /api/v1/products/?page_size=20 HTTP/1.1" 200 0
[INFO] 2026-08-09 20:13:41,951 basehttp 12756 12456 "GET /api/v1/products/?page_size=20 HTTP/1.1" 200 109
[INFO] 2026-08-09 20:13:42,097 basehttp 12756 11012 "GET /api/v1/products/?page_size=20 HTTP/1.1" 200 109
[INFO] 2026-08-09 20:13:42,306 basehttp 12756 11012 "GET /api/v1/products/?page_size=20 HTTP/1.1" 200 109
[INFO] 2026-08-09 20:14:02,127 basehttp 12756 11012 "OPTIONS /api/v1/stores/?search=%D8%B4%D8%B3%DB%8C&status=active&page_size=10 HTTP/1.1" 200 0
[INFO] 2026-08-09 20:14:02,478 basehttp 12756 11012 "GET /api/v1/stores/?search=%D8%B4%D8%B3%DB%8C&status=active&page_size=10 HTTP/1.1" 200 109
[INFO] 2026-08-09 20:14:03,557 basehttp 12756 11012 "OPTIONS /api/v1/stores/?search=%D8%B4%D8%B3&status=active&page_size=10 HTTP/1.1" 200 0
[INFO] 2026-08-09 20:14:03,740 basehttp 12756 11012 "GET /api/v1/stores/?search=%D8%B4%D8%B3&status=active&page_size=10 HTTP/1.1" 200 109
[INFO] 2026-08-09 20:15:45,781 basehttp 12756 9968 "GET /admin/ HTTP/1.1" 200 41527
[INFO] 2026-08-09 20:15:56,877 basehttp 12756 9968 "GET /admin/stores/store/ HTTP/1.1" 200 39815
[INFO] 2026-08-09 20:15:57,072 basehttp 12756 9968 "GET /admin/jsi18n/ HTTP/1.1" 200 3343
[INFO] 2026-08-09 20:15:59,932 basehttp 12756 9968 "GET /admin/ HTTP/1.1" 200 41527
[INFO] 2026-08-09 20:16:02,373 basehttp 12756 9968 "GET /admin/accounts/user/ HTTP/1.1" 200 42873
[INFO] 2026-08-09 20:16:02,679 basehttp 12756 9968 "GET /admin/jsi18n/ HTTP/1.1" 200 3343
[INFO] 2026-08-09 20:16:10,611 basehttp 12756 9968 "GET /admin/ HTTP/1.1" 200 41527
[INFO] 2026-08-09 20:16:17,629 basehttp 12756 9968 "GET /admin/stores/store/ HTTP/1.1" 200 39815
[INFO] 2026-08-09 20:16:17,819 basehttp 12756 9968 "GET /admin/jsi18n/ HTTP/1.1" 200 3343
[INFO] 2026-08-09 20:16:24,475 basehttp 12756 11012 "OPTIONS /api/v1/stores/?search=%D9%86%D9%88%D9%88&status=active&page_size=10 HTTP/1.1" 200 0
[INFO] 2026-08-09 20:16:24,877 basehttp 12756 11012 "GET /api/v1/stores/?search=%D9%86%D9%88%D9%88&status=active&page_size=10 HTTP/1.1" 200 109
[INFO] 2026-08-09 20:16:25,026 basehttp 12756 11012 "OPTIONS /api/v1/stores/?search=%D9%86%D9%88&status=active&page_size=10 HTTP/1.1" 200 0
[INFO] 2026-08-09 20:16:25,369 basehttp 12756 11012 "GET /api/v1/stores/?search=%D9%86%D9%88&status=active&page_size=10 HTTP/1.1" 200 416
[INFO] 2026-08-09 20:16:34,716 basehttp 12756 9968 "GET /admin/stores/store/1/change/ HTTP/1.1" 200 54752
[INFO] 2026-08-09 20:16:34,778 basehttp 12756 8680 "GET /static/admin/css/vendor/select2/select2.css HTTP/1.1" 200 17358
[INFO] 2026-08-09 20:16:34,785 basehttp 12756 12012 "GET /static/admin/css/autocomplete.css HTTP/1.1" 200 9114
[INFO] 2026-08-09 20:16:34,836 basehttp 12756 7944 "GET /static/admin/js/autocomplete.js HTTP/1.1" 200 1060
[INFO] 2026-08-09 20:16:34,854 basehttp 12756 6764 "GET /static/admin/js/vendor/select2/i18n/en.js HTTP/1.1" 200 844
[INFO] 2026-08-09 20:16:34,871 basehttp 12756 6764 "GET /static/admin/img/icon-deletelink.svg HTTP/1.1" 200 392
[INFO] 2026-08-09 20:16:34,953 basehttp 12756 8632 "GET /static/admin/js/vendor/select2/select2.full.js HTTP/1.1" 200 173566
[INFO] 2026-08-09 20:16:34,962 basehttp 12756 9968 "GET /admin/jsi18n/ HTTP/1.1" 200 3343
[INFO] 2026-08-09 20:16:48,898 basehttp 12756 9968 "GET /admin/stores/store/ HTTP/1.1" 200 39817
[INFO] 2026-08-09 20:16:51,015 basehttp 12756 9968 "GET /admin/ HTTP/1.1" 200 41527
[INFO] 2026-08-09 20:17:11,436 basehttp 12756 9968 "GET /admin/products/productcategory/ HTTP/1.1" 200 35991
[INFO] 2026-08-09 20:17:11,607 basehttp 12756 9968 "GET /admin/jsi18n/ HTTP/1.1" 200 3343
[INFO] 2026-08-09 20:17:14,661 basehttp 12756 9968 "GET /admin/products/productcategory/add/ HTTP/1.1" 200 45728
[INFO] 2026-08-09 20:17:14,840 basehttp 12756 9968 "GET /admin/jsi18n/ HTTP/1.1" 200 3343
[INFO] 2026-08-09 20:17:15,907 basehttp 12756 9968 "GET /admin/autocomplete/?app_label=products&model_name=productcategory&field_name=parent HTTP/1.1" 200 46
[INFO] 2026-08-09 20:17:16,148 basehttp 12756 9968 "GET /__debug__/history_sidebar/?store_id=fa95cd13000e4d1fa2033ab6b3eb40e0 HTTP/1.1" 200 9902
[INFO] 2026-08-09 20:17:20,052 basehttp 12756 9968 "GET /admin/autocomplete/?app_label=products&model_name=productcategory&field_name=parent HTTP/1.1" 200 46
[INFO] 2026-08-09 20:17:20,282 basehttp 12756 9968 "GET /__debug__/history_sidebar/?store_id=87afd71f911043aab8ba69e396b8a071 HTTP/1.1" 200 9902
[INFO] 2026-08-09 20:17:25,505 basehttp 12756 9968 "GET /admin/autocomplete/?term=%D9%86%D9%88%D8%B2&app_label=products&model_name=productcategory&field_name=parent HTTP/1.1" 200 46
[INFO] 2026-08-09 20:17:25,731 basehttp 12756 9968 "GET /__debug__/history_sidebar/?store_id=07a191c2d728454aa8c4d5d065aaa1c1 HTTP/1.1" 200 9930
[INFO] 2026-08-09 20:17:28,088 basehttp 12756 9968 - Broken pipe from ('127.0.0.1', 55985)
[INFO] 2026-08-09 20:17:28,595 basehttp 12756 8632 - Broken pipe from ('127.0.0.1', 55995)
[INFO] 2026-08-09 20:17:29,109 basehttp 12756 6764 "GET /admin/autocomplete/?term=&app_label=products&model_name=productcategory&field_name=parent HTTP/1.1" 200 46
[INFO] 2026-08-09 20:17:29,339 basehttp 12756 6764 "GET /__debug__/history_sidebar/?store_id=0e41e96e4b49434ca275a4874328d1cd HTTP/1.1" 200 9913
[INFO] 2026-08-09 20:17:31,851 basehttp 12756 6764 - Broken pipe from ('127.0.0.1', 55996)
[INFO] 2026-08-09 20:17:32,633 basehttp 12756 7944 "GET /admin/autocomplete/?term=%D8%A7%D9%86%D8%B3%D8%A7%D9%86&app_label=products&model_name=productcategory&field_name=parent HTTP/1.1" 200 46
[INFO] 2026-08-09 20:17:32,863 basehttp 12756 7944 "GET /__debug__/history_sidebar/?store_id=45aded4e48504ef6955d12d71b9e97cd HTTP/1.1" 200 9943
[INFO] 2026-08-09 20:17:37,538 basehttp 12756 7944 "GET /admin/products/productcategory/add/?_to_field=id&_popup=1 HTTP/1.1" 200 27875
[INFO] 2026-08-09 20:17:37,726 basehttp 12756 7944 "GET /admin/jsi18n/ HTTP/1.1" 200 3343
[INFO] 2026-08-09 20:17:40,618 basehttp 12756 7944 "GET /admin/products/productcategory/add/?_to_field=id&_popup=1 HTTP/1.1" 200 27875
[INFO] 2026-08-09 20:17:40,808 basehttp 12756 7944 "GET /admin/jsi18n/ HTTP/1.1" 200 3343
[INFO] 2026-08-09 20:17:54,767 basehttp 12756 7944 "POST /admin/products/productcategory/add/ HTTP/1.1" 302 0
[INFO] 2026-08-09 20:17:55,371 basehttp 12756 7944 "GET /admin/products/productcategory/ HTTP/1.1" 200 39785
[INFO] 2026-08-09 20:17:55,577 basehttp 12756 7944 "GET /admin/jsi18n/ HTTP/1.1" 200 3343
[INFO] 2026-08-09 20:18:06,993 basehttp 12756 7944 "GET /admin/products/productcategory/add/ HTTP/1.1" 200 45727
[INFO] 2026-08-09 20:18:07,164 basehttp 12756 7944 "GET /admin/jsi18n/ HTTP/1.1" 200 3343
[INFO] 2026-08-09 20:18:10,641 basehttp 12756 7944 "GET /admin/autocomplete/?app_label=products&model_name=productcategory&field_name=parent HTTP/1.1" 200 99
[INFO] 2026-08-09 20:18:10,880 basehttp 12756 7944 "GET /__debug__/history_sidebar/?store_id=097382733a4047c6a495dd69bde99912 HTTP/1.1" 200 9903
[INFO] 2026-08-09 20:18:19,453 basehttp 12756 7944 "POST /admin/products/productcategory/add/ HTTP/1.1" 302 0
[INFO] 2026-08-09 20:18:20,052 basehttp 12756 7944 "GET /admin/products/productcategory/ HTTP/1.1" 200 40576
[INFO] 2026-08-09 20:18:20,253 basehttp 12756 7944 "GET /admin/jsi18n/ HTTP/1.1" 200 3343
[INFO] 2026-08-09 20:18:31,803 basehttp 12756 7944 "GET /admin/ HTTP/1.1" 200 41568
[INFO] 2026-08-09 20:18:42,904 basehttp 12756 7944 "GET /admin/products/product/ HTTP/1.1" 200 36504
[INFO] 2026-08-09 20:18:43,101 basehttp 12756 7944 "GET /admin/jsi18n/ HTTP/1.1" 200 3343
[INFO] 2026-08-09 20:18:44,917 basehttp 12756 7944 "GET /admin/products/product/add/ HTTP/1.1" 200 52417
[INFO] 2026-08-09 20:18:45,089 basehttp 12756 7944 "GET /admin/jsi18n/ HTTP/1.1" 200 3343
[INFO] 2026-08-09 20:19:00,841 basehttp 12756 7944 "GET /admin/autocomplete/?app_label=products&model_name=product&field_name=union HTTP/1.1" 200 126
[INFO] 2026-08-09 20:19:01,069 basehttp 12756 7944 "GET /__debug__/history_sidebar/?store_id=35eb25a698d741d7a15ad11c1e1ab31f HTTP/1.1" 200 9894
[INFO] 2026-08-09 20:19:05,278 basehttp 12756 7944 "GET /admin/autocomplete/?app_label=products&model_name=product&field_name=category HTTP/1.1" 200 187
[INFO] 2026-08-09 20:19:05,531 basehttp 12756 7944 "GET /__debug__/history_sidebar/?store_id=87c28a6e3fe848029dfc05abd18eb382 HTTP/1.1" 200 9897
[INFO] 2026-08-09 20:19:28,030 basehttp 12756 7944 "GET /admin/autocomplete/?app_label=products&model_name=product&field_name=unit HTTP/1.1" 200 46
[INFO] 2026-08-09 20:19:28,256 basehttp 12756 7944 "GET /__debug__/history_sidebar/?store_id=43be97802ff24950b222d127d577a535 HTTP/1.1" 200 9893
[INFO] 2026-08-09 20:19:28,459 basehttp 12756 7944 "GET /admin/autocomplete/?app_label=products&model_name=product&field_name=unit HTTP/1.1" 200 46
[INFO] 2026-08-09 20:19:28,685 basehttp 12756 7944 "GET /__debug__/history_sidebar/?store_id=701d07d0925b4e32b2891336db391451 HTTP/1.1" 200 9892
[INFO] 2026-08-09 20:19:30,729 basehttp 12756 7944 "GET /admin/products/productunit/add/?_to_field=id&_popup=1 HTTP/1.1" 200 20966
[INFO] 2026-08-09 20:19:30,932 basehttp 12756 7944 "GET /admin/jsi18n/ HTTP/1.1" 200 3343
[INFO] 2026-08-09 20:19:45,872 basehttp 12756 7944 "POST /admin/products/productunit/add/?_to_field=id&_popup=1 HTTP/1.1" 200 13579
[INFO] 2026-08-09 20:19:45,908 basehttp 12756 7944 "GET /static/admin/js/popup_response.js HTTP/1.1" 200 551
[INFO] 2026-08-09 20:20:37,686 basehttp 12756 7944 "POST /admin/products/product/add/ HTTP/1.1" 302 0
[INFO] 2026-08-09 20:20:38,362 basehttp 12756 7944 "GET /admin/products/product/ HTTP/1.1" 200 40994
[INFO] 2026-08-09 20:20:38,538 basehttp 12756 7944 "GET /admin/jsi18n/ HTTP/1.1" 200 3343
[INFO] 2026-08-09 20:20:42,196 basehttp 12756 11012 "GET /api/v1/products/?page_size=20 HTTP/1.1" 200 344
[INFO] 2026-08-09 20:20:42,483 basehttp 12756 11012 "GET /api/v1/products/?page_size=20 HTTP/1.1" 200 344
[INFO] 2026-08-09 20:20:46,644 basehttp 12756 7944 "GET /admin/products/product/add/ HTTP/1.1" 200 52417
[INFO] 2026-08-09 20:20:49,828 basehttp 12756 7944 "GET /admin/ HTTP/1.1" 200 41546
[INFO] 2026-08-09 20:21:03,925 basehttp 12756 7944 "GET /admin/stores/store/ HTTP/1.1" 200 39816
[INFO] 2026-08-09 20:21:04,097 basehttp 12756 7944 "GET /admin/jsi18n/ HTTP/1.1" 200 3343
[INFO] 2026-08-09 20:21:07,156 basehttp 12756 7944 "GET /admin/stores/store/1/change/ HTTP/1.1" 200 54751
[INFO] 2026-08-09 20:21:07,351 basehttp 12756 7944 "GET /admin/jsi18n/ HTTP/1.1" 200 3343
[INFO] 2026-08-09 20:21:18,806 basehttp 12756 11012 "OPTIONS /api/v1/stores/?search=%D9%86%D9%88%D8%B2&status=active&page_size=10 HTTP/1.1" 200 0
[INFO] 2026-08-09 20:21:19,114 basehttp 12756 11012 "GET /api/v1/stores/?search=%D9%86%D9%88%D8%B2&status=active&page_size=10 HTTP/1.1" 200 416
[INFO] 2026-08-09 20:21:20,249 basehttp 12756 11012 "OPTIONS /api/v1/pricing/official-prices/today/?product=1 HTTP/1.1" 200 0
[WARNING] 2026-08-09 20:21:20,374 log 12756 11012 Bad Request: /api/v1/pricing/official-prices/today/
[WARNING] 2026-08-09 20:21:20,374 basehttp 12756 11012 "GET /api/v1/pricing/official-prices/today/?product=1 HTTP/1.1" 400 75
[INFO] 2026-08-09 20:37:39,293 basehttp 12756 10352 "OPTIONS /api/v1/complaints/ HTTP/1.1" 200 0
[INFO] 2026-08-09 20:37:39,756 signals 12756 10352 New complaint created: 44925658
[ERROR] 2026-08-09 20:37:39,801 signals 12756 10352 Failed to auto-assign complaint 1: cannot import name 'NotificationService' from 'apps.notifications.services' (unknown location)
[INFO] 2026-08-09 20:37:41,325 basehttp 12756 10352 "POST /api/v1/complaints/ HTTP/1.1" 201 965
[INFO] 2026-08-09 20:37:56,718 basehttp 12756 10352 "OPTIONS /api/v1/complaints/track/44925658/ HTTP/1.1" 200 0
[INFO] 2026-08-09 20:37:57,260 basehttp 12756 10352 "GET /api/v1/complaints/track/44925658/ HTTP/1.1" 200 965
[INFO] 2026-08-09 20:38:17,267 basehttp 12756 10352 "GET /api/v1/auth/me/ HTTP/1.1" 200 523
[INFO] 2026-08-09 20:38:17,581 basehttp 12756 7320 "GET /api/v1/auth/me/ HTTP/1.1" 200 523
[INFO] 2026-08-09 20:38:18,402 basehttp 12756 10352 "GET /api/v1/pricing/overpriced/?page_size=5 HTTP/1.1" 200 26
[INFO] 2026-08-09 20:38:18,551 basehttp 12756 7320 "GET /api/v1/complaints/?page_size=100 HTTP/1.1" 200 551
[WARNING] 2026-08-09 20:38:18,809 log 12756 5888 Bad Request: /api/v1/pricing/official-prices/today/
[WARNING] 2026-08-09 20:38:18,809 basehttp 12756 5888 "GET /api/v1/pricing/official-prices/today/?page_size=10 HTTP/1.1" 400 75
[INFO] 2026-08-09 20:38:19,104 basehttp 12756 10352 "GET /api/v1/pricing/overpriced/?page_size=5 HTTP/1.1" 200 26
[INFO] 2026-08-09 20:38:19,113 basehttp 12756 6132 "GET /api/v1/stores/?page_size=1 HTTP/1.1" 200 416
[INFO] 2026-08-09 20:38:19,322 basehttp 12756 7320 "GET /api/v1/complaints/?page_size=100 HTTP/1.1" 200 551
[WARNING] 2026-08-09 20:38:19,382 log 12756 11560 Bad Request: /api/v1/pricing/official-prices/today/
[WARNING] 2026-08-09 20:38:19,383 basehttp 12756 11560 "GET /api/v1/pricing/official-prices/today/?page_size=10 HTTP/1.1" 400 75
[INFO] 2026-08-09 20:38:19,922 basehttp 12756 10352 "GET /api/v1/stores/?page_size=1 HTTP/1.1" 200 416
[INFO] 2026-08-09 20:38:25,031 basehttp 12756 10352 "GET /api/v1/products/?page_size=20 HTTP/1.1" 200 344
[INFO] 2026-08-09 20:38:25,225 basehttp 12756 11560 "GET /api/v1/products/?page_size=20 HTTP/1.1" 200 344
[INFO] 2026-08-09 20:38:25,444 basehttp 12756 10352 "GET /api/v1/products/?page_size=20 HTTP/1.1" 200 344
[WARNING] 2026-08-09 20:39:39,559 log 12756 7320 Bad Request: /api/v1/pricing/official-prices/today/
[WARNING] 2026-08-09 20:39:39,560 basehttp 12756 7320 "GET /api/v1/pricing/official-prices/today/?page_size=10 HTTP/1.1" 400 75
[INFO] 2026-08-09 20:39:39,861 basehttp 12756 6132 "GET /api/v1/stores/?page_size=1 HTTP/1.1" 200 416
[INFO] 2026-08-09 20:39:40,083 basehttp 12756 10352 "GET /api/v1/complaints/?page_size=100 HTTP/1.1" 200 551
[INFO] 2026-08-09 20:39:40,285 basehttp 12756 11560 "GET /api/v1/pricing/overpriced/?page_size=5 HTTP/1.1" 200 26
[WARNING] 2026-08-09 20:39:40,453 log 12756 5888 Bad Request: /api/v1/pricing/official-prices/today/
[WARNING] 2026-08-09 20:39:40,453 basehttp 12756 5888 "GET /api/v1/pricing/official-prices/today/?page_size=10 HTTP/1.1" 400 75
[INFO] 2026-08-09 20:39:40,674 basehttp 12756 6132 "GET /api/v1/complaints/?page_size=100 HTTP/1.1" 200 551
[INFO] 2026-08-09 20:39:40,859 basehttp 12756 7320 "GET /api/v1/stores/?page_size=1 HTTP/1.1" 200 416
[INFO] 2026-08-09 20:39:40,932 basehttp 12756 10352 "GET /api/v1/pricing/overpriced/?page_size=5 HTTP/1.1" 200 26
[INFO] 2026-08-09 20:39:41,083 basehttp 12756 10352 "POST /api/v1/auth/logout/ HTTP/1.1" 200 71
[INFO] 2026-08-09 20:40:01,252 base_service 12756 10352 User logged in with password: 09123456789
[INFO] 2026-08-09 20:40:01,467 basehttp 12756 10352 "POST /api/v1/auth/login/ HTTP/1.1" 200 1353
[INFO] 2026-08-09 20:40:02,573 basehttp 12756 5888 "GET /api/v1/stores/?page_size=1 HTTP/1.1" 200 416
[WARNING] 2026-08-09 20:40:02,829 log 12756 6132 Bad Request: /api/v1/pricing/official-prices/today/
[WARNING] 2026-08-09 20:40:02,836 basehttp 12756 6132 "GET /api/v1/pricing/official-prices/today/?page_size=10 HTTP/1.1" 400 75
[INFO] 2026-08-09 20:40:02,958 basehttp 12756 10352 "GET /api/v1/complaints/?page_size=100 HTTP/1.1" 200 551
[INFO] 2026-08-09 20:40:03,212 basehttp 12756 7320 "GET /api/v1/pricing/overpriced/?page_size=5 HTTP/1.1" 200 26
[INFO] 2026-08-09 20:40:03,467 basehttp 12756 6132 "GET /api/v1/complaints/?page_size=100 HTTP/1.1" 200 551
[INFO] 2026-08-09 20:40:03,559 basehttp 12756 11560 "GET /api/v1/stores/?page_size=1 HTTP/1.1" 200 416
[WARNING] 2026-08-09 20:40:03,569 log 12756 5888 Bad Request: /api/v1/pricing/official-prices/today/
[WARNING] 2026-08-09 20:40:03,569 basehttp 12756 5888 "GET /api/v1/pricing/official-prices/today/?page_size=10 HTTP/1.1" 400 75
[INFO] 2026-08-09 20:40:03,721 basehttp 12756 10352 "GET /api/v1/pricing/overpriced/?page_size=5 HTTP/1.1" 200 26
[INFO] 2026-08-09 20:42:18,539 basehttp 12756 10352 "GET /api/v1/auth/users/?page=1&page_size=10 HTTP/1.1" 200 2822
[INFO] 2026-08-09 20:42:18,794 basehttp 12756 5888 "GET /api/v1/auth/users/?page=1&page_size=10 HTTP/1.1" 200 2822
[INFO] 2026-08-09 20:42:19,961 basehttp 12756 10352 "OPTIONS /api/v1/auth/users/?role=customer&page=1&page_size=15 HTTP/1.1" 200 0
[INFO] 2026-08-09 20:42:19,961 basehttp 12756 5888 "OPTIONS /api/v1/auth/users/?role=customer&page=1&page_size=15 HTTP/1.1" 200 0
[INFO] 2026-08-09 20:42:20,201 basehttp 12756 5888 "GET /api/v1/auth/users/?role=customer&page=1&page_size=15 HTTP/1.1" 200 561
[INFO] 2026-08-09 20:42:20,421 basehttp 12756 10352 "GET /api/v1/auth/users/?role=customer&page=1&page_size=15 HTTP/1.1" 200 561
[INFO] 2026-08-09 20:46:59,143 autoreload 8968 11012 Watching for file changes with StatReloader
[INFO] 2026-08-09 20:47:23,033 basehttp 8968 13812 "GET /admin HTTP/1.1" 301 0
[INFO] 2026-08-09 20:47:23,443 basehttp 8968 7448 "GET /admin/ HTTP/1.1" 302 0
[INFO] 2026-08-09 20:47:24,232 basehttp 8968 7448 "GET /admin/login/?next=/admin/ HTTP/1.1" 200 17391
[INFO] 2026-08-09 20:47:24,258 basehttp 8968 7448 "GET /static/admin/css/base.css HTTP/1.1" 200 21310
[INFO] 2026-08-09 20:47:24,270 basehttp 8968 7448 "GET /static/admin/css/dark_mode.css HTTP/1.1" 200 2929
[INFO] 2026-08-09 20:47:24,273 basehttp 8968 3292 "GET /static/admin/css/nav_sidebar.css HTTP/1.1" 200 2694
[INFO] 2026-08-09 20:47:24,274 basehttp 8968 560 "GET /static/admin/css/login.css HTTP/1.1" 200 958
[INFO] 2026-08-09 20:47:24,275 basehttp 8968 3744 "GET /static/admin/css/responsive.css HTTP/1.1" 200 18559
[INFO] 2026-08-09 20:47:24,276 basehttp 8968 9536 "GET /static/debug_toolbar/css/toolbar.css HTTP/1.1" 200 16675
[INFO] 2026-08-09 20:47:24,280 basehttp 8968 10412 "GET /static/debug_toolbar/js/toolbar.js HTTP/1.1" 200 14601
[INFO] 2026-08-09 20:47:24,281 basehttp 8968 560 "GET /static/admin/js/nav_sidebar.js HTTP/1.1" 200 3063
[INFO] 2026-08-09 20:47:24,282 basehttp 8968 3744 "GET /static/admin/js/theme.js HTTP/1.1" 200 1943
[INFO] 2026-08-09 20:47:24,282 basehttp 8968 9536 "GET /static/debug_toolbar/css/print.css HTTP/1.1" 200 43
[INFO] 2026-08-09 20:47:24,286 basehttp 8968 3744 "GET /static/debug_toolbar/js/utils.js HTTP/1.1" 200 4742
[INFO] 2026-08-09 20:47:36,980 basehttp 8968 920 "OPTIONS /api/v1/auth/login/ HTTP/1.1" 200 0
[INFO] 2026-08-09 20:47:37,687 base_service 8968 920 User logged in with password: 09123456789
[INFO] 2026-08-09 20:47:37,903 basehttp 8968 920 "POST /api/v1/auth/login/ HTTP/1.1" 200 1353
[INFO] 2026-08-09 20:47:38,759 basehttp 8968 920 "OPTIONS /api/v1/auth/me/ HTTP/1.1" 200 0
[INFO] 2026-08-09 20:47:38,759 basehttp 8968 5552 "OPTIONS /api/v1/auth/me/ HTTP/1.1" 200 0
[INFO] 2026-08-09 20:47:38,956 basehttp 8968 5552 "GET /api/v1/auth/me/ HTTP/1.1" 200 569
[INFO] 2026-08-09 20:47:39,084 basehttp 8968 920 "GET /api/v1/auth/me/ HTTP/1.1" 200 569
[INFO] 2026-08-09 20:47:39,153 basehttp 8968 5552 "OPTIONS /api/v1/auth/users/?page=1&page_size=10 HTTP/1.1" 200 0
[INFO] 2026-08-09 20:47:39,153 basehttp 8968 920 "OPTIONS /api/v1/auth/users/?page=1&page_size=10 HTTP/1.1" 200 0
[INFO] 2026-08-09 20:47:39,360 basehttp 8968 920 "GET /api/v1/auth/users/?page=1&page_size=10 HTTP/1.1" 200 2822
[INFO] 2026-08-09 20:47:39,584 basehttp 8968 5552 "GET /api/v1/auth/users/?page=1&page_size=10 HTTP/1.1" 200 2822
[INFO] 2026-08-09 20:47:44,974 basehttp 8968 3744 "POST /admin/login/?next=/admin/ HTTP/1.1" 200 17573
[INFO] 2026-08-09 20:47:46,830 basehttp 8968 920 "OPTIONS /api/v1/auth/users/?role=customer&page=1&page_size=15 HTTP/1.1" 200 0
[INFO] 2026-08-09 20:47:46,831 basehttp 8968 5552 "OPTIONS /api/v1/auth/users/?role=customer&page=1&page_size=15 HTTP/1.1" 200 0
[INFO] 2026-08-09 20:47:47,686 basehttp 8968 5552 "GET /api/v1/auth/users/?role=customer&page=1&page_size=15 HTTP/1.1" 200 561
[INFO] 2026-08-09 20:47:47,869 basehttp 8968 920 "GET /api/v1/auth/users/?role=customer&page=1&page_size=15 HTTP/1.1" 200 561
[INFO] 2026-08-09 20:47:48,355 basehttp 8968 5552 "OPTIONS /api/v1/auth/users/?role=province_manager&page_size=1 HTTP/1.1" 200 0
[INFO] 2026-08-09 20:47:48,355 basehttp 8968 920 "OPTIONS /api/v1/auth/users/?role=admin&page_size=1 HTTP/1.1" 200 0
[INFO] 2026-08-09 20:47:48,359 basehttp 8968 920 "OPTIONS /api/v1/auth/users/?role=union_manager&page_size=1 HTTP/1.1" 200 0
[INFO] 2026-08-09 20:47:48,359 basehttp 8968 5552 "OPTIONS /api/v1/auth/users/?role=chamber_manager&page_size=1 HTTP/1.1" 200 0
[INFO] 2026-08-09 20:47:48,362 basehttp 8968 920 "OPTIONS /api/v1/auth/users/?role=store_owner&page_size=1 HTTP/1.1" 200 0
[INFO] 2026-08-09 20:47:48,362 basehttp 8968 5552 "OPTIONS /api/v1/auth/users/?role=inspector&page_size=1 HTTP/1.1" 200 0
[INFO] 2026-08-09 20:47:48,693 basehttp 8968 8456 "OPTIONS /api/v1/auth/users/?role=customer&page_size=1 HTTP/1.1" 200 0
[INFO] 2026-08-09 20:47:48,696 basehttp 8968 6464 "OPTIONS /api/v1/auth/users/?role=chamber_manager&page_size=1 HTTP/1.1" 200 0
[INFO] 2026-08-09 20:47:48,703 basehttp 8968 11904 "OPTIONS /api/v1/auth/users/?role=union_manager&page_size=1 HTTP/1.1" 200 0
[INFO] 2026-08-09 20:47:48,703 basehttp 8968 13972 "OPTIONS /api/v1/auth/users/?role=store_owner&page_size=1 HTTP/1.1" 200 0
[INFO] 2026-08-09 20:47:48,709 basehttp 8968 11904 "OPTIONS /api/v1/auth/users/?role=inspector&page_size=1 HTTP/1.1" 200 0
[INFO] 2026-08-09 20:47:48,715 basehttp 8968 13972 "OPTIONS /api/v1/auth/users/?role=customer&page_size=1 HTTP/1.1" 200 0
[INFO] 2026-08-09 20:47:48,747 basehttp 8968 920 "GET /api/v1/auth/users/?role=province_manager&page_size=1 HTTP/1.1" 200 647
[INFO] 2026-08-09 20:47:48,830 basehttp 8968 5552 "GET /api/v1/auth/users/?role=admin&page_size=1 HTTP/1.1" 200 537
[INFO] 2026-08-09 20:47:49,478 basehttp 8968 8456 "GET /api/v1/auth/users/?role=union_manager&page_size=1 HTTP/1.1" 200 525
[INFO] 2026-08-09 20:47:49,657 basehttp 8968 920 "GET /api/v1/auth/users/?role=customer&page_size=1 HTTP/1.1" 200 561
[INFO] 2026-08-09 20:47:49,737 basehttp 8968 5552 "GET /api/v1/auth/users/?role=province_manager&page_size=1 HTTP/1.1" 200 647
[INFO] 2026-08-09 20:47:50,118 basehttp 8968 13972 "GET /api/v1/auth/users/?role=inspector&page_size=1 HTTP/1.1" 200 109
[INFO] 2026-08-09 20:47:50,224 basehttp 8968 920 "GET /api/v1/auth/users/?role=union_manager&page_size=1 HTTP/1.1" 200 525
[INFO] 2026-08-09 20:47:50,463 basehttp 8968 5552 "GET /api/v1/auth/users/?role=customer&page_size=1 HTTP/1.1" 200 561
[INFO] 2026-08-09 20:47:50,582 basehttp 8968 11904 "GET /api/v1/auth/users/?role=store_owner&page_size=1 HTTP/1.1" 200 552
[INFO] 2026-08-09 20:47:50,785 basehttp 8968 13972 "GET /api/v1/auth/users/?role=inspector&page_size=1 HTTP/1.1" 200 109
[INFO] 2026-08-09 20:47:50,836 basehttp 8968 6464 "GET /api/v1/auth/users/?role=chamber_manager&page_size=1 HTTP/1.1" 200 540
[INFO] 2026-08-09 20:47:50,945 basehttp 8968 8456 "GET /api/v1/auth/users/?role=admin&page_size=1 HTTP/1.1" 200 537
[INFO] 2026-08-09 20:47:51,249 basehttp 8968 5552 "GET /api/v1/auth/users/?role=store_owner&page_size=1 HTTP/1.1" 200 552
[INFO] 2026-08-09 20:47:51,296 basehttp 8968 13972 "GET /api/v1/auth/users/?role=chamber_manager&page_size=1 HTTP/1.1" 200 540
[INFO] 2026-08-09 20:47:53,812 basehttp 8968 13972 "OPTIONS /api/v1/complaints/?page_size=100 HTTP/1.1" 200 0
[INFO] 2026-08-09 20:47:53,812 basehttp 8968 8456 "OPTIONS /api/v1/pricing/official-prices/today/?page_size=10 HTTP/1.1" 200 0
[INFO] 2026-08-09 20:47:53,812 basehttp 8968 11904 "OPTIONS /api/v1/complaints/?page_size=100 HTTP/1.1" 200 0
[INFO] 2026-08-09 20:47:53,812 basehttp 8968 920 "OPTIONS /api/v1/pricing/overpriced/?page_size=5 HTTP/1.1" 200 0
[INFO] 2026-08-09 20:47:53,812 basehttp 8968 5552 "OPTIONS /api/v1/pricing/overpriced/?page_size=5 HTTP/1.1" 200 0
[INFO] 2026-08-09 20:47:53,812 basehttp 8968 6464 "OPTIONS /api/v1/stores/?page_size=1 HTTP/1.1" 200 0
[INFO] 2026-08-09 20:47:53,827 basehttp 8968 13972 "OPTIONS /api/v1/pricing/official-prices/today/?page_size=10 HTTP/1.1" 200 0
[INFO] 2026-08-09 20:47:53,827 basehttp 8968 920 "OPTIONS /api/v1/stores/?page_size=1 HTTP/1.1" 200 0
[WARNING] 2026-08-09 20:47:54,463 log 8968 5552 Bad Request: /api/v1/pricing/official-prices/today/
[WARNING] 2026-08-09 20:47:54,464 basehttp 8968 5552 "GET /api/v1/pricing/official-prices/today/?page_size=10 HTTP/1.1" 400 75
[INFO] 2026-08-09 20:47:54,819 basehttp 8968 11904 "GET /api/v1/stores/?page_size=1 HTTP/1.1" 200 416
[WARNING] 2026-08-09 20:47:55,075 log 8968 920 Bad Request: /api/v1/pricing/official-prices/today/
[WARNING] 2026-08-09 20:47:55,109 basehttp 8968 920 "GET /api/v1/pricing/official-prices/today/?page_size=10 HTTP/1.1" 400 75
[INFO] 2026-08-09 20:47:55,138 basehttp 8968 8456 "GET /api/v1/complaints/?page_size=100 HTTP/1.1" 200 551
[INFO] 2026-08-09 20:47:55,171 basehttp 8968 6464 "GET /api/v1/pricing/overpriced/?page_size=5 HTTP/1.1" 200 26
[INFO] 2026-08-09 20:47:55,526 basehttp 8968 5552 "GET /api/v1/stores/?page_size=1 HTTP/1.1" 200 416
[INFO] 2026-08-09 20:47:55,562 basehttp 8968 8456 "GET /api/v1/pricing/overpriced/?page_size=5 HTTP/1.1" 200 26
[INFO] 2026-08-09 20:47:55,727 basehttp 8968 920 "GET /api/v1/complaints/?page_size=100 HTTP/1.1" 200 551
[INFO] 2026-08-09 20:48:07,169 basehttp 8968 920 "GET /api/v1/auth/users/?role=customer&page=1&page_size=15 HTTP/1.1" 200 561
[INFO] 2026-08-09 20:48:07,368 basehttp 8968 8456 "GET /api/v1/auth/users/?role=customer&page=1&page_size=15 HTTP/1.1" 200 561
[INFO] 2026-08-09 20:49:05,128 basehttp 8968 3744 "POST /admin/login/?next=/admin/ HTTP/1.1" 302 0
[INFO] 2026-08-09 20:49:05,781 basehttp 8968 3744 "GET /admin/ HTTP/1.1" 200 41546
[INFO] 2026-08-09 20:49:05,801 basehttp 8968 3744 "GET /static/admin/css/dashboard.css HTTP/1.1" 200 441
[INFO] 2026-08-09 20:49:05,814 basehttp 8968 3744 "GET /static/admin/img/icon-addlink.svg HTTP/1.1" 200 331
[INFO] 2026-08-09 20:49:05,815 basehttp 8968 9536 "GET /static/admin/img/icon-changelink.svg HTTP/1.1" 200 380
[INFO] 2026-08-09 20:49:05,815 basehttp 8968 560 "GET /static/admin/img/icon-viewlink.svg HTTP/1.1" 200 581
[INFO] 2026-08-09 21:42:42,249 basehttp 8968 9608 "GET /api/v1/auth/users/?role=union_manager&page_size=1 HTTP/1.1" 200 525
[INFO] 2026-08-09 21:42:42,672 basehttp 8968 12244 "GET /api/v1/auth/users/?role=admin&page_size=1 HTTP/1.1" 200 537
[INFO] 2026-08-09 21:42:42,698 basehttp 8968 2908 "GET /api/v1/auth/users/?role=inspector&page_size=1 HTTP/1.1" 200 109
[INFO] 2026-08-09 21:42:43,107 basehttp 8968 12604 "GET /api/v1/auth/users/?role=province_manager&page_size=1 HTTP/1.1" 200 647
[INFO] 2026-08-09 21:42:43,353 basehttp 8968 9608 "GET /api/v1/auth/users/?role=customer&page_size=1 HTTP/1.1" 200 561
[INFO] 2026-08-09 21:42:43,486 basehttp 8968 12244 "GET /api/v1/auth/users/?role=union_manager&page_size=1 HTTP/1.1" 200 525
[INFO] 2026-08-09 21:42:43,741 basehttp 8968 12604 "GET /api/v1/auth/users/?role=inspector&page_size=1 HTTP/1.1" 200 109
[INFO] 2026-08-09 21:42:44,018 basehttp 8968 13132 "GET /api/v1/auth/users/?role=store_owner&page_size=1 HTTP/1.1" 200 552
[INFO] 2026-08-09 21:42:44,158 basehttp 8968 12244 "GET /api/v1/auth/users/?role=province_manager&page_size=1 HTTP/1.1" 200 647
[INFO] 2026-08-09 21:42:44,472 basehttp 8968 13132 "GET /api/v1/auth/users/?role=store_owner&page_size=1 HTTP/1.1" 200 552
[INFO] 2026-08-09 21:42:44,653 basehttp 8968 2908 "GET /api/v1/auth/users/?role=admin&page_size=1 HTTP/1.1" 200 537
[INFO] 2026-08-09 21:42:44,740 basehttp 8968 11556 "GET /api/v1/auth/users/?role=chamber_manager&page_size=1 HTTP/1.1" 200 540
[INFO] 2026-08-09 21:42:44,750 basehttp 8968 12604 "GET /api/v1/auth/users/?role=customer&page_size=1 HTTP/1.1" 200 561
[INFO] 2026-08-09 21:42:44,771 basehttp 8968 9608 "GET /api/v1/auth/users/?role=customer&page=1&page_size=15 HTTP/1.1" 200 561
[INFO] 2026-08-09 21:42:45,022 basehttp 8968 2908 "GET /api/v1/auth/users/?role=chamber_manager&page_size=1 HTTP/1.1" 200 540
[INFO] 2026-08-09 21:42:45,087 basehttp 8968 12604 "GET /api/v1/auth/users/?role=customer&page=1&page_size=15 HTTP/1.1" 200 561
[INFO] 2026-08-09 22:16:48,758 basehttp 8968 8428 "GET /api/v1/auth/me/ HTTP/1.1" 200 569
[INFO] 2026-08-09 22:16:49,055 basehttp 8968 8076 "GET /api/v1/auth/me/ HTTP/1.1" 200 569
[INFO] 2026-08-09 22:16:49,544 basehttp 8968 8076 "GET /api/v1/complaints/?page_size=100 HTTP/1.1" 200 551
[INFO] 2026-08-09 22:16:49,874 basehttp 8968 8428 "GET /api/v1/pricing/overpriced/?page_size=5 HTTP/1.1" 200 26
[WARNING] 2026-08-09 22:16:50,082 log 8968 1448 Bad Request: /api/v1/pricing/official-prices/today/
[WARNING] 2026-08-09 22:16:50,086 basehttp 8968 1448 "GET /api/v1/pricing/official-prices/today/?page_size=10 HTTP/1.1" 400 75
[INFO] 2026-08-09 22:16:50,390 basehttp 8968 1408 "GET /api/v1/stores/?page_size=1 HTTP/1.1" 200 416
[WARNING] 2026-08-09 22:16:50,677 log 8968 8428 Bad Request: /api/v1/pricing/official-prices/today/
[WARNING] 2026-08-09 22:16:50,679 basehttp 8968 8428 "GET /api/v1/pricing/official-prices/today/?page_size=10 HTTP/1.1" 400 75
[INFO] 2026-08-09 22:16:50,738 basehttp 8968 11976 "GET /api/v1/pricing/overpriced/?page_size=5 HTTP/1.1" 200 26
[INFO] 2026-08-09 22:16:50,793 basehttp 8968 8076 "GET /api/v1/complaints/?page_size=100 HTTP/1.1" 200 551
[INFO] 2026-08-09 22:16:50,913 basehttp 8968 1448 "GET /api/v1/stores/?page_size=1 HTTP/1.1" 200 416
[INFO] 2026-08-09 22:17:07,651 basehttp 8968 1448 "GET /api/v1/auth/users/?role=customer&page=1&page_size=15 HTTP/1.1" 200 561
[INFO] 2026-08-09 22:17:07,830 basehttp 8968 8076 "GET /api/v1/auth/users/?role=customer&page=1&page_size=15 HTTP/1.1" 200 561
[INFO] 2026-08-09 22:19:45,830 basehttp 8968 8076 "OPTIONS /api/v1/complaints/?page_size=1 HTTP/1.1" 200 0
[INFO] 2026-08-09 22:19:45,832 basehttp 8968 11976 "OPTIONS /api/v1/complaints/?status=reviewing&page_size=1 HTTP/1.1" 200 0
[INFO] 2026-08-09 22:19:45,833 basehttp 8968 1408 "OPTIONS /api/v1/complaints/?status=closed&page_size=1 HTTP/1.1" 200 0
[INFO] 2026-08-09 22:19:45,835 basehttp 8968 8428 "OPTIONS /api/v1/complaints/?status=confirmed&page_size=1 HTTP/1.1" 200 0
[INFO] 2026-08-09 22:19:45,837 basehttp 8968 1448 "OPTIONS /api/v1/complaints/?status=submitted&page_size=1 HTTP/1.1" 200 0
[INFO] 2026-08-09 22:19:45,843 basehttp 8968 11976 "OPTIONS /api/v1/complaints/?page_size=1 HTTP/1.1" 200 0
[INFO] 2026-08-09 22:19:45,843 basehttp 8968 8076 "OPTIONS /api/v1/complaints/?page=1&page_size=15 HTTP/1.1" 200 0
[INFO] 2026-08-09 22:19:45,843 basehttp 8968 1408 "OPTIONS /api/v1/complaints/?status=submitted&page_size=1 HTTP/1.1" 200 0
[INFO] 2026-08-09 22:19:45,851 basehttp 8968 8428 "OPTIONS /api/v1/complaints/?status=reviewing&page_size=1 HTTP/1.1" 200 0
[INFO] 2026-08-09 22:19:45,852 basehttp 8968 1448 "OPTIONS /api/v1/complaints/?status=confirmed&page_size=1 HTTP/1.1" 200 0
[INFO] 2026-08-09 22:19:45,861 basehttp 8968 8076 "OPTIONS /api/v1/complaints/?status=closed&page_size=1 HTTP/1.1" 200 0
[INFO] 2026-08-09 22:19:45,867 basehttp 8968 1448 "OPTIONS /api/v1/complaints/?page=1&page_size=15 HTTP/1.1" 200 0
[INFO] 2026-08-09 22:19:46,667 basehttp 8968 1448 "GET /api/v1/complaints/?status=submitted&page_size=1 HTTP/1.1" 200 109
[INFO] 2026-08-09 22:19:46,834 basehttp 8968 9720 "GET /api/v1/complaints/?page=1&page_size=15 HTTP/1.1" 200 551
[INFO] 2026-08-09 22:19:46,890 basehttp 8968 8428 "GET /api/v1/complaints/?status=closed&page_size=1 HTTP/1.1" 200 109
[INFO] 2026-08-09 22:19:47,454 basehttp 8968 11976 "GET /api/v1/complaints/?page_size=1 HTTP/1.1" 200 551
[INFO] 2026-08-09 22:19:47,550 basehttp 8968 1448 "GET /api/v1/complaints/?status=submitted&page_size=1 HTTP/1.1" 200 109
[INFO] 2026-08-09 22:19:47,661 basehttp 8968 1408 "GET /api/v1/complaints/?status=reviewing&page_size=1 HTTP/1.1" 200 551
[INFO] 2026-08-09 22:19:47,859 basehttp 8968 8428 "GET /api/v1/complaints/?status=closed&page_size=1 HTTP/1.1" 200 109
[INFO] 2026-08-09 22:19:47,929 basehttp 8968 9720 "GET /api/v1/complaints/?page=1&page_size=15 HTTP/1.1" 200 551
[INFO] 2026-08-09 22:19:47,989 basehttp 8968 8076 "GET /api/v1/complaints/?status=confirmed&page_size=1 HTTP/1.1" 200 109
[INFO] 2026-08-09 22:19:48,282 basehttp 8968 11976 "GET /api/v1/complaints/?page_size=1 HTTP/1.1" 200 551
[INFO] 2026-08-09 22:19:48,291 basehttp 8968 1448 "GET /api/v1/complaints/?status=reviewing&page_size=1 HTTP/1.1" 200 551
[INFO] 2026-08-09 22:19:48,363 basehttp 8968 9720 "GET /api/v1/complaints/?status=confirmed&page_size=1 HTTP/1.1" 200 109
[INFO] 2026-08-09 22:20:13,743 basehttp 8968 9720 "GET /api/v1/auth/users/?role=customer&page=1&page_size=15 HTTP/1.1" 200 561
[INFO] 2026-08-09 22:20:13,948 basehttp 8968 1448 "GET /api/v1/auth/users/?role=customer&page=1&page_size=15 HTTP/1.1" 200 561
[INFO] 2026-08-09 22:27:25,183 basehttp 8968 12796 "GET /api/v1/auth/me/ HTTP/1.1" 200 569
[INFO] 2026-08-09 22:27:25,344 basehttp 8968 12796 "GET /api/v1/auth/me/ HTTP/1.1" 200 569
[INFO] 2026-08-09 22:27:25,388 basehttp 8968 12796 "OPTIONS /api/v1/auth/users/2/ HTTP/1.1" 200 0
[INFO] 2026-08-09 22:27:25,388 basehttp 8968 11188 "OPTIONS /api/v1/auth/users/2/ HTTP/1.1" 200 0
[INFO] 2026-08-09 22:27:26,658 basehttp 8968 11188 "GET /api/v1/auth/users/2/ HTTP/1.1" 200 476
[INFO] 2026-08-09 22:27:26,679 basehttp 8968 11188 "OPTIONS /api/v1/complaints/my/?page_size=10 HTTP/1.1" 200 0
[INFO] 2026-08-09 22:27:27,202 basehttp 8968 12796 "GET /api/v1/auth/users/2/ HTTP/1.1" 200 476
[INFO] 2026-08-09 22:27:27,209 basehttp 8968 11188 "GET /api/v1/complaints/my/?page_size=10 HTTP/1.1" 200 2
[INFO] 2026-08-09 22:27:27,442 basehttp 8968 11188 "GET /api/v1/complaints/my/?page_size=10 HTTP/1.1" 200 2
[INFO] 2026-08-09 22:28:12,344 basehttp 8968 11188 "GET /api/v1/auth/users/?role=customer&page=1&page_size=15 HTTP/1.1" 200 561
[INFO] 2026-08-09 22:28:12,557 basehttp 8968 12796 "GET /api/v1/auth/users/?role=customer&page=1&page_size=15 HTTP/1.1" 200 561
[INFO] 2026-08-09 22:28:13,785 basehttp 8968 12796 "GET /api/v1/auth/users/2/ HTTP/1.1" 200 476
[INFO] 2026-08-09 22:28:14,098 basehttp 8968 11188 "GET /api/v1/auth/users/2/ HTTP/1.1" 200 476
[INFO] 2026-08-09 22:28:14,129 basehttp 8968 12796 "GET /api/v1/complaints/my/?page_size=10 HTTP/1.1" 200 2
[INFO] 2026-08-09 22:28:14,338 basehttp 8968 11188 "GET /api/v1/complaints/my/?page_size=10 HTTP/1.1" 200 2
[INFO] 2026-08-09 22:28:16,914 basehttp 8968 11188 "GET /api/v1/auth/users/?role=customer&page=1&page_size=15 HTTP/1.1" 200 561
[INFO] 2026-08-09 22:28:17,189 basehttp 8968 12796 "GET /api/v1/auth/users/?role=customer&page=1&page_size=15 HTTP/1.1" 200 561
[INFO] 2026-08-09 22:29:06,529 basehttp 8968 12796 "GET /api/v1/auth/users/?role=admin&page_size=1 HTTP/1.1" 200 537
[INFO] 2026-08-09 22:29:06,977 basehttp 8968 11412 "GET /api/v1/auth/users/?role=inspector&page_size=1 HTTP/1.1" 200 109
[INFO] 2026-08-09 22:29:07,106 basehttp 8968 11188 "GET /api/v1/auth/users/?role=province_manager&page_size=1 HTTP/1.1" 200 647
[INFO] 2026-08-09 22:29:07,215 basehttp 8968 9972 "GET /api/v1/auth/users/?role=chamber_manager&page_size=1 HTTP/1.1" 200 540
[INFO] 2026-08-09 22:29:07,523 basehttp 8968 6948 "GET /api/v1/auth/users/?role=union_manager&page_size=1 HTTP/1.1" 200 525
[INFO] 2026-08-09 22:29:07,621 basehttp 8968 11896 "GET /api/v1/auth/users/?role=store_owner&page_size=1 HTTP/1.1" 200 552
[INFO] 2026-08-09 22:29:08,039 basehttp 8968 12796 "GET /api/v1/auth/users/?role=customer&page_size=1 HTTP/1.1" 200 561
[INFO] 2026-08-09 22:29:08,069 basehttp 8968 9972 "GET /api/v1/auth/users/?role=province_manager&page_size=1 HTTP/1.1" 200 647
[INFO] 2026-08-09 22:29:08,687 basehttp 8968 12796 "GET /api/v1/auth/users/?role=union_manager&page_size=1 HTTP/1.1" 200 525
[INFO] 2026-08-09 22:29:08,754 basehttp 8968 9972 "GET /api/v1/auth/users/?role=store_owner&page_size=1 HTTP/1.1" 200 552
[INFO] 2026-08-09 22:29:09,000 basehttp 8968 11188 "GET /api/v1/auth/users/?role=inspector&page_size=1 HTTP/1.1" 200 109
[INFO] 2026-08-09 22:29:09,071 basehttp 8968 11412 "GET /api/v1/auth/users/?role=admin&page_size=1 HTTP/1.1" 200 537
[INFO] 2026-08-09 22:29:09,089 basehttp 8968 11896 "GET /api/v1/auth/users/?role=customer&page=1&page_size=15 HTTP/1.1" 200 561
[INFO] 2026-08-09 22:29:09,298 basehttp 8968 6948 "GET /api/v1/auth/users/?role=chamber_manager&page_size=1 HTTP/1.1" 200 540
[INFO] 2026-08-09 22:29:09,332 basehttp 8968 12796 "GET /api/v1/auth/users/?role=customer&page_size=1 HTTP/1.1" 200 561
[INFO] 2026-08-09 22:29:09,438 basehttp 8968 11412 "GET /api/v1/auth/users/?role=customer&page=1&page_size=15 HTTP/1.1" 200 561
[INFO] 2026-08-09 22:30:05,678 basehttp 8968 6948 "GET /api/v1/auth/users/?role=chamber_manager&page_size=1 HTTP/1.1" 200 540
[INFO] 2026-08-09 22:30:05,835 basehttp 8968 12796 "GET /api/v1/auth/users/?role=province_manager&page_size=1 HTTP/1.1" 200 647
[INFO] 2026-08-09 22:30:05,976 basehttp 8968 11412 "GET /api/v1/auth/users/?role=admin&page_size=1 HTTP/1.1" 200 537
[INFO] 2026-08-09 22:30:06,047 basehttp 8968 11188 "GET /api/v1/auth/users/?role=store_owner&page_size=1 HTTP/1.1" 200 552
[INFO] 2026-08-09 22:30:06,424 basehttp 8968 6948 "GET /api/v1/auth/users/?role=customer&page_size=1 HTTP/1.1" 200 561
[INFO] 2026-08-09 22:30:06,870 basehttp 8968 11896 "GET /api/v1/auth/users/?role=union_manager&page_size=1 HTTP/1.1" 200 525
[INFO] 2026-08-09 22:30:07,057 basehttp 8968 9972 "GET /api/v1/auth/users/?role=inspector&page_size=1 HTTP/1.1" 200 109
[INFO] 2026-08-09 22:30:07,343 basehttp 8968 11188 "GET /api/v1/auth/users/?role=admin&page_size=1 HTTP/1.1" 200 537
[INFO] 2026-08-09 22:30:07,710 basehttp 8968 11412 "GET /api/v1/auth/users/?role=province_manager&page_size=1 HTTP/1.1" 200 647
[INFO] 2026-08-09 22:30:07,962 basehttp 8968 12796 "GET /api/v1/auth/users/?role=chamber_manager&page_size=1 HTTP/1.1" 200 540
[INFO] 2026-08-09 22:30:08,000 basehttp 8968 6948 "GET /api/v1/auth/users/?role=store_owner&page_size=1 HTTP/1.1" 200 552
[INFO] 2026-08-09 22:30:08,143 basehttp 8968 11896 "GET /api/v1/auth/users/?role=customer&page_size=1 HTTP/1.1" 200 561
[INFO] 2026-08-09 22:30:08,195 basehttp 8968 11412 "GET /api/v1/auth/users/?role=inspector&page_size=1 HTTP/1.1" 200 109
[INFO] 2026-08-09 22:30:08,321 basehttp 8968 9972 "GET /api/v1/auth/users/?role=customer&page=1&page_size=15 HTTP/1.1" 200 561
[INFO] 2026-08-09 22:30:08,364 basehttp 8968 11188 "GET /api/v1/auth/users/?role=union_manager&page_size=1 HTTP/1.1" 200 525
[INFO] 2026-08-09 22:30:08,552 basehttp 8968 11412 "GET /api/v1/auth/users/?role=customer&page=1&page_size=15 HTTP/1.1" 200 561
[INFO] 2026-08-09 22:30:10,168 basehttp 8968 11412 "GET /api/v1/auth/users/2/ HTTP/1.1" 200 476
[INFO] 2026-08-09 22:30:14,827 basehttp 8968 11412 "GET /api/v1/auth/users/2/ HTTP/1.1" 200 476
[INFO] 2026-08-09 22:30:15,102 basehttp 8968 11188 "GET /api/v1/auth/users/2/ HTTP/1.1" 200 476
[INFO] 2026-08-09 22:30:15,219 basehttp 8968 11412 "GET /api/v1/complaints/my/?page_size=10 HTTP/1.1" 200 2
[INFO] 2026-08-09 22:30:15,422 basehttp 8968 11188 "GET /api/v1/complaints/my/?page_size=10 HTTP/1.1" 200 2
[INFO] 2026-08-09 22:30:47,232 basehttp 8968 11188 "OPTIONS /api/v1/auth/users/2/role/ HTTP/1.1" 200 0
[INFO] 2026-08-09 22:30:47,523 basehttp 8968 11188 "PATCH /api/v1/auth/users/2/role/ HTTP/1.1" 200 541
[INFO] 2026-08-09 22:30:47,715 basehttp 8968 11188 "GET /api/v1/auth/users/2/ HTTP/1.1" 200 475
[INFO] 2026-08-09 22:30:47,901 basehttp 8968 11188 "GET /api/v1/complaints/my/?page_size=10 HTTP/1.1" 200 2
[INFO] 2026-08-09 22:30:52,847 basehttp 8968 11188 "GET /api/v1/auth/users/?role=customer&page=1&page_size=15 HTTP/1.1" 200 109
[INFO] 2026-08-09 22:30:52,997 basehttp 8968 11412 "GET /api/v1/auth/users/?role=customer&page=1&page_size=15 HTTP/1.1" 200 109
[INFO] 2026-08-09 22:30:56,828 basehttp 8968 11412 "GET /api/v1/auth/users/2/ HTTP/1.1" 200 475
[INFO] 2026-08-09 22:30:57,048 basehttp 8968 11188 "GET /api/v1/auth/users/2/ HTTP/1.1" 200 475
[INFO] 2026-08-09 22:30:57,103 basehttp 8968 11412 "GET /api/v1/complaints/my/?page_size=10 HTTP/1.1" 200 2
[INFO] 2026-08-09 22:30:57,254 basehttp 8968 11188 "GET /api/v1/complaints/my/?page_size=10 HTTP/1.1" 200 2
[INFO] 2026-08-09 22:31:02,592 basehttp 8968 11188 "PATCH /api/v1/auth/users/2/role/ HTTP/1.1" 200 542
[INFO] 2026-08-09 22:31:02,791 basehttp 8968 11188 "GET /api/v1/auth/users/2/ HTTP/1.1" 200 476
[INFO] 2026-08-09 22:31:03,075 basehttp 8968 11188 "GET /api/v1/complaints/my/?page_size=10 HTTP/1.1" 200 2
[INFO] 2026-08-09 22:31:07,185 basehttp 8968 11188 "GET /api/v1/auth/me/ HTTP/1.1" 200 569
[INFO] 2026-08-09 22:31:07,478 basehttp 8968 11412 "GET /api/v1/auth/me/ HTTP/1.1" 200 569
[INFO] 2026-08-09 22:31:07,505 basehttp 8968 11412 "OPTIONS /api/v1/auth/users/1/ HTTP/1.1" 200 0
[INFO] 2026-08-09 22:31:07,505 basehttp 8968 11188 "OPTIONS /api/v1/auth/users/1/ HTTP/1.1" 200 0
[INFO] 2026-08-09 22:31:07,739 basehttp 8968 11188 "GET /api/v1/auth/users/1/ HTTP/1.1" 200 452
[INFO] 2026-08-09 22:31:07,911 basehttp 8968 11412 "GET /api/v1/auth/users/1/ HTTP/1.1" 200 452
[INFO] 2026-08-09 22:31:12,139 basehttp 8968 11412 "GET /api/v1/auth/me/ HTTP/1.1" 200 569
[INFO] 2026-08-09 22:31:12,273 basehttp 8968 11188 "GET /api/v1/auth/me/ HTTP/1.1" 200 569
[INFO] 2026-08-09 22:31:12,297 basehttp 8968 11412 "OPTIONS /api/v1/auth/users/3/ HTTP/1.1" 200 0
[INFO] 2026-08-09 22:31:12,297 basehttp 8968 11188 "OPTIONS /api/v1/auth/users/3/ HTTP/1.1" 200 0
[WARNING] 2026-08-09 22:31:12,511 log 8968 11412 Not Found: /api/v1/auth/users/3/
[WARNING] 2026-08-09 22:31:12,511 basehttp 8968 11412 "GET /api/v1/auth/users/3/ HTTP/1.1" 404 101
[WARNING] 2026-08-09 22:31:12,730 log 8968 11188 Not Found: /api/v1/auth/users/3/
[WARNING] 2026-08-09 22:31:12,731 basehttp 8968 11188 "GET /api/v1/auth/users/3/ HTTP/1.1" 404 101
[INFO] 2026-08-09 22:31:13,503 basehttp 8968 11188 "GET /api/v1/auth/users/?page=1&page_size=10 HTTP/1.1" 200 2822
[INFO] 2026-08-09 22:31:13,715 basehttp 8968 11412 "GET /api/v1/auth/users/?page=1&page_size=10 HTTP/1.1" 200 2822
[INFO] 2026-08-09 22:31:22,277 basehttp 8968 11412 "GET /api/v1/auth/me/ HTTP/1.1" 200 569
[INFO] 2026-08-09 22:31:22,415 basehttp 8968 11188 "GET /api/v1/auth/me/ HTTP/1.1" 200 569
[INFO] 2026-08-09 22:31:22,441 basehttp 8968 11188 "OPTIONS /api/v1/auth/users/4/ HTTP/1.1" 200 0
[INFO] 2026-08-09 22:31:22,441 basehttp 8968 11412 "OPTIONS /api/v1/auth/users/4/ HTTP/1.1" 200 0
[INFO] 2026-08-09 22:31:22,685 basehttp 8968 11412 "GET /api/v1/auth/users/4/ HTTP/1.1" 200 455
[INFO] 2026-08-09 22:31:22,967 basehttp 8968 11188 "GET /api/v1/auth/users/4/ HTTP/1.1" 200 455
[INFO] 2026-08-09 22:31:28,650 basehttp 8968 11188 "GET /api/v1/auth/me/ HTTP/1.1" 200 569
[INFO] 2026-08-09 22:31:28,808 basehttp 8968 11412 "GET /api/v1/auth/me/ HTTP/1.1" 200 569
[INFO] 2026-08-09 22:31:29,041 basehttp 8968 11412 "GET /api/v1/auth/users/2/ HTTP/1.1" 200 476
[INFO] 2026-08-09 22:31:29,370 basehttp 8968 11188 "GET /api/v1/auth/users/2/ HTTP/1.1" 200 476
[INFO] 2026-08-09 22:31:29,431 basehttp 8968 11412 "GET /api/v1/complaints/my/?page_size=10 HTTP/1.1" 200 2
[INFO] 2026-08-09 22:31:29,629 basehttp 8968 11188 "GET /api/v1/complaints/my/?page_size=10 HTTP/1.1" 200 2
[INFO] 2026-08-09 22:31:35,618 basehttp 8968 11188 "OPTIONS /api/v1/geography/provinces/?page_size=100 HTTP/1.1" 200 0
[INFO] 2026-08-09 22:31:35,619 basehttp 8968 11896 "OPTIONS /api/v1/organizations/province-offices/?page=1&page_size=10 HTTP/1.1" 200 0
[INFO] 2026-08-09 22:31:35,619 basehttp 8968 11412 "OPTIONS /api/v1/organizations/province-offices/?page=1&page_size=10 HTTP/1.1" 200 0
[INFO] 2026-08-09 22:31:35,620 basehttp 8968 9972 "OPTIONS /api/v1/geography/provinces/?page_size=100 HTTP/1.1" 200 0
[INFO] 2026-08-09 22:31:35,863 basehttp 8968 11188 "GET /api/v1/geography/provinces/?page_size=100 HTTP/1.1" 200 67
[INFO] 2026-08-09 22:31:36,227 basehttp 8968 9972 "GET /api/v1/geography/provinces/?page_size=100 HTTP/1.1" 200 67
[INFO] 2026-08-09 22:31:36,237 basehttp 8968 11896 "GET /api/v1/organizations/province-offices/?page=1&page_size=10 HTTP/1.1" 200 300
[INFO] 2026-08-09 22:31:36,493 basehttp 8968 9972 "GET /api/v1/organizations/province-offices/?page=1&page_size=10 HTTP/1.1" 200 300
[INFO] 2026-08-09 22:31:37,140 basehttp 8968 11896 "OPTIONS /api/v1/auth/users/org-search/?role=province_manager HTTP/1.1" 200 0
[INFO] 2026-08-09 22:31:37,140 basehttp 8968 9972 "OPTIONS /api/v1/auth/users/org-search/?role=province_manager HTTP/1.1" 200 0
[INFO] 2026-08-09 22:31:37,385 basehttp 8968 11896 "GET /api/v1/auth/users/org-search/?role=province_manager HTTP/1.1" 200 231
[INFO] 2026-08-09 22:31:37,551 basehttp 8968 9972 "GET /api/v1/auth/users/org-search/?role=province_manager HTTP/1.1" 200 231
[INFO] 2026-08-09 22:31:58,475 basehttp 8968 11896 "OPTIONS /api/v1/organizations/chambers/?page=1&page_size=9 HTTP/1.1" 200 0
[INFO] 2026-08-09 22:31:58,476 basehttp 8968 11412 "OPTIONS /api/v1/organizations/chambers/?page=1&page_size=9 HTTP/1.1" 200 0
[INFO] 2026-08-09 22:31:58,476 basehttp 8968 9972 "OPTIONS /api/v1/geography/cities/?page_size=500 HTTP/1.1" 200 0
[INFO] 2026-08-09 22:31:58,476 basehttp 8968 11188 "OPTIONS /api/v1/geography/cities/?page_size=500 HTTP/1.1" 200 0
[INFO] 2026-08-09 22:31:58,806 basehttp 8968 11412 "GET /api/v1/geography/cities/?page_size=500 HTTP/1.1" 200 83
[INFO] 2026-08-09 22:31:58,980 basehttp 8968 11896 "GET /api/v1/organizations/chambers/?page=1&page_size=9 HTTP/1.1" 200 274
[INFO] 2026-08-09 22:31:59,195 basehttp 8968 9972 "GET /api/v1/geography/cities/?page_size=500 HTTP/1.1" 200 83
[INFO] 2026-08-09 22:31:59,322 basehttp 8968 11412 "GET /api/v1/organizations/chambers/?page=1&page_size=9 HTTP/1.1" 200 274
[INFO] 2026-08-09 22:32:00,441 basehttp 8968 11412 "OPTIONS /api/v1/stores/?page=1&page_size=10 HTTP/1.1" 200 0
[INFO] 2026-08-09 22:32:00,441 basehttp 8968 9972 "OPTIONS /api/v1/stores/?page=1&page_size=10 HTTP/1.1" 200 0
[INFO] 2026-08-09 22:32:00,726 basehttp 8968 9972 "GET /api/v1/stores/?page=1&page_size=10 HTTP/1.1" 200 416
[INFO] 2026-08-09 22:32:00,921 basehttp 8968 11412 "GET /api/v1/stores/?page=1&page_size=10 HTTP/1.1" 200 416
[INFO] 2026-08-09 22:32:11,326 basehttp 8968 11896 "OPTIONS /api/v1/organizations/unions/?page_size=200 HTTP/1.1" 200 0
[INFO] 2026-08-09 22:32:11,331 basehttp 8968 12796 "OPTIONS /api/v1/products/units/ HTTP/1.1" 200 0
[INFO] 2026-08-09 22:32:11,331 basehttp 8968 11412 "OPTIONS /api/v1/products/categories/?page_size=200 HTTP/1.1" 200 0
[INFO] 2026-08-09 22:32:11,331 basehttp 8968 9972 "OPTIONS /api/v1/products/units/ HTTP/1.1" 200 0
[INFO] 2026-08-09 22:32:11,331 basehttp 8968 11188 "OPTIONS /api/v1/products/?page=1&page_size=12 HTTP/1.1" 200 0
[INFO] 2026-08-09 22:32:11,331 basehttp 8968 6948 "OPTIONS /api/v1/products/categories/?page_size=200 HTTP/1.1" 200 0
[INFO] 2026-08-09 22:32:11,332 basehttp 8968 11896 "OPTIONS /api/v1/organizations/unions/?page_size=200 HTTP/1.1" 200 0
[INFO] 2026-08-09 22:32:11,341 basehttp 8968 11412 "OPTIONS /api/v1/products/?page=1&page_size=12 HTTP/1.1" 200 0
[INFO] 2026-08-09 22:32:12,017 basehttp 8968 11188 "GET /api/v1/products/units/ HTTP/1.1" 200 80
[INFO] 2026-08-09 22:32:12,124 basehttp 8968 9972 "GET /api/v1/products/?page=1&page_size=12 HTTP/1.1" 200 344
[INFO] 2026-08-09 22:32:12,683 basehttp 8968 11188 "GET /api/v1/products/?page=1&page_size=12 HTTP/1.1" 200 344
[INFO] 2026-08-09 22:32:12,741 basehttp 8968 12796 "GET /api/v1/organizations/unions/?page_size=200 HTTP/1.1" 200 299
[INFO] 2026-08-09 22:32:12,792 basehttp 8968 6948 "GET /api/v1/products/categories/?page_size=200 HTTP/1.1" 200 342
[INFO] 2026-08-09 22:32:12,914 basehttp 8968 11412 "GET /api/v1/products/units/ HTTP/1.1" 200 80
[INFO] 2026-08-09 22:32:13,170 basehttp 8968 11188 "GET /api/v1/organizations/unions/?page_size=200 HTTP/1.1" 200 299
[INFO] 2026-08-09 22:32:13,337 basehttp 8968 12796 "GET /api/v1/products/categories/?page_size=200 HTTP/1.1" 200 342
[INFO] 2026-08-09 22:32:33,627 basehttp 8968 12796 "OPTIONS /api/v1/products/1/ HTTP/1.1" 200 0
[INFO] 2026-08-09 22:32:34,178 basehttp 8968 12796 "PATCH /api/v1/products/1/ HTTP/1.1" 200 657
[INFO] 2026-08-09 22:32:34,485 basehttp 8968 12796 "GET /api/v1/products/?page=1&page_size=12 HTTP/1.1" 200 344
[INFO] 2026-08-09 22:32:53,672 basehttp 8968 12796 "GET /api/v1/products/categories/?page_size=200 HTTP/1.1" 200 342
[INFO] 2026-08-09 22:32:53,963 basehttp 8968 11188 "GET /api/v1/products/categories/?page_size=200 HTTP/1.1" 200 342
[INFO] 2026-08-09 22:33:21,200 basehttp 8968 6948 "GET /api/v1/complaints/?status=confirmed&page_size=1 HTTP/1.1" 200 109
[INFO] 2026-08-09 22:33:21,647 basehttp 8968 11412 "GET /api/v1/complaints/?status=reviewing&page_size=1 HTTP/1.1" 200 551
[INFO] 2026-08-09 22:33:21,679 basehttp 8968 9972 "GET /api/v1/complaints/?status=closed&page_size=1 HTTP/1.1" 200 109
[INFO] 2026-08-09 22:33:22,000 basehttp 8968 6948 "GET /api/v1/complaints/?status=confirmed&page_size=1 HTTP/1.1" 200 109
[INFO] 2026-08-09 22:33:22,104 basehttp 8968 11188 "GET /api/v1/complaints/?page_size=1 HTTP/1.1" 200 551
[INFO] 2026-08-09 22:33:22,164 basehttp 8968 12796 "GET /api/v1/complaints/?status=submitted&page_size=1 HTTP/1.1" 200 109
[INFO] 2026-08-09 22:33:22,252 basehttp 8968 11896 "GET /api/v1/complaints/?page=1&page_size=15 HTTP/1.1" 200 551
[INFO] 2026-08-09 22:33:22,531 basehttp 8968 11412 "GET /api/v1/complaints/?status=reviewing&page_size=1 HTTP/1.1" 200 551
[INFO] 2026-08-09 22:33:22,738 basehttp 8968 11188 "GET /api/v1/complaints/?status=submitted&page_size=1 HTTP/1.1" 200 109
[INFO] 2026-08-09 22:33:22,861 basehttp 8968 6948 "GET /api/v1/complaints/?page_size=1 HTTP/1.1" 200 551
[INFO] 2026-08-09 22:33:22,889 basehttp 8968 12796 "GET /api/v1/complaints/?page=1&page_size=15 HTTP/1.1" 200 551
[INFO] 2026-08-09 22:33:22,897 basehttp 8968 9972 "GET /api/v1/complaints/?status=closed&page_size=1 HTTP/1.1" 200 109
[INFO] 2026-08-09 22:33:38,972 basehttp 8968 11188 "GET /api/v1/complaints/?status=confirmed&page_size=1 HTTP/1.1" 200 109
[INFO] 2026-08-09 22:33:39,261 basehttp 8968 9972 "GET /api/v1/complaints/?page_size=1 HTTP/1.1" 200 551
[INFO] 2026-08-09 22:33:39,336 basehttp 8968 11896 "GET /api/v1/complaints/?page=1&page_size=15 HTTP/1.1" 200 551
[INFO] 2026-08-09 22:33:39,543 basehttp 8968 12796 "GET /api/v1/complaints/?status=submitted&page_size=1 HTTP/1.1" 200 109
[INFO] 2026-08-09 22:33:39,675 basehttp 8968 6948 "GET /api/v1/complaints/?status=reviewing&page_size=1 HTTP/1.1" 200 551
[INFO] 2026-08-09 22:33:39,796 basehttp 8968 11188 "GET /api/v1/complaints/?status=confirmed&page_size=1 HTTP/1.1" 200 109
[INFO] 2026-08-09 22:33:39,998 basehttp 8968 11412 "GET /api/v1/complaints/?status=closed&page_size=1 HTTP/1.1" 200 109
[INFO] 2026-08-09 22:33:40,258 basehttp 8968 11896 "GET /api/v1/complaints/?page=1&page_size=15 HTTP/1.1" 200 551
[INFO] 2026-08-09 22:33:40,351 basehttp 8968 11188 "GET /api/v1/complaints/?status=closed&page_size=1 HTTP/1.1" 200 109
[INFO] 2026-08-09 22:33:40,361 basehttp 8968 12796 "GET /api/v1/complaints/?status=submitted&page_size=1 HTTP/1.1" 200 109
[INFO] 2026-08-09 22:33:40,419 basehttp 8968 9972 "GET /api/v1/complaints/?page_size=1 HTTP/1.1" 200 551
[INFO] 2026-08-09 22:33:40,553 basehttp 8968 6948 "GET /api/v1/complaints/?status=reviewing&page_size=1 HTTP/1.1" 200 551
[INFO] 2026-08-09 22:33:58,602 basehttp 8968 6948 "GET /api/v1/auth/me/ HTTP/1.1" 200 569
[INFO] 2026-08-09 22:33:58,769 basehttp 8968 9972 "GET /api/v1/auth/me/ HTTP/1.1" 200 569
[INFO] 2026-08-09 22:33:59,748 basehttp 8968 11412 "GET /api/v1/complaints/?page=1&page_size=15 HTTP/1.1" 200 551
[INFO] 2026-08-09 22:34:00,032 basehttp 8968 12796 "GET /api/v1/complaints/?status=reviewing&page_size=1 HTTP/1.1" 200 551
[INFO] 2026-08-09 22:34:00,086 basehttp 8968 11896 "GET /api/v1/complaints/?status=closed&page_size=1 HTTP/1.1" 200 109
[INFO] 2026-08-09 22:34:00,193 basehttp 8968 11188 "GET /api/v1/complaints/?status=confirmed&page_size=1 HTTP/1.1" 200 109
[INFO] 2026-08-09 22:34:00,295 basehttp 8968 6948 "GET /api/v1/complaints/?status=submitted&page_size=1 HTTP/1.1" 200 109
[INFO] 2026-08-09 22:34:00,961 basehttp 8968 6948 "GET /api/v1/complaints/?status=submitted&page_size=1 HTTP/1.1" 200 109
[INFO] 2026-08-09 22:34:00,991 basehttp 8968 11188 "GET /api/v1/complaints/?status=confirmed&page_size=1 HTTP/1.1" 200 109
[INFO] 2026-08-09 22:34:01,205 basehttp 8968 9972 "GET /api/v1/complaints/?page_size=1 HTTP/1.1" 200 551
[INFO] 2026-08-09 22:34:01,336 basehttp 8968 11896 "GET /api/v1/complaints/?status=closed&page_size=1 HTTP/1.1" 200 109
[INFO] 2026-08-09 22:34:01,431 basehttp 8968 11412 "GET /api/v1/complaints/?page=1&page_size=15 HTTP/1.1" 200 551
[INFO] 2026-08-09 22:34:01,807 basehttp 8968 12796 "GET /api/v1/complaints/?status=reviewing&page_size=1 HTTP/1.1" 200 551
[INFO] 2026-08-09 22:34:02,489 basehttp 8968 11188 "GET /api/v1/complaints/?page_size=1 HTTP/1.1" 200 551
[INFO] 2026-08-09 22:34:02,666 basehttp 8968 9972 "GET /api/v1/auth/users/?role=chamber_manager&page_size=1 HTTP/1.1" 200 540
[INFO] 2026-08-09 22:34:02,892 basehttp 8968 11896 "GET /api/v1/auth/users/?role=province_manager&page_size=1 HTTP/1.1" 200 647
[INFO] 2026-08-09 22:34:03,186 basehttp 8968 12796 "GET /api/v1/auth/users/?role=store_owner&page_size=1 HTTP/1.1" 200 552
[INFO] 2026-08-09 22:34:03,336 basehttp 8968 11412 "GET /api/v1/auth/users/?role=admin&page_size=1 HTTP/1.1" 200 537
[INFO] 2026-08-09 22:34:03,508 basehttp 8968 11188 "GET /api/v1/auth/users/?role=inspector&page_size=1 HTTP/1.1" 200 109
[INFO] 2026-08-09 22:34:03,590 basehttp 8968 6948 "GET /api/v1/auth/users/?role=union_manager&page_size=1 HTTP/1.1" 200 525
[INFO] 2026-08-09 22:34:03,893 basehttp 8968 9972 "GET /api/v1/auth/users/?role=customer&page_size=1 HTTP/1.1" 200 561
[INFO] 2026-08-09 22:34:04,316 basehttp 8968 6948 "GET /api/v1/auth/users/?role=inspector&page_size=1 HTTP/1.1" 200 109
[INFO] 2026-08-09 22:34:04,517 basehttp 8968 11896 "GET /api/v1/auth/users/?role=chamber_manager&page_size=1 HTTP/1.1" 200 540
[INFO] 2026-08-09 22:34:05,226 basehttp 8968 12796 "GET /api/v1/auth/users/?role=province_manager&page_size=1 HTTP/1.1" 200 647
[INFO] 2026-08-09 22:34:05,235 basehttp 8968 11188 "GET /api/v1/auth/users/?role=admin&page_size=1 HTTP/1.1" 200 537
[INFO] 2026-08-09 22:34:05,454 basehttp 8968 9972 "GET /api/v1/auth/users/?role=union_manager&page_size=1 HTTP/1.1" 200 525
[INFO] 2026-08-09 22:34:05,461 basehttp 8968 6948 "GET /api/v1/auth/users/?role=customer&page_size=1 HTTP/1.1" 200 561
[INFO] 2026-08-09 22:34:05,532 basehttp 8968 11412 "GET /api/v1/auth/users/?role=store_owner&page_size=1 HTTP/1.1" 200 552
[INFO] 2026-08-09 22:34:10,338 basehttp 8968 11896 "GET /api/v1/complaints/?page=1&page_size=15 HTTP/1.1" 200 551
[INFO] 2026-08-09 22:34:10,889 basehttp 8968 11188 "GET /api/v1/complaints/?status=confirmed&page_size=1 HTTP/1.1" 200 109
[INFO] 2026-08-09 22:34:10,898 basehttp 8968 6948 "GET /api/v1/complaints/?status=submitted&page_size=1 HTTP/1.1" 200 109
[INFO] 2026-08-09 22:34:11,055 basehttp 8968 11896 "GET /api/v1/complaints/?page=1&page_size=15 HTTP/1.1" 200 551
[INFO] 2026-08-09 22:34:11,109 basehttp 8968 9972 "GET /api/v1/complaints/?status=reviewing&page_size=1 HTTP/1.1" 200 551
[INFO] 2026-08-09 22:34:11,223 basehttp 8968 12796 "GET /api/v1/complaints/?status=closed&page_size=1 HTTP/1.1" 200 109
[INFO] 2026-08-09 22:34:11,381 basehttp 8968 11412 "GET /api/v1/complaints/?page_size=1 HTTP/1.1" 200 551
[INFO] 2026-08-09 22:34:11,993 basehttp 8968 12796 "GET /api/v1/complaints/?page_size=1 HTTP/1.1" 200 551
[INFO] 2026-08-09 22:34:12,037 basehttp 8968 9972 "GET /api/v1/complaints/?status=closed&page_size=1 HTTP/1.1" 200 109
[INFO] 2026-08-09 22:34:12,177 basehttp 8968 11896 "GET /api/v1/complaints/?status=reviewing&page_size=1 HTTP/1.1" 200 551
[INFO] 2026-08-09 22:34:12,192 basehttp 8968 11188 "GET /api/v1/complaints/?status=confirmed&page_size=1 HTTP/1.1" 200 109
[INFO] 2026-08-09 22:34:12,265 basehttp 8968 6948 "GET /api/v1/complaints/?status=submitted&page_size=1 HTTP/1.1" 200 109
[INFO] 2026-08-09 22:34:53,548 basehttp 8968 8716 "GET /api/v1/auth/me/ HTTP/1.1" 200 569
[INFO] 2026-08-09 22:34:53,703 basehttp 8968 8716 "GET /api/v1/auth/me/ HTTP/1.1" 200 569
[INFO] 2026-08-09 22:34:54,930 basehttp 8968 8716 "GET /api/v1/complaints/?page_size=1 HTTP/1.1" 200 551
[INFO] 2026-08-09 22:34:55,175 basehttp 8968 14116 "GET /api/v1/complaints/?page=1&page_size=15 HTTP/1.1" 200 551
[INFO] 2026-08-09 22:34:55,419 basehttp 8968 12512 "GET /api/v1/complaints/?status=submitted&page_size=1 HTTP/1.1" 200 109
[INFO] 2026-08-09 22:34:55,763 basehttp 8968 4820 "GET /api/v1/complaints/?status=reviewing&page_size=1 HTTP/1.1" 200 551
[INFO] 2026-08-09 22:34:56,001 basehttp 8968 11448 "GET /api/v1/complaints/?status=closed&page_size=1 HTTP/1.1" 200 109
[INFO] 2026-08-09 22:34:56,236 basehttp 8968 14116 "GET /api/v1/complaints/?page=1&page_size=15 HTTP/1.1" 200 551
[INFO] 2026-08-09 22:34:56,319 basehttp 8968 8716 "GET /api/v1/complaints/?page_size=1 HTTP/1.1" 200 551
[INFO] 2026-08-09 22:34:56,376 basehttp 8968 5020 "GET /api/v1/complaints/?status=confirmed&page_size=1 HTTP/1.1" 200 109
[INFO] 2026-08-09 22:34:56,592 basehttp 8968 12512 "GET /api/v1/complaints/?status=submitted&page_size=1 HTTP/1.1" 200 109
[INFO] 2026-08-09 22:34:56,818 basehttp 8968 8716 "GET /api/v1/complaints/?status=confirmed&page_size=1 HTTP/1.1" 200 109
[INFO] 2026-08-09 22:34:56,859 basehttp 8968 11448 "GET /api/v1/complaints/?status=closed&page_size=1 HTTP/1.1" 200 109
[INFO] 2026-08-09 22:34:56,866 basehttp 8968 4820 "GET /api/v1/complaints/?status=reviewing&page_size=1 HTTP/1.1" 200 551
[INFO] 2026-08-09 22:46:49,771 basehttp 8968 2864 "GET /api/v1/auth/me/ HTTP/1.1" 200 569
[INFO] 2026-08-09 22:46:50,138 basehttp 8968 7700 "GET /api/v1/auth/me/ HTTP/1.1" 200 569
[INFO] 2026-08-09 22:46:51,123 basehttp 8968 2864 "GET /api/v1/complaints/?status=submitted&page_size=1 HTTP/1.1" 200 109
[INFO] 2026-08-09 22:46:51,436 basehttp 8968 7700 "GET /api/v1/complaints/?page_size=1 HTTP/1.1" 200 551
[INFO] 2026-08-09 22:46:52,290 basehttp 8968 10980 "GET /api/v1/complaints/?status=confirmed&page_size=1 HTTP/1.1" 200 109
[INFO] 2026-08-09 22:46:52,646 basehttp 8968 10860 "GET /api/v1/complaints/?status=reviewing&page_size=1 HTTP/1.1" 200 551
[INFO] 2026-08-09 22:46:52,688 basehttp 8968 6864 "GET /api/v1/complaints/?page=1&page_size=15 HTTP/1.1" 200 551
[INFO] 2026-08-09 22:46:52,810 basehttp 8968 2864 "GET /api/v1/complaints/?status=submitted&page_size=1 HTTP/1.1" 200 109
[INFO] 2026-08-09 22:46:52,826 basehttp 8968 7700 "GET /api/v1/complaints/?page_size=1 HTTP/1.1" 200 551
[INFO] 2026-08-09 22:46:52,857 basehttp 8968 3716 "GET /api/v1/complaints/?status=closed&page_size=1 HTTP/1.1" 200 109
[INFO] 2026-08-09 22:46:53,502 basehttp 8968 7700 "GET /api/v1/complaints/?status=closed&page_size=1 HTTP/1.1" 200 109
[INFO] 2026-08-09 22:46:53,659 basehttp 8968 10980 "GET /api/v1/complaints/?status=confirmed&page_size=1 HTTP/1.1" 200 109
[INFO] 2026-08-09 22:46:53,706 basehttp 8968 6864 "GET /api/v1/complaints/?page=1&page_size=15 HTTP/1.1" 200 551
[INFO] 2026-08-09 22:46:53,799 basehttp 8968 10860 "GET /api/v1/complaints/?status=reviewing&page_size=1 HTTP/1.1" 200 551
[INFO] 2026-08-09 22:47:09,480 basehttp 8968 6864 "OPTIONS /api/v1/geography/provinces/?page=1&page_size=15 HTTP/1.1" 200 0
[INFO] 2026-08-09 22:47:09,482 basehttp 8968 10860 "OPTIONS /api/v1/geography/provinces/?page=1&page_size=15 HTTP/1.1" 200 0
[INFO] 2026-08-09 22:47:10,023 basehttp 8968 10860 "GET /api/v1/geography/provinces/?page=1&page_size=15 HTTP/1.1" 200 67
[INFO] 2026-08-09 22:47:10,223 basehttp 8968 6864 "GET /api/v1/geography/provinces/?page=1&page_size=15 HTTP/1.1" 200 67
[INFO] 2026-08-09 22:47:10,616 basehttp 8968 10980 "OPTIONS /api/v1/geography/cities/?page=1&page_size=15 HTTP/1.1" 200 0
[INFO] 2026-08-09 22:47:10,616 basehttp 8968 10860 "OPTIONS /api/v1/geography/cities/?page=1&page_size=15 HTTP/1.1" 200 0
[INFO] 2026-08-09 22:47:11,097 basehttp 8968 6864 "GET /api/v1/geography/provinces/?page_size=100 HTTP/1.1" 200 67
[INFO] 2026-08-09 22:47:11,315 basehttp 8968 10860 "GET /api/v1/geography/cities/?page=1&page_size=15 HTTP/1.1" 200 83
[INFO] 2026-08-09 22:47:11,670 basehttp 8968 6864 "GET /api/v1/geography/cities/?page=1&page_size=15 HTTP/1.1" 200 83
[INFO] 2026-08-09 22:47:11,687 basehttp 8968 10980 "GET /api/v1/geography/provinces/?page_size=100 HTTP/1.1" 200 67
[WARNING] 2026-08-09 23:25:17,876 log 8968 19264 Unauthorized: /api/v1/complaints/
[WARNING] 2026-08-09 23:25:17,878 basehttp 8968 19264 "GET /api/v1/complaints/?status=closed&page_size=1 HTTP/1.1" 401 293
[WARNING] 2026-08-09 23:25:17,988 log 8968 20168 Unauthorized: /api/v1/complaints/
[WARNING] 2026-08-09 23:25:17,990 basehttp 8968 20168 "GET /api/v1/complaints/?page=1&page_size=15 HTTP/1.1" 401 293
[INFO] 2026-08-09 23:25:17,991 basehttp 8968 20168 "OPTIONS /api/v1/auth/token/refresh/ HTTP/1.1" 200 0
[WARNING] 2026-08-09 23:25:18,095 log 8968 19264 Unauthorized: /api/v1/complaints/
[WARNING] 2026-08-09 23:25:18,097 basehttp 8968 19264 "GET /api/v1/complaints/?status=closed&page_size=1 HTTP/1.1" 401 293
[WARNING] 2026-08-09 23:25:18,244 log 8968 18472 Unauthorized: /api/v1/complaints/
[WARNING] 2026-08-09 23:25:18,248 basehttp 8968 18472 "GET /api/v1/complaints/?status=confirmed&page_size=1 HTTP/1.1" 401 293
[WARNING] 2026-08-09 23:25:18,331 log 8968 19476 Unauthorized: /api/v1/complaints/
[WARNING] 2026-08-09 23:25:18,335 basehttp 8968 19476 "GET /api/v1/complaints/?status=submitted&page_size=1 HTTP/1.1" 401 293
[WARNING] 2026-08-09 23:25:18,435 log 8968 20168 Unauthorized: /api/v1/complaints/
[WARNING] 2026-08-09 23:25:18,436 basehttp 8968 20168 "GET /api/v1/complaints/?page=1&page_size=15 HTTP/1.1" 401 293
[WARNING] 2026-08-09 23:25:18,468 log 8968 19324 Unauthorized: /api/v1/complaints/
[WARNING] 2026-08-09 23:25:18,469 basehttp 8968 19324 "GET /api/v1/complaints/?status=reviewing&page_size=1 HTTP/1.1" 401 293
[WARNING] 2026-08-09 23:25:18,549 log 8968 5188 Unauthorized: /api/v1/complaints/
[WARNING] 2026-08-09 23:25:18,554 basehttp 8968 5188 "GET /api/v1/complaints/?page_size=1 HTTP/1.1" 401 293
[WARNING] 2026-08-09 23:25:18,671 log 8968 20168 Unauthorized: /api/v1/complaints/
[WARNING] 2026-08-09 23:25:18,672 basehttp 8968 20168 "GET /api/v1/complaints/?status=reviewing&page_size=1 HTTP/1.1" 401 293
[WARNING] 2026-08-09 23:25:18,735 log 8968 19476 Unauthorized: /api/v1/complaints/
[WARNING] 2026-08-09 23:25:18,736 basehttp 8968 19476 "GET /api/v1/complaints/?status=submitted&page_size=1 HTTP/1.1" 401 293
[WARNING] 2026-08-09 23:25:18,793 log 8968 19324 Unauthorized: /api/v1/complaints/
[WARNING] 2026-08-09 23:25:18,824 basehttp 8968 19324 "GET /api/v1/complaints/?page_size=1 HTTP/1.1" 401 293
[INFO] 2026-08-09 23:25:18,846 basehttp 8968 19264 "POST /api/v1/auth/token/refresh/ HTTP/1.1" 200 384
[WARNING] 2026-08-09 23:25:18,989 log 8968 18472 Unauthorized: /api/v1/complaints/
[WARNING] 2026-08-09 23:25:18,990 basehttp 8968 18472 "GET /api/v1/complaints/?status=confirmed&page_size=1 HTTP/1.1" 401 293
[WARNING] 2026-08-09 23:25:19,211 log 8968 18472 Unauthorized: /api/v1/complaints/
[WARNING] 2026-08-09 23:25:19,212 basehttp 8968 18472 "GET /api/v1/complaints/?status=confirmed&page_size=1 HTTP/1.1" 401 293
[WARNING] 2026-08-09 23:25:19,329 log 8968 20168 Unauthorized: /api/v1/complaints/
[WARNING] 2026-08-09 23:25:19,331 basehttp 8968 20168 "GET /api/v1/complaints/?status=reviewing&page_size=1 HTTP/1.1" 401 293
[WARNING] 2026-08-09 23:25:19,419 log 8968 19476 Unauthorized: /api/v1/complaints/
[WARNING] 2026-08-09 23:25:19,421 basehttp 8968 19476 "GET /api/v1/complaints/?status=submitted&page_size=1 HTTP/1.1" 401 293
[WARNING] 2026-08-09 23:25:19,588 log 8968 20168 Unauthorized: /api/v1/complaints/
[WARNING] 2026-08-09 23:25:19,589 basehttp 8968 20168 "GET /api/v1/complaints/?status=reviewing&page_size=1 HTTP/1.1" 401 293
[WARNING] 2026-08-09 23:25:19,639 log 8968 5188 Unauthorized: /api/v1/complaints/
[WARNING] 2026-08-09 23:25:19,640 basehttp 8968 5188 "GET /api/v1/complaints/?page_size=1 HTTP/1.1" 401 293
[INFO] 2026-08-09 23:25:19,743 basehttp 8968 18472 "POST /api/v1/auth/token/refresh/ HTTP/1.1" 200 384
[WARNING] 2026-08-09 23:25:19,790 log 8968 19324 Unauthorized: /api/v1/complaints/
[WARNING] 2026-08-09 23:25:19,791 basehttp 8968 19324 "GET /api/v1/complaints/?page=1&page_size=15 HTTP/1.1" 401 293
[WARNING] 2026-08-09 23:25:19,888 log 8968 20168 Unauthorized: /api/v1/complaints/
[WARNING] 2026-08-09 23:25:19,889 basehttp 8968 20168 "GET /api/v1/complaints/?page_size=1 HTTP/1.1" 401 293
[WARNING] 2026-08-09 23:25:20,024 log 8968 18472 Unauthorized: /api/v1/complaints/
[WARNING] 2026-08-09 23:25:20,026 basehttp 8968 18472 "GET /api/v1/complaints/?status=confirmed&page_size=1 HTTP/1.1" 401 293
[WARNING] 2026-08-09 23:25:20,090 log 8968 19476 Unauthorized: /api/v1/complaints/
[WARNING] 2026-08-09 23:25:20,093 basehttp 8968 19476 "GET /api/v1/complaints/?status=submitted&page_size=1 HTTP/1.1" 401 293
[WARNING] 2026-08-09 23:25:20,172 log 8968 19264 Unauthorized: /api/v1/complaints/
[WARNING] 2026-08-09 23:25:20,173 basehttp 8968 19264 "GET /api/v1/complaints/?status=closed&page_size=1 HTTP/1.1" 401 293
[WARNING] 2026-08-09 23:25:20,309 log 8968 18472 Unauthorized: /api/v1/complaints/
[WARNING] 2026-08-09 23:25:20,310 basehttp 8968 18472 "GET /api/v1/complaints/?page_size=1 HTTP/1.1" 401 293
[WARNING] 2026-08-09 23:25:20,414 log 8968 19476 Unauthorized: /api/v1/complaints/
[WARNING] 2026-08-09 23:25:20,414 basehttp 8968 19476 "GET /api/v1/complaints/?status=confirmed&page_size=1 HTTP/1.1" 401 293
[WARNING] 2026-08-09 23:25:20,422 log 8968 19324 Unauthorized: /api/v1/complaints/
[WARNING] 2026-08-09 23:25:20,423 basehttp 8968 19324 "GET /api/v1/complaints/?page=1&page_size=15 HTTP/1.1" 401 293
[WARNING] 2026-08-09 23:25:20,494 log 8968 19264 Unauthorized: /api/v1/complaints/
[WARNING] 2026-08-09 23:25:20,496 basehttp 8968 19264 "GET /api/v1/complaints/?status=submitted&page_size=1 HTTP/1.1" 401 293
[WARNING] 2026-08-09 23:25:20,596 log 8968 5188 Unauthorized: /api/v1/complaints/
[WARNING] 2026-08-09 23:25:20,597 basehttp 8968 5188 "GET /api/v1/complaints/?status=reviewing&page_size=1 HTTP/1.1" 401 293
[INFO] 2026-08-09 23:25:20,622 basehttp 8968 20168 "POST /api/v1/auth/token/refresh/ HTTP/1.1" 200 384
[WARNING] 2026-08-09 23:25:20,726 log 8968 18472 Unauthorized: /api/v1/complaints/
[WARNING] 2026-08-09 23:25:20,727 basehttp 8968 18472 "GET /api/v1/complaints/?status=closed&page_size=1 HTTP/1.1" 401 293
[INFO] 2026-08-09 23:25:20,993 basehttp 8968 18472 "POST /api/v1/auth/token/refresh/ HTTP/1.1" 200 384
[WARNING] 2026-08-09 23:25:21,085 log 8968 20168 Unauthorized: /api/v1/complaints/
[WARNING] 2026-08-09 23:25:21,086 basehttp 8968 20168 "GET /api/v1/complaints/?page=1&page_size=15 HTTP/1.1" 401 293
[WARNING] 2026-08-09 23:25:21,213 log 8968 5188 Unauthorized: /api/v1/complaints/
[WARNING] 2026-08-09 23:25:21,221 basehttp 8968 5188 "GET /api/v1/complaints/?page_size=1 HTTP/1.1" 401 293
[WARNING] 2026-08-09 23:25:21,240 log 8968 19476 Unauthorized: /api/v1/complaints/
[WARNING] 2026-08-09 23:25:21,241 basehttp 8968 19476 "GET /api/v1/complaints/?status=confirmed&page_size=1 HTTP/1.1" 401 293
[WARNING] 2026-08-09 23:25:21,374 log 8968 18472 Unauthorized: /api/v1/complaints/
[WARNING] 2026-08-09 23:25:21,375 basehttp 8968 18472 "GET /api/v1/complaints/?status=closed&page_size=1 HTTP/1.1" 401 293
[WARNING] 2026-08-09 23:25:21,488 log 8968 20168 Unauthorized: /api/v1/complaints/
[WARNING] 2026-08-09 23:25:21,489 basehttp 8968 20168 "GET /api/v1/complaints/?page=1&page_size=15 HTTP/1.1" 401 293
[WARNING] 2026-08-09 23:25:21,531 log 8968 19264 Unauthorized: /api/v1/complaints/
[WARNING] 2026-08-09 23:25:21,532 basehttp 8968 19264 "GET /api/v1/complaints/?status=reviewing&page_size=1 HTTP/1.1" 401 293
[WARNING] 2026-08-09 23:25:21,553 log 8968 19324 Unauthorized: /api/v1/complaints/
[WARNING] 2026-08-09 23:25:21,555 basehttp 8968 19324 "GET /api/v1/complaints/?status=submitted&page_size=1 HTTP/1.1" 401 293
[INFO] 2026-08-09 23:25:21,694 basehttp 8968 19476 "POST /api/v1/auth/token/refresh/ HTTP/1.1" 200 384
[WARNING] 2026-08-09 23:25:21,823 log 8968 20168 Unauthorized: /api/v1/complaints/
[WARNING] 2026-08-09 23:25:21,824 basehttp 8968 20168 "GET /api/v1/complaints/?status=reviewing&page_size=1 HTTP/1.1" 401 293
[WARNING] 2026-08-09 23:25:22,001 log 8968 19264 Unauthorized: /api/v1/complaints/
[WARNING] 2026-08-09 23:25:22,002 basehttp 8968 19264 "GET /api/v1/complaints/?status=submitted&page_size=1 HTTP/1.1" 401 293
[WARNING] 2026-08-09 23:25:22,146 log 8968 18472 Unauthorized: /api/v1/complaints/
[WARNING] 2026-08-09 23:25:22,146 basehttp 8968 18472 "GET /api/v1/complaints/?status=reviewing&page_size=1 HTTP/1.1" 401 293
[WARNING] 2026-08-09 23:25:22,154 log 8968 5188 Unauthorized: /api/v1/complaints/
[WARNING] 2026-08-09 23:25:22,154 basehttp 8968 5188 "GET /api/v1/complaints/?page_size=1 HTTP/1.1" 401 293
[WARNING] 2026-08-09 23:25:22,219 log 8968 19324 Unauthorized: /api/v1/complaints/
[WARNING] 2026-08-09 23:25:22,220 basehttp 8968 19324 "GET /api/v1/complaints/?page=1&page_size=15 HTTP/1.1" 401 293
[WARNING] 2026-08-09 23:25:22,296 log 8968 19264 Unauthorized: /api/v1/complaints/
[WARNING] 2026-08-09 23:25:22,296 basehttp 8968 19264 "GET /api/v1/complaints/?status=submitted&page_size=1 HTTP/1.1" 401 293
[WARNING] 2026-08-09 23:25:22,373 log 8968 19476 Unauthorized: /api/v1/complaints/
[WARNING] 2026-08-09 23:25:22,373 basehttp 8968 19476 "GET /api/v1/complaints/?status=confirmed&page_size=1 HTTP/1.1" 401 293
[WARNING] 2026-08-09 23:25:22,461 log 8968 18472 Unauthorized: /api/v1/complaints/
[WARNING] 2026-08-09 23:25:22,462 basehttp 8968 18472 "GET /api/v1/complaints/?page_size=1 HTTP/1.1" 401 293
[INFO] 2026-08-09 23:25:22,468 basehttp 8968 20168 "POST /api/v1/auth/token/refresh/ HTTP/1.1" 200 384
[WARNING] 2026-08-09 23:25:22,659 log 8968 19476 Unauthorized: /api/v1/complaints/
[WARNING] 2026-08-09 23:25:22,661 basehttp 8968 19476 "GET /api/v1/complaints/?page_size=1 HTTP/1.1" 401 293
[WARNING] 2026-08-09 23:25:22,790 log 8968 19324 Unauthorized: /api/v1/complaints/
[WARNING] 2026-08-09 23:25:22,791 basehttp 8968 19324 "GET /api/v1/complaints/?status=confirmed&page_size=1 HTTP/1.1" 401 293
[WARNING] 2026-08-09 23:25:22,860 log 8968 19264 Unauthorized: /api/v1/complaints/
[WARNING] 2026-08-09 23:25:22,862 basehttp 8968 19264 "GET /api/v1/complaints/?page=1&page_size=15 HTTP/1.1" 401 293
[WARNING] 2026-08-09 23:25:22,919 log 8968 20168 Unauthorized: /api/v1/complaints/
[WARNING] 2026-08-09 23:25:22,920 basehttp 8968 20168 "GET /api/v1/complaints/?status=reviewing&page_size=1 HTTP/1.1" 401 293
[WARNING] 2026-08-09 23:25:22,994 log 8968 18472 Unauthorized: /api/v1/complaints/
[WARNING] 2026-08-09 23:25:22,996 basehttp 8968 18472 "GET /api/v1/complaints/?status=submitted&page_size=1 HTTP/1.1" 401 293
[INFO] 2026-08-09 23:25:23,096 basehttp 8968 19476 "POST /api/v1/auth/token/refresh/ HTTP/1.1" 200 384
[WARNING] 2026-08-09 23:25:23,201 log 8968 19264 Unauthorized: /api/v1/complaints/
[WARNING] 2026-08-09 23:25:23,201 basehttp 8968 19264 "GET /api/v1/complaints/?status=reviewing&page_size=1 HTTP/1.1" 401 293
[WARNING] 2026-08-09 23:25:23,384 log 8968 19324 Unauthorized: /api/v1/complaints/
[WARNING] 2026-08-09 23:25:23,388 basehttp 8968 19324 "GET /api/v1/complaints/?page=1&page_size=15 HTTP/1.1" 401 293
[WARNING] 2026-08-09 23:25:23,496 log 8968 19476 Unauthorized: /api/v1/complaints/
[WARNING] 2026-08-09 23:25:23,498 basehttp 8968 19476 "GET /api/v1/complaints/?page_size=1 HTTP/1.1" 401 293
[WARNING] 2026-08-09 23:25:23,543 log 8968 20168 Unauthorized: /api/v1/complaints/
[WARNING] 2026-08-09 23:25:23,545 basehttp 8968 20168 "GET /api/v1/complaints/?status=submitted&page_size=1 HTTP/1.1" 401 293
[INFO] 2026-08-09 23:25:23,566 basehttp 8968 19264 "POST /api/v1/auth/token/refresh/ HTTP/1.1" 200 384
[WARNING] 2026-08-09 23:25:23,655 log 8968 18472 Unauthorized: /api/v1/complaints/
[WARNING] 2026-08-09 23:25:23,656 basehttp 8968 18472 "GET /api/v1/complaints/?status=confirmed&page_size=1 HTTP/1.1" 401 293
[WARNING] 2026-08-09 23:25:23,803 log 8968 19476 Unauthorized: /api/v1/complaints/
[WARNING] 2026-08-09 23:25:23,804 basehttp 8968 19476 "GET /api/v1/complaints/?status=submitted&page_size=1 HTTP/1.1" 401 293
[WARNING] 2026-08-09 23:25:23,931 log 8968 20168 Unauthorized: /api/v1/complaints/
[WARNING] 2026-08-09 23:25:23,932 basehttp 8968 20168 "GET /api/v1/complaints/?page=1&page_size=15 HTTP/1.1" 401 293
[WARNING] 2026-08-09 23:25:23,988 log 8968 19264 Unauthorized: /api/v1/complaints/
[WARNING] 2026-08-09 23:25:23,990 basehttp 8968 19264 "GET /api/v1/complaints/?status=reviewing&page_size=1 HTTP/1.1" 401 293
[WARNING] 2026-08-09 23:25:24,047 log 8968 19324 Unauthorized: /api/v1/complaints/
[WARNING] 2026-08-09 23:25:24,081 basehttp 8968 19324 "GET /api/v1/complaints/?status=submitted&page_size=1 HTTP/1.1" 401 293
[INFO] 2026-08-09 23:25:24,092 basehttp 8968 18472 "POST /api/v1/auth/token/refresh/ HTTP/1.1" 200 384
[WARNING] 2026-08-09 23:25:24,276 log 8968 18472 Unauthorized: /api/v1/complaints/
[WARNING] 2026-08-09 23:25:24,332 log 8968 19324 Unauthorized: /api/v1/complaints/
[WARNING] 2026-08-09 23:25:24,377 log 8968 19264 Unauthorized: /api/v1/complaints/
[WARNING] 2026-08-09 23:25:24,458 basehttp 8968 19324 "GET /api/v1/complaints/?status=submitted&page_size=1 HTTP/1.1" 401 293
[WARNING] 2026-08-09 23:25:24,459 basehttp 8968 18472 "GET /api/v1/complaints/?status=confirmed&page_size=1 HTTP/1.1" 401 293
[WARNING] 2026-08-09 23:25:24,463 basehttp 8968 19264 "GET /api/v1/complaints/?page=1&page_size=15 HTTP/1.1" 401 293
[WARNING] 2026-08-09 23:25:24,628 log 8968 20168 Unauthorized: /api/v1/complaints/
[WARNING] 2026-08-09 23:25:24,629 basehttp 8968 20168 "GET /api/v1/complaints/?status=submitted&page_size=1 HTTP/1.1" 401 293
[INFO] 2026-08-09 23:25:24,708 basehttp 8968 19324 "POST /api/v1/auth/token/refresh/ HTTP/1.1" 200 384
[WARNING] 2026-08-09 23:25:24,853 log 8968 20168 Unauthorized: /api/v1/complaints/
[WARNING] 2026-08-09 23:25:24,855 basehttp 8968 20168 "GET /api/v1/complaints/?page=1&page_size=15 HTTP/1.1" 401 293
[WARNING] 2026-08-09 23:25:24,954 log 8968 19324 Unauthorized: /api/v1/complaints/
[WARNING] 2026-08-09 23:25:24,968 basehttp 8968 19324 "GET /api/v1/complaints/?status=submitted&page_size=1 HTTP/1.1" 401 293
[INFO] 2026-08-09 23:25:25,125 basehttp 8968 20168 "POST /api/v1/auth/token/refresh/ HTTP/1.1" 200 384
[WARNING] 2026-08-09 23:25:25,172 log 8968 19264 Unauthorized: /api/v1/complaints/
[WARNING] 2026-08-09 23:25:25,173 basehttp 8968 19264 "GET /api/v1/complaints/?status=submitted&page_size=1 HTTP/1.1" 401 293
[WARNING] 2026-08-09 23:25:25,445 log 8968 20168 Unauthorized: /api/v1/complaints/
[WARNING] 2026-08-09 23:25:25,447 basehttp 8968 20168 "GET /api/v1/complaints/?page=1&page_size=15 HTTP/1.1" 401 293
[INFO] 2026-08-09 23:25:25,562 basehttp 8968 19264 "POST /api/v1/auth/token/refresh/ HTTP/1.1" 200 384
[WARNING] 2026-08-09 23:25:25,684 log 8968 19264 Unauthorized: /api/v1/complaints/
[WARNING] 2026-08-09 23:25:25,685 basehttp 8968 19264 "GET /api/v1/complaints/?status=submitted&page_size=1 HTTP/1.1" 401 293
[INFO] 2026-08-09 23:25:26,464 basehttp 8968 20168 "OPTIONS /api/v1/auth/me/ HTTP/1.1" 200 0
[INFO] 2026-08-09 23:25:26,464 basehttp 8968 19264 "OPTIONS /api/v1/auth/me/ HTTP/1.1" 200 0
[WARNING] 2026-08-09 23:25:27,480 log 8968 20168 Unauthorized: /api/v1/auth/me/
[WARNING] 2026-08-09 23:25:27,481 basehttp 8968 20168 "GET /api/v1/auth/me/ HTTP/1.1" 401 293
[WARNING] 2026-08-09 23:25:27,624 log 8968 19264 Unauthorized: /api/v1/auth/me/
[WARNING] 2026-08-09 23:25:27,625 basehttp 8968 19264 "GET /api/v1/auth/me/ HTTP/1.1" 401 293
[INFO] 2026-08-09 23:25:27,713 basehttp 8968 20168 "POST /api/v1/auth/token/refresh/ HTTP/1.1" 200 384
[WARNING] 2026-08-09 23:25:27,806 log 8968 20168 Unauthorized: /api/v1/auth/me/
[WARNING] 2026-08-09 23:25:27,806 basehttp 8968 20168 "GET /api/v1/auth/me/ HTTP/1.1" 401 293
[WARNING] 2026-08-09 23:25:27,903 log 8968 19264 Unauthorized: /api/v1/auth/me/
[WARNING] 2026-08-09 23:25:27,904 basehttp 8968 19264 "GET /api/v1/auth/me/ HTTP/1.1" 401 293
[INFO] 2026-08-09 23:25:28,067 basehttp 8968 19264 "POST /api/v1/auth/token/refresh/ HTTP/1.1" 200 384
[WARNING] 2026-08-09 23:25:28,165 log 8968 19264 Unauthorized: /api/v1/auth/me/
[WARNING] 2026-08-09 23:25:28,165 basehttp 8968 19264 "GET /api/v1/auth/me/ HTTP/1.1" 401 293
[INFO] 2026-08-09 23:25:37,753 basehttp 8968 19264 "OPTIONS /api/v1/auth/login/ HTTP/1.1" 200 0
[WARNING] 2026-08-09 23:25:37,834 log 8968 19264 Unauthorized: /api/v1/auth/login/
[WARNING] 2026-08-09 23:25:37,834 basehttp 8968 19264 "POST /api/v1/auth/login/ HTTP/1.1" 401 293
[WARNING] 2026-08-09 23:26:05,974 log 8968 19264 Unauthorized: /api/v1/auth/login/
[WARNING] 2026-08-09 23:26:05,975 basehttp 8968 19264 "POST /api/v1/auth/login/ HTTP/1.1" 401 293
[WARNING] 2026-08-09 23:26:07,173 log 8968 19264 Unauthorized: /api/v1/auth/login/
[WARNING] 2026-08-09 23:26:07,174 basehttp 8968 19264 "POST /api/v1/auth/login/ HTTP/1.1" 401 293
[WARNING] 2026-08-09 23:26:07,421 log 8968 19264 Unauthorized: /api/v1/auth/login/
[WARNING] 2026-08-09 23:26:07,421 basehttp 8968 19264 "POST /api/v1/auth/login/ HTTP/1.1" 401 293
[WARNING] 2026-08-09 23:26:07,608 log 8968 19264 Unauthorized: /api/v1/auth/login/
[WARNING] 2026-08-09 23:26:07,609 basehttp 8968 19264 "POST /api/v1/auth/login/ HTTP/1.1" 401 293
[INFO] 2026-08-09 23:26:24,813 base_service 8968 19264 User logged in with password: 09123456789
[INFO] 2026-08-09 23:26:24,963 basehttp 8968 19264 "POST /api/v1/auth/login/ HTTP/1.1" 200 1353
[INFO] 2026-08-09 23:26:25,892 basehttp 8968 19264 "GET /api/v1/auth/me/ HTTP/1.1" 200 569
[INFO] 2026-08-09 23:26:26,073 basehttp 8968 20168 "GET /api/v1/auth/me/ HTTP/1.1" 200 569
[INFO] 2026-08-09 23:26:26,823 basehttp 8968 5188 "GET /api/v1/complaints/?page=1&page_size=15 HTTP/1.1" 200 551
[INFO] 2026-08-09 23:26:27,214 basehttp 8968 19264 "GET /api/v1/complaints/?status=submitted&page_size=1 HTTP/1.1" 200 109
[INFO] 2026-08-09 23:26:27,223 basehttp 8968 18472 "GET /api/v1/complaints/?status=confirmed&page_size=1 HTTP/1.1" 200 109
[INFO] 2026-08-09 23:26:27,680 basehttp 8968 5188 "GET /api/v1/complaints/?page=1&page_size=15 HTTP/1.1" 200 551
[INFO] 2026-08-09 23:26:27,790 basehttp 8968 20168 "GET /api/v1/complaints/?page_size=1 HTTP/1.1" 200 551
[INFO] 2026-08-09 23:26:28,014 basehttp 8968 19476 "GET /api/v1/complaints/?status=closed&page_size=1 HTTP/1.1" 200 109
[INFO] 2026-08-09 23:26:28,163 basehttp 8968 19324 "GET /api/v1/complaints/?status=reviewing&page_size=1 HTTP/1.1" 200 551
[INFO] 2026-08-09 23:26:28,212 basehttp 8968 19264 "GET /api/v1/complaints/?status=submitted&page_size=1 HTTP/1.1" 200 109
[INFO] 2026-08-09 23:26:28,460 basehttp 8968 18472 "GET /api/v1/complaints/?status=confirmed&page_size=1 HTTP/1.1" 200 109
[INFO] 2026-08-09 23:26:28,612 basehttp 8968 5188 "GET /api/v1/complaints/?page_size=1 HTTP/1.1" 200 551
[INFO] 2026-08-09 23:26:28,727 basehttp 8968 20168 "GET /api/v1/complaints/?status=closed&page_size=1 HTTP/1.1" 200 109
[INFO] 2026-08-09 23:26:28,775 basehttp 8968 19476 "GET /api/v1/complaints/?status=reviewing&page_size=1 HTTP/1.1" 200 551
[INFO] 2026-08-10 00:50:34,635 autoreload 21848 17940 Watching for file changes with StatReloader
[INFO] 2026-08-10 00:50:54,100 basehttp 21848 2024 "GET /admin HTTP/1.1" 301 0
[INFO] 2026-08-10 00:50:54,803 basehttp 21848 15768 "GET /admin/ HTTP/1.1" 302 0
[INFO] 2026-08-10 00:50:55,106 basehttp 21848 15768 "GET /admin/login/?next=/admin/ HTTP/1.1" 200 17391
[INFO] 2026-08-10 00:50:55,131 basehttp 21848 15768 "GET /static/admin/css/base.css HTTP/1.1" 200 21310
[INFO] 2026-08-10 00:50:55,136 basehttp 21848 13736 "GET /static/admin/css/dark_mode.css HTTP/1.1" 200 2929
[INFO] 2026-08-10 00:50:55,137 basehttp 21848 13384 "GET /static/admin/css/nav_sidebar.css HTTP/1.1" 200 2694
[INFO] 2026-08-10 00:50:55,137 basehttp 21848 18524 "GET /static/admin/css/login.css HTTP/1.1" 200 958
[INFO] 2026-08-10 00:50:55,140 basehttp 21848 15768 "GET /static/debug_toolbar/js/toolbar.js HTTP/1.1" 200 14601
[INFO] 2026-08-10 00:50:55,142 basehttp 21848 19208 "GET /static/admin/css/responsive.css HTTP/1.1" 200 18559
[INFO] 2026-08-10 00:50:55,145 basehttp 21848 15440 "GET /static/debug_toolbar/css/toolbar.css HTTP/1.1" 200 16675
[INFO] 2026-08-10 00:50:55,147 basehttp 21848 18524 "GET /static/admin/js/nav_sidebar.js HTTP/1.1" 200 3063
[INFO] 2026-08-10 00:50:55,148 basehttp 21848 15768 "GET /static/admin/js/theme.js HTTP/1.1" 200 1943
[INFO] 2026-08-10 00:50:55,148 basehttp 21848 19208 "GET /static/debug_toolbar/css/print.css HTTP/1.1" 200 43
[INFO] 2026-08-10 00:50:55,412 basehttp 21848 19208 "GET /static/debug_toolbar/js/utils.js HTTP/1.1" 200 4742
[WARNING] 2026-08-10 00:50:55,626 log 21848 19208 Not Found: /favicon.ico
[WARNING] 2026-08-10 00:50:55,627 basehttp 21848 19208 "GET /favicon.ico HTTP/1.1" 404 16654
[INFO] 2026-08-10 00:51:27,973 basehttp 21848 4980 "OPTIONS /api/v1/auth/login/ HTTP/1.1" 200 0
[INFO] 2026-08-10 00:51:28,620 base_service 21848 4980 User logged in with password: 09123456789
[INFO] 2026-08-10 00:51:28,780 basehttp 21848 4980 "POST /api/v1/auth/login/ HTTP/1.1" 200 1353
[INFO] 2026-08-10 00:51:29,632 basehttp 21848 13064 "OPTIONS /api/v1/auth/me/ HTTP/1.1" 200 0
[INFO] 2026-08-10 00:51:29,633 basehttp 21848 4980 "OPTIONS /api/v1/auth/me/ HTTP/1.1" 200 0
[INFO] 2026-08-10 00:51:29,829 basehttp 21848 13064 "GET /api/v1/auth/me/ HTTP/1.1" 200 569
[INFO] 2026-08-10 00:51:29,912 basehttp 21848 13064 "OPTIONS /api/v1/auth/users/?page=1&page_size=10 HTTP/1.1" 200 0
[INFO] 2026-08-10 00:51:29,925 basehttp 21848 13064 "OPTIONS /api/v1/auth/users/?page=1&page_size=10 HTTP/1.1" 200 0
[INFO] 2026-08-10 00:51:30,088 basehttp 21848 4980 "GET /api/v1/auth/me/ HTTP/1.1" 200 569
[INFO] 2026-08-10 00:51:30,358 basehttp 21848 13064 "GET /api/v1/auth/users/?page=1&page_size=10 HTTP/1.1" 200 2822
[INFO] 2026-08-10 00:51:30,572 basehttp 21848 4980 "GET /api/v1/auth/users/?page=1&page_size=10 HTTP/1.1" 200 2822
[INFO] 2026-08-10 00:52:21,523 basehttp 21848 4980 "OPTIONS /api/v1/complaints/?page_size=1 HTTP/1.1" 200 0
[INFO] 2026-08-10 00:52:21,523 basehttp 21848 13064 "OPTIONS /api/v1/complaints/?status=submitted&page_size=1 HTTP/1.1" 200 0
[INFO] 2026-08-10 00:52:21,524 basehttp 21848 14692 "OPTIONS /api/v1/complaints/?status=confirmed&page_size=1 HTTP/1.1" 200 0
[INFO] 2026-08-10 00:52:21,524 basehttp 21848 10756 "OPTIONS /api/v1/complaints/?status=reviewing&page_size=1 HTTP/1.1" 200 0
[INFO] 2026-08-10 00:52:21,531 basehttp 21848 4980 "OPTIONS /api/v1/complaints/?status=closed&page_size=1 HTTP/1.1" 200 0
[INFO] 2026-08-10 00:52:21,532 basehttp 21848 13064 "OPTIONS /api/v1/complaints/?page=1&page_size=15 HTTP/1.1" 200 0
[INFO] 2026-08-10 00:52:21,532 basehttp 21848 10756 "OPTIONS /api/v1/complaints/?status=submitted&page_size=1 HTTP/1.1" 200 0
[INFO] 2026-08-10 00:52:21,532 basehttp 21848 14692 "OPTIONS /api/v1/complaints/?page_size=1 HTTP/1.1" 200 0
[INFO] 2026-08-10 00:52:21,533 basehttp 21848 4980 "OPTIONS /api/v1/complaints/?status=reviewing&page_size=1 HTTP/1.1" 200 0
[INFO] 2026-08-10 00:52:21,537 basehttp 21848 13064 "OPTIONS /api/v1/complaints/?status=confirmed&page_size=1 HTTP/1.1" 200 0
[INFO] 2026-08-10 00:52:21,538 basehttp 21848 10756 "OPTIONS /api/v1/complaints/?page=1&page_size=15 HTTP/1.1" 200 0
[INFO] 2026-08-10 00:52:21,544 basehttp 21848 14692 "OPTIONS /api/v1/complaints/?status=closed&page_size=1 HTTP/1.1" 200 0
[INFO] 2026-08-10 00:52:22,037 basehttp 21848 13064 "GET /api/v1/complaints/?status=submitted&page_size=1 HTTP/1.1" 200 109
[INFO] 2026-08-10 00:52:22,135 basehttp 21848 10756 "GET /api/v1/complaints/?status=confirmed&page_size=1 HTTP/1.1" 200 109
[INFO] 2026-08-10 00:52:22,689 basehttp 21848 13064 "GET /api/v1/complaints/?status=submitted&page_size=1 HTTP/1.1" 200 109
[INFO] 2026-08-10 00:52:22,974 basehttp 21848 17172 "GET /api/v1/complaints/?status=closed&page_size=1 HTTP/1.1" 200 109
[INFO] 2026-08-10 00:52:23,189 basehttp 21848 10756 "GET /api/v1/complaints/?status=confirmed&page_size=1 HTTP/1.1" 200 109
[INFO] 2026-08-10 00:52:23,482 basehttp 21848 14692 "GET /api/v1/complaints/?status=reviewing&page_size=1 HTTP/1.1" 200 551
[INFO] 2026-08-10 00:52:23,746 basehttp 21848 4980 "GET /api/v1/complaints/?page_size=1 HTTP/1.1" 200 551
[INFO] 2026-08-10 00:52:23,927 basehttp 21848 13064 "GET /api/v1/complaints/?status=closed&page_size=1 HTTP/1.1" 200 109
[INFO] 2026-08-10 00:52:24,041 basehttp 21848 6092 "GET /api/v1/complaints/?page=1&page_size=15 HTTP/1.1" 200 551
[INFO] 2026-08-10 00:52:24,203 basehttp 21848 10756 "GET /api/v1/complaints/?status=reviewing&page_size=1 HTTP/1.1" 200 551
[INFO] 2026-08-10 00:52:24,464 basehttp 21848 14692 "GET /api/v1/complaints/?page_size=1 HTTP/1.1" 200 551
[INFO] 2026-08-10 00:52:24,804 basehttp 21848 13064 "GET /api/v1/complaints/?page=1&page_size=15 HTTP/1.1" 200 551
[INFO] 2026-08-10 01:28:51,650 basehttp 21848 14432 "GET /api/v1/auth/me/ HTTP/1.1" 200 569
[INFO] 2026-08-10 01:28:51,781 basehttp 21848 14432 "GET /api/v1/auth/me/ HTTP/1.1" 200 569
[INFO] 2026-08-10 01:28:51,869 basehttp 21848 14432 "OPTIONS /api/v1/complaints/?page_size=100 HTTP/1.1" 200 0
[INFO] 2026-08-10 01:28:51,869 basehttp 21848 12092 "OPTIONS /api/v1/pricing/overpriced/?page_size=5 HTTP/1.1" 200 0
[INFO] 2026-08-10 01:28:51,871 basehttp 21848 14432 "OPTIONS /api/v1/pricing/official-prices/today/?page_size=10 HTTP/1.1" 200 0
[INFO] 2026-08-10 01:28:51,873 basehttp 21848 12092 "OPTIONS /api/v1/stores/?page_size=1 HTTP/1.1" 200 0
[INFO] 2026-08-10 01:28:51,873 basehttp 21848 14432 "OPTIONS /api/v1/complaints/?page_size=100 HTTP/1.1" 200 0
[INFO] 2026-08-10 01:28:51,878 basehttp 21848 12092 "OPTIONS /api/v1/pricing/overpriced/?page_size=5 HTTP/1.1" 200 0
[INFO] 2026-08-10 01:28:51,967 basehttp 21848 17020 "OPTIONS /api/v1/pricing/official-prices/today/?page_size=10 HTTP/1.1" 200 0
[INFO] 2026-08-10 01:28:51,969 basehttp 21848 17020 "OPTIONS /api/v1/stores/?page_size=1 HTTP/1.1" 200 0
[INFO] 2026-08-10 01:28:52,161 basehttp 21848 14432 "GET /api/v1/complaints/?page_size=100 HTTP/1.1" 200 551
[INFO] 2026-08-10 01:28:52,880 basehttp 21848 14432 "GET /api/v1/stores/?page_size=1 HTTP/1.1" 200 416
[INFO] 2026-08-10 01:28:53,026 basehttp 21848 16532 "GET /api/v1/complaints/?page_size=100 HTTP/1.1" 200 551
[WARNING] 2026-08-10 01:28:53,083 log 21848 17020 Bad Request: /api/v1/pricing/official-prices/today/
[WARNING] 2026-08-10 01:28:53,085 basehttp 21848 17020 "GET /api/v1/pricing/official-prices/today/?page_size=10 HTTP/1.1" 400 75
[INFO] 2026-08-10 01:28:53,132 basehttp 21848 12092 "GET /api/v1/pricing/overpriced/?page_size=5 HTTP/1.1" 200 26
[WARNING] 2026-08-10 01:28:53,465 log 21848 16532 Bad Request: /api/v1/pricing/official-prices/today/
[WARNING] 2026-08-10 01:28:53,466 basehttp 21848 16532 "GET /api/v1/pricing/official-prices/today/?page_size=10 HTTP/1.1" 400 75
[INFO] 2026-08-10 01:28:53,600 basehttp 21848 4168 "GET /api/v1/stores/?page_size=1 HTTP/1.1" 200 416
[INFO] 2026-08-10 01:28:53,610 basehttp 21848 17020 "GET /api/v1/pricing/overpriced/?page_size=5 HTTP/1.1" 200 26
[INFO] 2026-08-10 01:28:58,331 basehttp 21848 17020 "GET /api/v1/complaints/?page_size=1 HTTP/1.1" 200 551
[INFO] 2026-08-10 01:28:58,701 basehttp 21848 4168 "GET /api/v1/complaints/?status=submitted&page_size=1 HTTP/1.1" 200 109
[INFO] 2026-08-10 01:28:58,801 basehttp 21848 17020 "GET /api/v1/complaints/?page_size=1 HTTP/1.1" 200 551
[INFO] 2026-08-10 01:28:58,863 basehttp 21848 14432 "GET /api/v1/complaints/?status=closed&page_size=1 HTTP/1.1" 200 109
[INFO] 2026-08-10 01:28:59,029 basehttp 21848 12092 "GET /api/v1/complaints/?status=confirmed&page_size=1 HTTP/1.1" 200 109
[INFO] 2026-08-10 01:28:59,369 basehttp 21848 17020 "GET /api/v1/complaints/?status=closed&page_size=1 HTTP/1.1" 200 109
[INFO] 2026-08-10 01:28:59,542 basehttp 21848 14432 "GET /api/v1/complaints/?status=confirmed&page_size=1 HTTP/1.1" 200 109
[INFO] 2026-08-10 01:28:59,552 basehttp 21848 17824 "GET /api/v1/complaints/?page=1&page_size=15 HTTP/1.1" 200 551
[INFO] 2026-08-10 01:28:59,685 basehttp 21848 4168 "GET /api/v1/complaints/?status=submitted&page_size=1 HTTP/1.1" 200 109
[INFO] 2026-08-10 01:28:59,747 basehttp 21848 16532 "GET /api/v1/complaints/?status=reviewing&page_size=1 HTTP/1.1" 200 551
[INFO] 2026-08-10 01:29:00,099 basehttp 21848 14432 "GET /api/v1/complaints/?page=1&page_size=15 HTTP/1.1" 200 551
[INFO] 2026-08-10 01:29:00,243 basehttp 21848 4168 "GET /api/v1/complaints/?status=reviewing&page_size=1 HTTP/1.1" 200 551
[INFO] 2026-08-10 01:30:58,430 basehttp 21848 4168 "GET /api/v1/auth/me/ HTTP/1.1" 200 569
[INFO] 2026-08-10 01:30:58,656 basehttp 21848 14432 "GET /api/v1/auth/me/ HTTP/1.1" 200 569
[WARNING] 2026-08-10 01:30:59,553 log 21848 16532 Bad Request: /api/v1/pricing/official-prices/today/
[WARNING] 2026-08-10 01:30:59,554 basehttp 21848 16532 "GET /api/v1/pricing/official-prices/today/?page_size=10 HTTP/1.1" 400 75
[INFO] 2026-08-10 01:30:59,677 basehttp 21848 17824 "GET /api/v1/stores/?page_size=1 HTTP/1.1" 200 416
[INFO] 2026-08-10 01:30:59,762 basehttp 21848 4168 "GET /api/v1/pricing/overpriced/?page_size=5 HTTP/1.1" 200 26
[INFO] 2026-08-10 01:30:59,799 basehttp 21848 14432 "GET /api/v1/complaints/?page_size=100 HTTP/1.1" 200 551
[INFO] 2026-08-10 01:31:00,382 basehttp 21848 16532 "GET /api/v1/stores/?page_size=1 HTTP/1.1" 200 416
[WARNING] 2026-08-10 01:31:00,394 log 21848 17020 Bad Request: /api/v1/pricing/official-prices/today/
[WARNING] 2026-08-10 01:31:00,395 basehttp 21848 17020 "GET /api/v1/pricing/official-prices/today/?page_size=10 HTTP/1.1" 400 75
[INFO] 2026-08-10 01:31:00,507 basehttp 21848 17824 "GET /api/v1/pricing/overpriced/?page_size=5 HTTP/1.1" 200 26
[INFO] 2026-08-10 01:31:00,562 basehttp 21848 4168 "GET /api/v1/complaints/?page_size=100 HTTP/1.1" 200 551
[INFO] 2026-08-10 02:02:13,840 basehttp 21848 8764 "GET /api/v1/auth/me/ HTTP/1.1" 200 569
[INFO] 2026-08-10 02:02:14,019 basehttp 21848 9868 "GET /api/v1/auth/me/ HTTP/1.1" 200 569
[INFO] 2026-08-10 02:02:14,484 basehttp 21848 9868 "GET /api/v1/complaints/?page_size=100 HTTP/1.1" 200 551
[INFO] 2026-08-10 02:02:14,723 basehttp 21848 8764 "GET /api/v1/pricing/overpriced/?page_size=5 HTTP/1.1" 200 26
[INFO] 2026-08-10 02:02:15,147 basehttp 21848 8764 "GET /api/v1/pricing/overpriced/?page_size=5 HTTP/1.1" 200 26
[WARNING] 2026-08-10 02:02:15,153 log 21848 2444 Bad Request: /api/v1/pricing/official-prices/today/
[WARNING] 2026-08-10 02:02:15,154 basehttp 21848 2444 "GET /api/v1/pricing/official-prices/today/?page_size=10 HTTP/1.1" 400 75
[INFO] 2026-08-10 02:02:15,371 basehttp 21848 5356 "GET /api/v1/stores/?page_size=1 HTTP/1.1" 200 416
[INFO] 2026-08-10 02:02:15,433 basehttp 21848 9868 "GET /api/v1/complaints/?page_size=100 HTTP/1.1" 200 551
[WARNING] 2026-08-10 02:02:15,607 log 21848 8764 Bad Request: /api/v1/pricing/official-prices/today/
[WARNING] 2026-08-10 02:02:15,610 basehttp 21848 8764 "GET /api/v1/pricing/official-prices/today/?page_size=10 HTTP/1.1" 400 75
[INFO] 2026-08-10 02:02:15,753 basehttp 21848 2444 "GET /api/v1/stores/?page_size=1 HTTP/1.1" 200 416
[INFO] 2026-08-10 02:02:49,923 basehttp 21848 19840 "GET /api/v1/complaints/?status=closed&page_size=1 HTTP/1.1" 200 109
[INFO] 2026-08-10 02:02:50,126 basehttp 21848 16768 "GET /api/v1/complaints/?page=1&page_size=15 HTTP/1.1" 200 551
[INFO] 2026-08-10 02:02:50,173 basehttp 21848 9868 "GET /api/v1/complaints/?status=reviewing&page_size=1 HTTP/1.1" 200 551
[INFO] 2026-08-10 02:02:50,604 basehttp 21848 8764 "GET /api/v1/complaints/?status=submitted&page_size=1 HTTP/1.1" 200 109
[INFO] 2026-08-10 02:02:50,719 basehttp 21848 19840 "GET /api/v1/complaints/?status=closed&page_size=1 HTTP/1.1" 200 109
[INFO] 2026-08-10 02:02:50,798 basehttp 21848 2444 "GET /api/v1/complaints/?page_size=1 HTTP/1.1" 200 551
[INFO] 2026-08-10 02:02:50,979 basehttp 21848 5356 "GET /api/v1/complaints/?status=confirmed&page_size=1 HTTP/1.1" 200 109
[INFO] 2026-08-10 02:02:51,340 basehttp 21848 8764 "GET /api/v1/complaints/?status=submitted&page_size=1 HTTP/1.1" 200 109
[INFO] 2026-08-10 02:02:51,425 basehttp 21848 9868 "GET /api/v1/complaints/?status=reviewing&page_size=1 HTTP/1.1" 200 551
[INFO] 2026-08-10 02:02:51,486 basehttp 21848 2444 "GET /api/v1/complaints/?status=confirmed&page_size=1 HTTP/1.1" 200 109
[INFO] 2026-08-10 02:02:51,602 basehttp 21848 16768 "GET /api/v1/complaints/?page=1&page_size=15 HTTP/1.1" 200 551
[INFO] 2026-08-10 02:02:51,663 basehttp 21848 19840 "GET /api/v1/complaints/?page_size=1 HTTP/1.1" 200 551
[INFO] 2026-08-10 02:04:09,550 basehttp 21848 16768 "OPTIONS /api/v1/complaints/74d4e048-c988-41ff-baa9-4a1dba6a3d6d/ HTTP/1.1" 200 0
[INFO] 2026-08-10 02:04:09,550 basehttp 21848 19840 "OPTIONS /api/v1/complaints/74d4e048-c988-41ff-baa9-4a1dba6a3d6d/ HTTP/1.1" 200 0
[INFO] 2026-08-10 02:04:10,846 basehttp 21848 19840 "GET /api/v1/complaints/74d4e048-c988-41ff-baa9-4a1dba6a3d6d/ HTTP/1.1" 200 965
[INFO] 2026-08-10 02:04:12,580 basehttp 21848 16768 "GET /api/v1/complaints/74d4e048-c988-41ff-baa9-4a1dba6a3d6d/ HTTP/1.1" 200 965
